,,,,,nation,age,min,Shot Stopping,Shot Stopping,Shot Stopping,Shot Stopping,Shot Stopping,Launched,Launched,Launched,Passes,Passes,Passes,Passes,Goal Kicks,Goal Kicks,Goal Kicks,Crosses,Crosses,Crosses,Sweeper,Sweeper,game_id
,,,,,,,,SoTA,GA,Saves,Save%,PSxG,Cmp,Att,Cmp%,Att (GK),Thr,Launch%,AvgLen,Att,Launch%,AvgLen,Opp,Stp,Stp%,#OPA,AvgDist,
league,season,game,team,player,,,,,,,,,,,,,,,,,,,,,,,,
ENG-Premier League,2425,2024-08-16 Manchester Utd-Fulham,Fulham,Bernd Leno,GER,32-165,90,5,1,4,80.0,2.1,2,12,16.7,36,3,27.8,30.5,6,33.3,34.2,17,0,0.0,1,18.3,cc5b4244
ENG-Premier League,2425,2024-08-16 Manchester Utd-Fulham,Manchester United,André Onana,CMR,28-136,90,2,0,2,100.0,0.9,3,10,30.0,29,6,34.5,29.6,0,,,16,2,12.5,4,16.3,cc5b4244
ENG-Premier League,2425,2024-08-17 Arsenal-Wolves,Arsenal,David Raya,ESP,28-337,90,3,0,3,100.0,0.2,5,12,41.7,32,5,21.9,29.4,5,100.0,65.0,11,1,9.1,0,9.0,c0e3342a
ENG-Premier League,2425,2024-08-17 Arsenal-Wolves,Wolverhampton Wanderers,José Sá,POR,31-213,90,6,2,4,66.7,1.7,7,22,31.8,35,1,51.4,38.6,5,80.0,54.0,11,1,9.1,2,15.8,c0e3342a
ENG-Premier League,2425,2024-08-17 Everton-Brighton,Brighton & Hove Albion,Jason Steele,ENG,33-365,90,1,0,1,100.0,0.0,1,6,16.7,60,1,8.3,22.6,2,50.0,43.0,13,0,0.0,1,14.5,71618ace
ENG-Premier League,2425,2024-08-17 Everton-Brighton,Everton,Jordan Pickford,ENG,30-163,90,5,3,2,40.0,2.4,17,31,54.8,43,4,69.8,47.7,4,25.0,29.0,8,1,12.5,5,25.4,71618ace
ENG-Premier League,2425,2024-08-17 Ipswich Town-Liverpool,Ipswich Town,Christian Walton,ENG,28-282,90,5,2,3,60.0,2.3,6,14,42.9,36,7,33.3,30.4,6,33.3,31.3,16,1,6.3,1,13.8,a1d0d529
ENG-Premier League,2425,2024-08-17 Ipswich Town-Liverpool,Liverpool,Alisson,BRA,31-320,90,2,0,2,100.0,0.2,3,9,33.3,49,3,18.4,25.0,2,0.0,6.5,4,0,0.0,1,19.5,a1d0d529
ENG-Premier League,2425,2024-08-17 Newcastle Utd-Southampton,Newcastle United,Nick Pope,ENG,32-120,90,3,0,3,100.0,0.4,7,23,30.4,16,2,81.3,52.4,10,100.0,65.6,24,1,4.2,1,20.5,34557647
ENG-Premier League,2425,2024-08-17 Newcastle Utd-Southampton,Southampton,Alex McCarthy,ENG,34-258,90,1,1,0,0.0,0.6,3,4,75.0,20,3,20.0,23.7,2,0.0,10.5,12,2,16.7,0,7.2,34557647
ENG-Premier League,2425,2024-08-17 Nott'ham Forest-Bournemouth,Bournemouth,Neto,BRA,35-029,90,8,1,7,87.5,1.7,0,8,0.0,27,6,29.6,31.8,6,0.0,13.0,11,0,0.0,3,14.6,4efc72e4
ENG-Premier League,2425,2024-08-17 Nott'ham Forest-Bournemouth,Nottingham Forest,Matz Sels,BEL,32-173,90,4,1,3,75.0,1.2,15,26,57.7,43,3,53.5,38.0,4,75.0,51.3,18,0,0.0,0,9.3,4efc72e4
ENG-Premier League,2425,2024-08-17 West Ham-Aston Villa,Aston Villa,Emiliano Martínez,ARG,31-350,90,3,1,2,100.0,1.3,7,17,41.2,34,4,44.1,37.6,3,66.7,59.0,19,1,5.3,1,14.7,eac7c00b
ENG-Premier League,2425,2024-08-17 West Ham-Aston Villa,West Ham United,Alphonse Areola,FRA,31-172,90,3,2,1,33.3,1.3,7,11,63.6,27,7,29.6,27.4,7,42.9,31.0,11,1,9.1,3,16.9,eac7c00b
ENG-Premier League,2425,2024-08-18 Brentford-Crystal Palace,Brentford,Mark Flekken,NED,31-066,90,6,1,6,83.3,1.0,9,18,50.0,47,5,29.8,34.3,8,50.0,44.0,11,1,9.1,2,14.9,b63822b9
ENG-Premier League,2425,2024-08-18 Brentford-Crystal Palace,Crystal Palace,Dean Henderson,ENG,27-159,90,5,2,3,60.0,2.4,2,11,18.2,15,3,53.3,37.0,10,30.0,25.5,14,0,0.0,2,26.0,b63822b9
ENG-Premier League,2425,2024-08-18 Chelsea-Manchester City,Chelsea,Robert Sánchez,ESP,26-274,90,5,2,3,60.0,0.8,1,5,20.0,23,4,21.7,29.3,6,0.0,14.3,6,1,16.7,0,9.8,67a0c715
ENG-Premier League,2425,2024-08-18 Chelsea-Manchester City,Manchester City,Ederson,BRA,31-001,90,3,0,3,100.0,0.7,4,9,44.4,37,5,21.6,29.5,2,50.0,47.0,12,1,8.3,0,11.0,67a0c715
ENG-Premier League,2425,2024-08-19 Leicester City-Tottenham,Leicester City,Mads Hermansen,DEN,24-039,90,6,1,5,83.3,1.9,3,15,20.0,23,5,47.8,42.6,4,100.0,62.3,23,0,0.0,0,15.5,62eea1d6
ENG-Premier League,2425,2024-08-19 Leicester City-Tottenham,Tottenham Hotspur,Guglielmo Vicario,ITA,27-317,90,3,1,2,66.7,1.3,0,1,0.0,43,6,2.3,18.4,2,0.0,12.0,12,1,8.3,8,28.3,62eea1d6
ENG-Premier League,2425,2024-08-24 Aston Villa-Arsenal,Arsenal,David Raya,ESP,28-344,90,3,0,3,100.0,1.0,3,7,42.9,26,4,19.2,25.3,3,66.7,45.3,6,0,0.0,1,9.7,4692171a
ENG-Premier League,2425,2024-08-24 Aston Villa-Arsenal,Aston Villa,Emiliano Martínez,ARG,31-357,90,4,2,2,50.0,0.9,4,10,40.0,33,5,24.2,28.3,7,28.6,29.9,8,1,12.5,0,10.3,4692171a
ENG-Premier League,2425,2024-08-24 Brighton-Manchester Utd,Brighton & Hove Albion,Jason Steele,ENG,34-006,90,3,1,2,66.7,0.4,6,10,60.0,50,6,20.0,28.2,0,,,9,2,22.2,2,16.7,fc8ab8b2
ENG-Premier League,2425,2024-08-24 Brighton-Manchester Utd,Manchester United,André Onana,CMR,28-144,90,4,2,2,50.0,2.5,9,13,69.2,57,9,22.8,26.2,1,0.0,10.0,9,0,0.0,1,14.6,fc8ab8b2
ENG-Premier League,2425,2024-08-24 Crystal Palace-West Ham,Crystal Palace,Dean Henderson,ENG,27-165,90,3,2,1,33.3,0.9,1,12,8.3,22,4,54.5,39.5,10,0.0,21.6,8,0,0.0,0,2.0,540cfb68
ENG-Premier League,2425,2024-08-24 Crystal Palace-West Ham,West Ham United,Alphonse Areola,FRA,31-179,90,2,0,2,100.0,0.3,8,22,36.4,32,3,40.6,33.8,13,69.2,52.9,15,1,6.7,1,16.8,540cfb68
ENG-Premier League,2425,2024-08-24 Fulham-Leicester City,Fulham,Bernd Leno,GER,32-173,90,4,1,3,75.0,1.7,5,12,41.7,37,2,29.7,32.3,1,100.0,89.0,11,2,18.2,2,12.8,4d0079fb
ENG-Premier League,2425,2024-08-24 Fulham-Leicester City,Leicester City,Mads Hermansen,DEN,24-044,90,6,2,4,66.7,1.9,1,8,12.5,38,8,15.8,27.3,9,22.2,27.4,19,2,10.5,0,5.5,4d0079fb
ENG-Premier League,2425,2024-08-24 Manchester City-Ipswich Town,Ipswich Town,Arijanet Muric,KVX,25-291,90,5,4,1,40.0,3.5,3,10,30.0,30,4,23.3,28.2,6,50.0,44.0,15,0,0.0,3,20.0,a24b7a43
ENG-Premier League,2425,2024-08-24 Manchester City-Ipswich Town,Manchester City,Ederson,BRA,31-007,90,1,1,0,0.0,0.3,1,1,100.0,24,1,4.2,24.1,0,,,5,0,0.0,1,19.5,a24b7a43
ENG-Premier League,2425,2024-08-24 Southampton-Nott'ham Forest,Nottingham Forest,Matz Sels,BEL,32-180,90,1,0,1,100.0,0.0,4,14,28.6,16,0,75.0,50.3,2,100.0,63.5,10,2,20.0,0,3.5,a641f3a0
ENG-Premier League,2425,2024-08-24 Southampton-Nott'ham Forest,Southampton,Alex McCarthy,ENG,34-265,90,8,1,7,87.5,1.6,1,3,33.3,29,8,10.3,21.1,2,0.0,26.5,14,1,7.1,0,6.0,a641f3a0
ENG-Premier League,2425,2024-08-24 Tottenham-Everton,Everton,Jordan Pickford,ENG,30-170,90,7,4,3,42.9,2.6,10,20,50.0,27,2,63.0,42.7,6,50.0,48.2,14,0,0.0,2,14.8,1eef1717
ENG-Premier League,2425,2024-08-24 Tottenham-Everton,Tottenham Hotspur,Guglielmo Vicario,ITA,27-322,90,1,0,1,100.0,0.1,0,0,,43,10,0.0,16.3,2,0.0,15.5,9,1,11.1,0,14.2,1eef1717
ENG-Premier League,2425,2024-08-25 Bournemouth-Newcastle Utd,Bournemouth,Neto,BRA,35-037,90,5,1,4,80.0,2.6,9,19,47.4,19,1,63.2,43.9,9,77.8,56.1,19,2,10.5,0,4.5,1934f267
ENG-Premier League,2425,2024-08-25 Bournemouth-Newcastle Utd,Newcastle United,Nick Pope,ENG,32-128,90,4,1,3,75.0,1.1,5,11,45.5,27,6,18.5,27.1,9,66.7,49.4,14,1,7.1,6,19.2,1934f267
ENG-Premier League,2425,2024-08-25 Liverpool-Brentford,Brentford,Mark Flekken,NED,31-073,90,8,2,6,75.0,2.8,8,18,44.4,50,3,30.0,34.9,4,75.0,61.0,14,0,0.0,2,17.5,09b1742e
ENG-Premier League,2425,2024-08-25 Liverpool-Brentford,Liverpool,Alisson,BRA,31-328,90,2,0,2,100.0,0.8,5,12,41.7,34,2,29.4,31.5,3,66.7,45.0,6,0,0.0,0,7.5,09b1742e
ENG-Premier League,2425,2024-08-25 Wolves-Chelsea,Chelsea,Robert Sánchez,ESP,26-281,90,4,2,2,50.0,0.8,3,10,30.0,41,5,17.1,25.4,7,42.9,43.1,8,2,25.0,2,15.7,e76c15c9
ENG-Premier League,2425,2024-08-25 Wolves-Chelsea,Wolverhampton Wanderers,José Sá,POR,31-221,90,8,6,2,25.0,3.0,6,14,42.9,28,2,46.4,37.8,2,50.0,30.5,8,0,0.0,3,21.2,e76c15c9
ENG-Premier League,2425,2024-08-31 Arsenal-Brighton,Arsenal,David Raya,ESP,28-351,90,4,1,3,75.0,0.6,9,30,30.0,30,3,66.7,43.6,10,100.0,60.9,18,5,27.8,0,7.4,a843d023
ENG-Premier League,2425,2024-08-31 Arsenal-Brighton,Brighton & Hove Albion,Bart Verbruggen,NED,22-013,90,7,1,6,85.7,2.4,5,10,50.0,32,6,28.1,30.9,2,50.0,29.5,6,0,0.0,2,25.0,a843d023
ENG-Premier League,2425,2024-08-31 Brentford-Southampton,Brentford,Mark Flekken,NED,31-079,90,6,1,5,83.3,0.7,7,12,58.3,35,4,28.6,31.2,2,100.0,54.5,14,0,0.0,1,17.0,fec3438b
ENG-Premier League,2425,2024-08-31 Brentford-Southampton,Southampton,Aaron Ramsdale,ENG,26-109,90,7,3,4,57.1,3.2,2,13,15.4,39,8,33.3,31.3,2,0.0,16.5,8,1,12.5,0,5.3,fec3438b
ENG-Premier League,2425,2024-08-31 Everton-Bournemouth,Bournemouth,Kepa Arrizabalaga,ESP,29-333,90,8,2,6,75.0,1.5,2,6,33.3,18,4,11.1,24.2,14,28.6,30.9,18,0,0.0,0,11.0,58bbe046
ENG-Premier League,2425,2024-08-31 Everton-Bournemouth,Everton,Jordan Pickford,ENG,30-177,90,7,3,4,57.1,2.5,11,32,34.4,31,1,83.9,56.7,6,100.0,59.0,20,0,0.0,4,22.3,58bbe046
ENG-Premier League,2425,2024-08-31 Ipswich Town-Fulham,Fulham,Bernd Leno,GER,32-180,90,4,1,3,75.0,0.4,2,10,20.0,40,2,15.0,25.2,5,80.0,59.4,12,1,8.3,1,12.3,cec85838
ENG-Premier League,2425,2024-08-31 Ipswich Town-Fulham,Ipswich Town,Arijanet Muric,KVX,25-298,90,4,1,3,75.0,1.1,2,9,22.2,36,6,16.7,24.7,4,75.0,58.8,21,1,4.8,1,13.5,cec85838
ENG-Premier League,2425,2024-08-31 Leicester City-Aston Villa,Aston Villa,Emiliano Martínez,ARG,31-364,90,3,1,2,66.7,0.4,11,17,64.7,30,2,33.3,33.5,8,87.5,56.5,13,2,15.4,2,12.9,5af68b76
ENG-Premier League,2425,2024-08-31 Leicester City-Aston Villa,Leicester City,Mads Hermansen,DEN,24-051,90,5,2,3,60.0,2.3,2,2,100.0,26,5,7.7,22.8,2,0.0,15.0,9,0,0.0,5,20.0,5af68b76
ENG-Premier League,2425,2024-08-31 Nott'ham Forest-Wolves,Nottingham Forest,Matz Sels,BEL,32-187,90,2,1,1,50.0,0.6,4,15,26.7,19,1,78.9,49.0,2,0.0,13.0,6,0,0.0,0,5.7,837f0304
ENG-Premier League,2425,2024-08-31 Nott'ham Forest-Wolves,Wolverhampton Wanderers,Sam Johnstone,ENG,31-159,90,5,1,4,80.0,1.7,5,19,26.3,31,0,61.3,41.5,1,0.0,20.0,17,1,5.9,1,11.0,837f0304
ENG-Premier League,2425,2024-08-31 West Ham-Manchester City,Manchester City,Ederson,BRA,31-014,90,2,1,2,50.0,0.2,3,7,42.9,33,2,18.2,27.4,5,20.0,24.8,10,0,0.0,2,24.0,97ce60d4
ENG-Premier League,2425,2024-08-31 West Ham-Manchester City,West Ham United,Alphonse Areola,FRA,31-186,45,5,2,3,60.0,1.7,4,7,57.1,13,3,38.5,35.1,6,33.3,31.8,9,1,11.1,,5.0,97ce60d4
ENG-Premier League,2425,2024-08-31 West Ham-Manchester City,West Ham United,Łukasz Fabiański,POL,39-135,45,3,1,2,66.7,1.2,1,4,25.0,6,3,33.3,37.5,2,100.0,76.5,6,0,0.0,0,6.0,97ce60d4
ENG-Premier League,2425,2024-09-01 Chelsea-Crystal Palace,Chelsea,Robert Sánchez,ESP,26-288,90,3,1,2,66.7,1.1,3,6,50.0,34,5,14.7,23.5,2,50.0,38.5,6,1,16.7,7,19.6,3387c2c8
ENG-Premier League,2425,2024-09-01 Chelsea-Crystal Palace,Crystal Palace,Dean Henderson,ENG,27-173,90,7,1,6,85.7,2.7,5,16,31.3,21,5,52.4,39.3,11,45.5,36.5,15,2,13.3,0,5.0,3387c2c8
ENG-Premier League,2425,2024-09-01 Manchester Utd-Liverpool,Liverpool,Alisson,BRA,31-335,90,3,0,3,100.0,0.6,1,4,25.0,35,3,11.4,20.0,1,0.0,18.0,14,1,7.1,5,17.7,a7ab7a12
ENG-Premier League,2425,2024-09-01 Manchester Utd-Liverpool,Manchester United,André Onana,CMR,28-152,90,3,3,0,0.0,2.4,3,11,27.3,52,4,17.3,24.5,3,66.7,46.0,6,0,0.0,3,27.3,a7ab7a12
ENG-Premier League,2425,2024-09-01 Newcastle Utd-Tottenham,Newcastle United,Nick Pope,ENG,32-135,90,6,1,6,83.3,1.5,4,21,19.0,22,5,68.2,47.7,9,66.7,53.4,22,1,4.5,2,15.7,0c994746
ENG-Premier League,2425,2024-09-01 Newcastle Utd-Tottenham,Tottenham Hotspur,Guglielmo Vicario,ITA,27-330,90,3,2,1,33.3,2.1,0,5,0.0,22,6,22.7,29.0,1,0.0,13.0,10,1,10.0,0,9.8,0c994746
ENG-Premier League,2425,2024-09-14 Aston Villa-Everton,Aston Villa,Emiliano Martínez,ARG,32-012,90,2,2,0,0.0,1.1,4,5,80.0,20,4,25.0,30.9,1,0.0,17.0,10,2,20.0,2,17.2,cdb4c33b
ENG-Premier League,2425,2024-09-14 Aston Villa-Everton,Everton,Jordan Pickford,ENG,30-191,90,7,3,4,57.1,2.4,11,18,61.1,25,4,60.0,45.5,10,30.0,32.2,15,0,0.0,2,19.8,cdb4c33b
ENG-Premier League,2425,2024-09-14 Bournemouth-Chelsea,Bournemouth,Mark Travers,IRL,25-119,90,3,1,2,66.7,1.2,6,12,50.0,16,3,62.5,40.3,2,100.0,68.0,6,0,0.0,2,16.0,456b4762
ENG-Premier League,2425,2024-09-14 Bournemouth-Chelsea,Chelsea,Robert Sánchez,ESP,26-301,90,7,0,6,100.0,2.5,3,14,21.4,51,6,25.5,29.6,2,50.0,43.0,14,2,14.3,2,15.0,456b4762
ENG-Premier League,2425,2024-09-14 Brighton-Ipswich Town,Brighton & Hove Albion,Bart Verbruggen,NED,22-027,90,1,0,1,100.0,0.1,2,3,66.7,36,3,8.3,20.5,2,0.0,26.5,3,1,33.3,0,10.0,2ffa4354
ENG-Premier League,2425,2024-09-14 Brighton-Ipswich Town,Ipswich Town,Arijanet Muric,KVX,25-312,90,6,0,6,100.0,2.1,6,22,27.3,38,8,42.1,34.6,8,75.0,53.9,21,4,19.0,0,8.9,2ffa4354
ENG-Premier League,2425,2024-09-14 Crystal Palace-Leicester City,Crystal Palace,Dean Henderson,ENG,27-186,90,4,2,2,50.0,2.2,2,5,40.0,26,10,15.4,26.0,5,20.0,27.8,7,0,0.0,2,17.5,430cce12
ENG-Premier League,2425,2024-09-14 Crystal Palace-Leicester City,Leicester City,Mads Hermansen,DEN,24-065,90,4,2,2,75.0,1.8,7,26,26.9,30,8,66.7,50.1,6,100.0,61.3,21,1,4.8,0,5.3,430cce12
ENG-Premier League,2425,2024-09-14 Fulham-West Ham,Fulham,Bernd Leno,GER,32-194,90,3,1,2,66.7,0.9,3,8,37.5,31,3,16.1,26.2,4,75.0,52.3,12,0,0.0,1,12.7,fa2b1777
ENG-Premier League,2425,2024-09-14 Fulham-West Ham,West Ham United,Alphonse Areola,FRA,31-200,90,5,1,4,80.0,0.8,2,13,15.4,20,2,40.0,34.8,12,41.7,35.0,16,0,0.0,0,4.0,fa2b1777
ENG-Premier League,2425,2024-09-14 Liverpool-Nott'ham Forest,Liverpool,Alisson,BRA,31-348,90,3,1,2,66.7,0.7,0,2,0.0,18,1,11.1,19.7,2,0.0,18.0,5,0,0.0,1,21.3,674bfe9e
ENG-Premier League,2425,2024-09-14 Liverpool-Nott'ham Forest,Nottingham Forest,Matz Sels,BEL,32-201,90,5,0,5,100.0,0.6,9,29,31.0,21,0,95.2,55.9,9,100.0,69.6,16,1,6.3,1,12.0,674bfe9e
ENG-Premier League,2425,2024-09-14 Manchester City-Brentford,Brentford,Mark Flekken,NED,31-093,90,7,2,5,71.4,2.0,11,18,61.1,65,2,27.7,31.1,2,0.0,17.0,9,2,22.2,3,19.4,54405f8a
ENG-Premier League,2425,2024-09-14 Manchester City-Brentford,Manchester City,Ederson,BRA,31-028,90,5,1,4,80.0,2.1,6,15,40.0,41,2,29.3,31.7,3,100.0,67.7,9,0,0.0,6,16.3,54405f8a
ENG-Premier League,2425,2024-09-14 Southampton-Manchester Utd,Manchester United,André Onana,CMR,28-165,90,3,0,2,100.0,1.0,2,7,28.6,35,3,20.0,27.2,0,,,6,0,0.0,0,13.0,b96c3759
ENG-Premier League,2425,2024-09-14 Southampton-Manchester Utd,Southampton,Aaron Ramsdale,ENG,26-123,90,10,3,7,70.0,3.6,3,9,33.3,36,7,25.0,27.0,1,0.0,7.0,7,2,28.6,2,15.5,b96c3759
ENG-Premier League,2425,2024-09-15 Tottenham-Arsenal,Arsenal,David Raya,ESP,29-000,90,5,0,5,100.0,0.3,8,20,40.0,31,6,45.2,34.9,7,85.7,52.1,25,2,8.0,2,12.4,17774a57
ENG-Premier League,2425,2024-09-15 Tottenham-Arsenal,Tottenham Hotspur,Guglielmo Vicario,ITA,27-344,90,4,1,3,75.0,1.4,1,3,33.3,25,4,12.0,23.2,1,0.0,12.0,9,0,0.0,1,13.0,17774a57
ENG-Premier League,2425,2024-09-15 Wolves-Newcastle Utd,Newcastle United,Nick Pope,ENG,32-149,90,5,1,4,80.0,1.3,1,9,11.1,28,3,32.1,37.0,6,0.0,19.2,13,1,7.7,2,17.0,4b01981e
ENG-Premier League,2425,2024-09-15 Wolves-Newcastle Utd,Wolverhampton Wanderers,Sam Johnstone,ENG,31-174,90,6,2,4,66.7,1.7,15,24,62.5,42,5,50.0,35.9,5,60.0,47.4,10,1,10.0,1,10.0,4b01981e
ENG-Premier League,2425,2024-09-21 Aston Villa-Wolves,Aston Villa,Emiliano Martínez,ARG,32-019,90,4,1,3,75.0,1.1,1,4,25.0,29,4,13.8,25.1,1,0.0,19.0,10,0,0.0,2,16.3,e2b62260
ENG-Premier League,2425,2024-09-21 Aston Villa-Wolves,Wolverhampton Wanderers,Sam Johnstone,ENG,31-180,90,3,3,0,0.0,1.8,4,12,33.3,31,6,29.0,33.0,5,60.0,43.6,12,0,0.0,1,19.5,e2b62260
ENG-Premier League,2425,2024-09-21 Crystal Palace-Manchester Utd,Crystal Palace,Dean Henderson,ENG,27-193,90,6,0,6,100.0,1.8,5,22,22.7,31,5,45.2,37.2,11,72.7,52.5,17,3,17.6,4,17.9,929e225f
ENG-Premier League,2425,2024-09-21 Crystal Palace-Manchester Utd,Manchester United,André Onana,CMR,28-172,90,4,0,4,100.0,0.5,1,7,14.3,42,5,16.7,22.5,4,0.0,18.3,11,0,0.0,1,14.0,929e225f
ENG-Premier League,2425,2024-09-21 Fulham-Newcastle Utd,Fulham,Bernd Leno,GER,32-201,90,5,1,4,80.0,1.0,5,19,26.3,27,3,55.6,44.6,4,100.0,73.5,11,1,9.1,0,11.0,de7298df
ENG-Premier League,2425,2024-09-21 Fulham-Newcastle Utd,Newcastle United,Nick Pope,ENG,32-155,90,11,3,8,72.7,3.0,0,3,0.0,18,8,5.6,23.9,10,20.0,24.4,13,0,0.0,0,2.0,de7298df
ENG-Premier League,2425,2024-09-21 Leicester City-Everton,Everton,Jordan Pickford,ENG,30-198,90,2,1,1,50.0,1.0,11,21,52.4,23,2,52.2,43.1,11,81.8,56.4,24,2,8.3,1,13.2,4e6e1cc7
ENG-Premier League,2425,2024-09-21 Leicester City-Everton,Leicester City,Mads Hermansen,DEN,24-072,90,5,1,4,80.0,1.5,5,8,62.5,27,6,25.9,28.7,6,16.7,18.5,9,1,11.1,0,5.0,4e6e1cc7
ENG-Premier League,2425,2024-09-21 Liverpool-Bournemouth,Bournemouth,Kepa Arrizabalaga,ESP,29-354,90,12,3,9,75.0,3.8,3,8,37.5,32,7,18.8,30.7,2,100.0,54.0,6,1,16.7,2,10.5,32a9539b
ENG-Premier League,2425,2024-09-21 Liverpool-Bournemouth,Liverpool,Caoimhín Kelleher,IRL,25-303,90,6,0,6,100.0,1.5,3,6,50.0,44,8,13.6,21.2,0,,,17,1,5.9,0,10.0,32a9539b
ENG-Premier League,2425,2024-09-21 Southampton-Ipswich Town,Ipswich Town,Arijanet Muric,KVX,25-319,90,3,1,2,66.7,1.2,0,1,0.0,25,5,4.0,20.5,0,,,8,2,25.0,0,6.7,948d52cc
ENG-Premier League,2425,2024-09-21 Southampton-Ipswich Town,Southampton,Aaron Ramsdale,ENG,26-130,90,6,1,5,83.3,2.4,3,17,17.6,36,3,44.4,36.0,1,100.0,71.0,17,1,5.9,4,21.4,948d52cc
ENG-Premier League,2425,2024-09-21 Tottenham-Brentford,Brentford,Mark Flekken,NED,31-100,90,9,3,6,66.7,1.9,13,30,43.3,66,4,42.4,37.3,3,66.7,53.7,16,1,6.3,1,11.0,9511708f
ENG-Premier League,2425,2024-09-21 Tottenham-Brentford,Tottenham Hotspur,Guglielmo Vicario,ITA,27-350,90,6,1,5,83.3,1.5,1,5,20.0,34,9,14.7,25.9,1,0.0,6.0,12,4,33.3,4,14.7,9511708f
ENG-Premier League,2425,2024-09-21 West Ham-Chelsea,Chelsea,Robert Sánchez,ESP,26-308,90,7,0,7,100.0,0.8,6,13,46.2,42,8,28.6,31.9,1,100.0,73.0,21,3,14.3,2,12.1,ce0fb1f5
ENG-Premier League,2425,2024-09-21 West Ham-Chelsea,West Ham United,Alphonse Areola,FRA,31-207,90,5,3,2,40.0,2.7,3,5,60.0,29,4,17.2,23.0,4,0.0,14.8,6,0,0.0,0,11.7,ce0fb1f5
ENG-Premier League,2425,2024-09-22 Brighton-Nott'ham Forest,Brighton & Hove Albion,Bart Verbruggen,NED,22-035,90,3,2,1,66.7,1.7,2,4,50.0,35,9,11.4,21.0,1,0.0,8.0,3,1,33.3,6,22.5,d701a1df
ENG-Premier League,2425,2024-09-22 Brighton-Nott'ham Forest,Nottingham Forest,Matz Sels,BEL,32-209,90,3,2,1,33.3,1.1,5,23,21.7,17,1,82.4,52.9,10,90.0,62.8,34,0,0.0,0,1.0,d701a1df
ENG-Premier League,2425,2024-09-22 Manchester City-Arsenal,Arsenal,David Raya,ESP,29-007,90,11,2,9,81.8,2.2,9,31,29.0,28,0,67.9,47.9,12,100.0,69.4,18,3,16.7,0,6.0,d7538020
ENG-Premier League,2425,2024-09-22 Manchester City-Arsenal,Manchester City,Ederson,BRA,31-036,90,3,2,1,33.3,1.5,2,6,33.3,26,0,23.1,28.7,1,0.0,35.0,7,0,0.0,2,23.3,d7538020
ENG-Premier League,2425,2024-09-28 Arsenal-Leicester City,Arsenal,David Raya,ESP,29-013,90,3,2,1,33.3,0.2,2,8,25.0,22,2,36.4,34.1,3,0.0,20.3,2,0,0.0,0,,2ee60ac7
ENG-Premier League,2425,2024-09-28 Arsenal-Leicester City,Leicester City,Mads Hermansen,DEN,24-079,90,16,4,13,75.0,5.2,9,22,40.9,29,4,44.8,34.2,10,90.0,54.7,36,2,5.6,2,11.2,2ee60ac7
ENG-Premier League,2425,2024-09-28 Brentford-West Ham,Brentford,Mark Flekken,NED,31-107,90,3,1,2,66.7,1.3,5,15,33.3,47,3,27.7,33.6,4,50.0,46.0,14,1,7.1,1,13.7,9c4f2bcd
ENG-Premier League,2425,2024-09-28 Brentford-West Ham,West Ham United,Alphonse Areola,FRA,31-214,90,3,1,2,66.7,1.3,10,18,55.6,30,4,40.0,33.1,6,100.0,65.0,22,0,0.0,2,20.0,9c4f2bcd
ENG-Premier League,2425,2024-09-28 Chelsea-Brighton,Brighton & Hove Albion,Bart Verbruggen,NED,22-041,90,6,4,2,50.0,3.1,5,10,50.0,46,2,21.7,27.8,1,0.0,32.0,10,0,0.0,2,16.2,1714cebe
ENG-Premier League,2425,2024-09-28 Chelsea-Brighton,Chelsea,Robert Sánchez,ESP,26-315,90,5,2,3,60.0,1.4,4,18,22.2,56,10,26.8,30.1,5,60.0,46.8,9,0,0.0,5,22.6,1714cebe
ENG-Premier League,2425,2024-09-28 Everton-Crystal Palace,Crystal Palace,Dean Henderson,ENG,27-200,90,2,2,0,0.0,0.6,0,3,0.0,16,5,12.5,22.4,4,25.0,33.3,20,0,0.0,1,12.7,d47382cd
ENG-Premier League,2425,2024-09-28 Everton-Crystal Palace,Everton,Jordan Pickford,ENG,30-205,90,4,1,3,75.0,0.7,14,27,51.9,35,5,60.0,41.5,8,75.0,54.6,17,3,17.6,2,14.8,d47382cd
ENG-Premier League,2425,2024-09-28 Newcastle Utd-Manchester City,Manchester City,Ederson,BRA,31-042,90,4,1,3,100.0,1.1,6,15,40.0,47,7,29.8,29.6,2,50.0,41.5,13,0,0.0,0,11.0,b4df0bca
ENG-Premier League,2425,2024-09-28 Newcastle Utd-Manchester City,Newcastle United,Nick Pope,ENG,32-162,90,6,1,5,83.3,1.4,1,8,12.5,18,6,33.3,35.1,8,25.0,30.4,16,1,6.3,1,14.0,b4df0bca
ENG-Premier League,2425,2024-09-28 Nott'ham Forest-Fulham,Fulham,Bernd Leno,GER,32-208,90,1,0,1,100.0,0.0,3,6,50.0,31,2,12.9,24.4,5,40.0,33.6,20,1,5.0,0,7.3,ee7d3371
ENG-Premier League,2425,2024-09-28 Nott'ham Forest-Fulham,Nottingham Forest,Matz Sels,BEL,32-215,90,2,1,1,100.0,0.8,1,11,9.1,16,1,56.3,38.6,4,50.0,37.0,14,0,0.0,0,4.3,ee7d3371
ENG-Premier League,2425,2024-09-28 Wolves-Liverpool,Liverpool,Alisson,BRA,31-362,90,3,1,2,66.7,1.1,1,5,20.0,30,3,16.7,26.7,2,0.0,14.0,13,1,7.7,2,14.6,f2633f1d
ENG-Premier League,2425,2024-09-28 Wolves-Liverpool,Wolverhampton Wanderers,Sam Johnstone,ENG,31-187,90,6,2,4,83.3,1.5,5,10,50.0,38,8,21.1,27.8,4,50.0,42.5,16,2,12.5,2,12.3,f2633f1d
ENG-Premier League,2425,2024-09-29 Ipswich Town-Aston Villa,Aston Villa,Emiliano Martínez,ARG,32-027,90,5,2,3,60.0,2.4,4,11,36.4,29,2,20.7,31.2,9,55.6,48.7,14,2,14.3,0,7.0,ef742b9c
ENG-Premier League,2425,2024-09-29 Ipswich Town-Aston Villa,Ipswich Town,Arijanet Muric,KVX,25-327,90,3,2,1,33.3,1.2,3,7,42.9,23,2,17.4,24.8,4,75.0,56.8,2,0,0.0,1,20.8,ef742b9c
ENG-Premier League,2425,2024-09-29 Manchester Utd-Tottenham,Manchester United,André Onana,CMR,28-180,90,10,3,7,70.0,3.4,5,15,33.3,29,9,31.0,30.0,6,100.0,66.7,10,1,10.0,0,5.0,c4b97377
ENG-Premier League,2425,2024-09-29 Manchester Utd-Tottenham,Tottenham Hotspur,Guglielmo Vicario,ITA,27-358,90,2,0,2,100.0,0.3,1,2,50.0,45,7,4.4,19.5,6,0.0,18.2,15,1,6.7,2,16.8,c4b97377
ENG-Premier League,2425,2024-09-30 Bournemouth-Southampton,Bournemouth,Kepa Arrizabalaga,ESP,29-363,90,3,1,2,66.7,1.3,6,8,75.0,22,3,31.8,33.7,2,50.0,33.0,11,1,9.1,1,12.3,04d2cc03
ENG-Premier League,2425,2024-09-30 Bournemouth-Southampton,Southampton,Aaron Ramsdale,ENG,26-139,90,6,3,3,50.0,1.6,6,17,35.3,54,5,31.5,32.0,1,0.0,9.0,16,1,6.3,2,19.0,04d2cc03
ENG-Premier League,2425,2024-10-05 Arsenal-Southampton,Arsenal,David Raya,ESP,29-020,90,2,1,1,50.0,0.6,3,5,60.0,26,3,19.2,25.6,0,,,4,0,0.0,4,23.5,c6439e5b
ENG-Premier League,2425,2024-10-05 Arsenal-Southampton,Southampton,Aaron Ramsdale,ENG,26-144,90,6,3,3,50.0,2.7,4,13,30.8,43,2,27.9,31.7,4,25.0,26.3,27,0,0.0,1,14.0,c6439e5b
ENG-Premier League,2425,2024-10-05 Brentford-Wolves,Brentford,Mark Flekken,NED,31-114,90,6,3,3,50.0,1.4,9,19,47.4,37,2,37.8,37.0,8,62.5,49.9,16,1,6.3,0,5.8,909090f8
ENG-Premier League,2425,2024-10-05 Brentford-Wolves,Wolverhampton Wanderers,Sam Johnstone,ENG,31-194,90,12,5,7,66.7,4.8,6,24,25.0,44,3,50.0,38.7,4,50.0,38.3,19,0,0.0,1,12.7,909090f8
ENG-Premier League,2425,2024-10-05 Crystal Palace-Liverpool,Crystal Palace,Dean Henderson,ENG,27-207,90,4,1,3,75.0,0.5,1,18,5.6,23,5,52.2,39.8,10,60.0,50.5,11,0,0.0,3,17.5,49ea224b
ENG-Premier League,2425,2024-10-05 Crystal Palace-Liverpool,Liverpool,Alisson,BRA,32-003,78,4,,4,,1.0,1,8,12.5,37,9,18.9,24.5,3,33.3,29.0,6,,,1,14.0,49ea224b
ENG-Premier League,2425,2024-10-05 Crystal Palace-Liverpool,Liverpool,Vitezslav Jaros,CZE,23-074,12,1,0,1,100.0,0.0,5,7,71.4,7,2,85.7,50.9,1,100.0,59.0,2,0,0.0,0,11.0,49ea224b
ENG-Premier League,2425,2024-10-05 Everton-Newcastle Utd,Everton,Jordan Pickford,ENG,30-212,90,2,0,1,100.0,0.9,5,24,20.8,31,5,54.8,42.6,9,77.8,61.4,18,1,5.6,1,12.8,e99a7857
ENG-Premier League,2425,2024-10-05 Everton-Newcastle Utd,Newcastle United,Nick Pope,ENG,32-169,90,2,0,2,100.0,0.6,0,4,0.0,25,6,12.0,24.4,7,14.3,22.6,2,1,50.0,0,11.8,e99a7857
ENG-Premier League,2425,2024-10-05 Leicester City-Bournemouth,Bournemouth,Kepa Arrizabalaga,ESP,30-002,90,2,1,1,50.0,0.8,5,9,55.6,27,3,25.9,28.6,7,28.6,30.4,4,1,25.0,3,20.0,d153872e
ENG-Premier League,2425,2024-10-05 Leicester City-Bournemouth,Leicester City,Mads Hermansen,DEN,24-086,90,2,0,2,100.0,0.8,12,27,44.4,36,2,47.2,36.8,10,100.0,64.9,25,2,8.0,0,4.5,d153872e
ENG-Premier League,2425,2024-10-05 Manchester City-Fulham,Fulham,Bernd Leno,GER,32-215,90,7,3,4,57.1,1.3,0,2,0.0,24,4,4.2,23.3,1,100.0,62.0,12,1,8.3,0,7.3,61d60f62
ENG-Premier League,2425,2024-10-05 Manchester City-Fulham,Manchester City,Ederson,BRA,31-049,90,4,2,2,50.0,2.5,1,4,25.0,28,3,14.3,25.7,1,0.0,19.0,11,0,0.0,3,23.8,61d60f62
ENG-Premier League,2425,2024-10-05 West Ham-Ipswich Town,Ipswich Town,Arijanet Muric,KVX,25-333,90,12,4,8,66.7,3.3,6,8,75.0,28,9,21.4,26.5,3,66.7,54.0,9,6,66.7,0,8.7,93e19c5e
ENG-Premier League,2425,2024-10-05 West Ham-Ipswich Town,West Ham United,Alphonse Areola,FRA,31-221,90,2,1,1,50.0,0.7,5,12,41.7,40,5,20.0,28.4,7,57.1,46.0,13,2,15.4,0,5.5,93e19c5e
ENG-Premier League,2425,2024-10-06 Aston Villa-Manchester Utd,Aston Villa,Emiliano Martínez,ARG,32-034,90,4,0,4,100.0,1.0,3,8,37.5,33,3,21.2,26.7,2,50.0,40.5,9,1,11.1,1,17.5,abef5f2a
ENG-Premier League,2425,2024-10-06 Aston Villa-Manchester Utd,Manchester United,André Onana,CMR,28-187,90,1,0,1,100.0,0.4,4,14,28.6,31,3,32.3,33.5,5,80.0,54.2,16,1,6.3,0,4.0,abef5f2a
ENG-Premier League,2425,2024-10-06 Brighton-Tottenham,Brighton & Hove Albion,Bart Verbruggen,NED,22-049,90,3,2,1,33.3,1.3,3,14,21.4,33,4,36.4,33.5,2,100.0,64.5,11,0,0.0,1,10.7,dac142c7
ENG-Premier League,2425,2024-10-06 Brighton-Tottenham,Tottenham Hotspur,Guglielmo Vicario,ITA,27-365,90,4,3,1,25.0,2.3,0,0,,57,7,0.0,16.8,3,0.0,14.0,10,1,10.0,2,12.2,dac142c7
ENG-Premier League,2425,2024-10-06 Chelsea-Nott'ham Forest,Chelsea,Robert Sánchez,ESP,26-323,90,9,1,8,88.9,1.6,1,7,14.3,26,8,26.9,27.8,3,0.0,7.0,9,1,11.1,3,21.2,b9e00aac
ENG-Premier League,2425,2024-10-06 Chelsea-Nott'ham Forest,Nottingham Forest,Matz Sels,BEL,32-223,90,8,1,7,87.5,1.9,9,28,32.1,23,5,65.2,43.0,13,100.0,65.2,23,0,0.0,0,2.0,b9e00aac
ENG-Premier League,2425,2024-10-19 Bournemouth-Arsenal,Arsenal,David Raya,ESP,29-034,90,4,2,2,75.0,1.6,10,30,33.3,50,3,48.0,35.3,6,100.0,63.0,18,3,16.7,2,13.4,01e63a1f
ENG-Premier League,2425,2024-10-19 Bournemouth-Arsenal,Bournemouth,Kepa Arrizabalaga,ESP,30-016,90,1,0,1,100.0,0.3,10,19,52.6,31,4,48.4,41.5,6,66.7,45.0,13,2,15.4,0,11.8,01e63a1f
ENG-Premier League,2425,2024-10-19 Fulham-Aston Villa,Aston Villa,Emiliano Martínez,ARG,32-047,90,4,1,2,75.0,1.4,3,7,42.9,31,2,22.6,27.0,2,0.0,17.0,21,2,9.5,1,14.0,615d637e
ENG-Premier League,2425,2024-10-19 Fulham-Aston Villa,Fulham,Bernd Leno,GER,32-229,90,5,3,3,40.0,1.2,3,6,50.0,26,3,7.7,27.2,4,100.0,67.3,17,1,5.9,1,7.7,615d637e
ENG-Premier League,2425,2024-10-19 Ipswich Town-Everton,Everton,Jordan Pickford,ENG,30-226,90,2,0,2,100.0,0.3,4,28,14.3,35,4,57.1,44.7,9,88.9,64.0,20,0,0.0,3,17.5,2273e126
ENG-Premier League,2425,2024-10-19 Ipswich Town-Everton,Ipswich Town,Arijanet Muric,KVX,25-347,90,8,2,6,75.0,2.3,1,5,20.0,20,9,20.0,26.9,2,50.0,41.5,10,0,0.0,0,,2273e126
ENG-Premier League,2425,2024-10-19 Manchester Utd-Brentford,Brentford,Mark Flekken,NED,31-128,90,11,2,9,81.8,2.0,2,11,18.2,41,6,24.4,29.4,2,50.0,43.5,16,0,0.0,5,15.9,7f2c3291
ENG-Premier League,2425,2024-10-19 Manchester Utd-Brentford,Manchester United,André Onana,CMR,28-200,90,2,1,1,50.0,1.1,11,28,39.3,45,4,55.6,38.6,3,100.0,62.0,8,1,12.5,0,9.0,7f2c3291
ENG-Premier League,2425,2024-10-19 Newcastle Utd-Brighton,Brighton & Hove Albion,Bart Verbruggen,NED,22-062,90,6,0,6,100.0,0.9,12,28,42.9,47,6,48.9,34.7,7,71.4,47.7,17,1,5.9,1,10.1,48081db0
ENG-Premier League,2425,2024-10-19 Newcastle Utd-Brighton,Newcastle United,Nick Pope,ENG,32-183,90,5,1,4,80.0,1.7,2,5,40.0,22,9,18.2,24.5,6,16.7,27.2,8,0,0.0,1,15.0,48081db0
ENG-Premier League,2425,2024-10-19 Southampton-Leicester City,Leicester City,Mads Hermansen,DEN,24-100,90,7,2,5,71.4,2.6,3,9,33.3,30,8,30.0,33.2,4,0.0,24.3,16,2,12.5,1,11.5,03d28c48
ENG-Premier League,2425,2024-10-19 Southampton-Leicester City,Southampton,Aaron Ramsdale,ENG,26-158,90,4,3,1,50.0,2.2,7,21,33.3,41,3,46.3,39.9,4,50.0,39.8,21,0,0.0,0,16.0,03d28c48
ENG-Premier League,2425,2024-10-19 Tottenham-West Ham,Tottenham Hotspur,Guglielmo Vicario,ITA,28-012,90,3,1,2,66.7,0.9,1,1,100.0,30,2,3.3,20.7,5,0.0,15.4,9,2,22.2,0,11.7,923bfab0
ENG-Premier League,2425,2024-10-19 Tottenham-West Ham,West Ham United,Alphonse Areola,FRA,31-235,90,7,4,4,42.9,0.8,10,23,43.5,29,4,55.2,38.0,11,63.6,45.8,19,2,10.5,4,17.9,923bfab0
ENG-Premier League,2425,2024-10-20 Liverpool-Chelsea,Chelsea,Robert Sánchez,ESP,26-337,90,5,2,3,80.0,2.0,4,9,44.4,40,6,22.5,28.1,2,0.0,15.0,3,0,0.0,1,14.3,99b4737c
ENG-Premier League,2425,2024-10-20 Liverpool-Chelsea,Liverpool,Caoimhín Kelleher,IRL,25-332,90,2,1,1,50.0,0.9,4,20,20.0,37,4,43.2,35.9,7,57.1,41.0,14,0,0.0,1,17.0,99b4737c
ENG-Premier League,2425,2024-10-20 Wolves-Manchester City,Manchester City,Ederson,BRA,31-064,90,2,1,1,50.0,1.3,0,0,,12,3,0.0,21.3,3,0.0,18.0,3,0,0.0,3,22.0,90b22cd5
ENG-Premier League,2425,2024-10-20 Wolves-Manchester City,Wolverhampton Wanderers,José Sá,POR,31-277,90,7,2,5,71.4,1.8,7,35,20.0,31,4,83.9,52.1,9,100.0,67.8,28,3,10.7,0,4.3,90b22cd5
ENG-Premier League,2425,2024-10-21 Nott'ham Forest-Crystal Palace,Crystal Palace,Dean Henderson,ENG,27-223,90,6,1,5,83.3,1.8,1,3,33.3,16,1,18.8,24.3,6,0.0,17.7,17,1,5.9,0,10.0,5ed3894e
ENG-Premier League,2425,2024-10-21 Nott'ham Forest-Crystal Palace,Nottingham Forest,Matz Sels,BEL,32-238,90,7,0,7,100.0,0.9,7,13,53.8,27,6,37.0,31.7,3,100.0,57.7,12,0,0.0,0,7.0,5ed3894e
ENG-Premier League,2425,2024-10-25 Leicester City-Nott'ham Forest,Leicester City,Mads Hermansen,DEN,24-106,90,5,3,2,40.0,1.7,2,7,28.6,30,6,23.3,29.4,6,0.0,12.7,19,0,0.0,3,21.2,292d8bc4
ENG-Premier League,2425,2024-10-25 Leicester City-Nott'ham Forest,Nottingham Forest,Matz Sels,BEL,32-242,90,1,1,0,0.0,1.0,9,21,42.9,17,1,88.2,53.9,9,66.7,51.1,20,1,5.0,0,5.4,292d8bc4
ENG-Premier League,2425,2024-10-26 Aston Villa-Bournemouth,Aston Villa,Emiliano Martínez,ARG,32-054,90,3,1,2,66.7,1.1,4,16,25.0,46,2,23.9,30.3,6,83.3,58.5,17,5,29.4,2,11.9,bce300b2
ENG-Premier League,2425,2024-10-26 Aston Villa-Bournemouth,Bournemouth,Mark Travers,IRL,25-161,90,8,1,7,87.5,3.2,8,13,61.5,13,8,30.8,32.2,10,90.0,61.9,15,0,0.0,2,14.2,bce300b2
ENG-Premier League,2425,2024-10-26 Brentford-Ipswich Town,Brentford,Mark Flekken,NED,31-135,90,5,3,2,40.0,2.0,2,10,20.0,48,4,16.7,28.6,5,40.0,37.8,14,1,7.1,1,14.3,1fb2dcde
ENG-Premier League,2425,2024-10-26 Brentford-Ipswich Town,Ipswich Town,Arijanet Muric,KVX,25-354,90,9,4,5,66.7,3.4,5,22,22.7,28,5,53.6,38.5,7,100.0,68.3,23,2,8.7,2,14.8,1fb2dcde
ENG-Premier League,2425,2024-10-26 Brighton-Wolves,Brighton & Hove Albion,Bart Verbruggen,NED,22-069,90,7,2,5,71.4,1.7,6,11,54.5,37,6,18.9,29.8,5,80.0,50.6,15,0,0.0,1,17.3,9487e056
ENG-Premier League,2425,2024-10-26 Brighton-Wolves,Wolverhampton Wanderers,José Sá,POR,31-283,90,6,2,4,66.7,1.5,2,11,18.2,20,7,30.0,29.8,9,55.6,40.6,24,1,4.2,3,21.8,9487e056
ENG-Premier League,2425,2024-10-26 Everton-Fulham,Everton,Jordan Pickford,ENG,30-233,90,3,1,2,66.7,1.2,10,21,47.6,29,6,51.7,41.9,11,54.5,44.0,11,0,0.0,2,11.4,1e5152bf
ENG-Premier League,2425,2024-10-26 Everton-Fulham,Fulham,Bernd Leno,GER,32-236,90,5,1,4,80.0,1.3,4,9,44.4,63,7,12.7,25.0,1,100.0,68.0,13,1,7.7,2,13.8,1e5152bf
ENG-Premier League,2425,2024-10-26 Manchester City-Southampton,Manchester City,Ederson,BRA,31-070,90,2,0,2,100.0,0.1,2,5,40.0,20,2,25.0,29.4,3,0.0,28.3,1,0,0.0,1,17.0,b66f6389
ENG-Premier League,2425,2024-10-26 Manchester City-Southampton,Southampton,Aaron Ramsdale,ENG,26-165,90,7,1,6,85.7,0.8,4,10,40.0,57,9,17.5,24.7,8,0.0,9.1,19,1,5.3,0,6.8,b66f6389
ENG-Premier League,2425,2024-10-27 Arsenal-Liverpool,Arsenal,David Raya,ESP,29-042,90,4,2,2,50.0,1.8,9,18,50.0,33,2,48.5,37.2,2,100.0,57.0,21,1,4.8,0,6.5,68aa1099
ENG-Premier League,2425,2024-10-27 Arsenal-Liverpool,Liverpool,Caoimhín Kelleher,IRL,25-339,90,3,2,1,33.3,1.7,8,24,33.3,41,3,56.1,37.0,1,100.0,65.0,7,0,0.0,0,8.3,68aa1099
ENG-Premier League,2425,2024-10-27 Chelsea-Newcastle Utd,Chelsea,Robert Sánchez,ESP,26-344,90,2,1,1,50.0,1.2,3,21,14.3,39,2,48.7,38.6,3,66.7,51.3,9,1,11.1,2,15.0,33571b04
ENG-Premier League,2425,2024-10-27 Chelsea-Newcastle Utd,Newcastle United,Nick Pope,ENG,32-191,90,7,2,5,71.4,1.9,2,8,25.0,30,12,23.3,29.3,7,14.3,23.0,16,2,12.5,5,12.2,33571b04
ENG-Premier League,2425,2024-10-27 Crystal Palace-Tottenham,Crystal Palace,Dean Henderson,ENG,27-229,90,3,0,3,100.0,0.4,10,28,35.7,23,3,82.6,53.2,9,100.0,69.1,21,2,9.5,0,6.0,e995d937
ENG-Premier League,2425,2024-10-27 Crystal Palace-Tottenham,Tottenham Hotspur,Guglielmo Vicario,ITA,28-020,90,6,1,5,83.3,1.5,2,4,50.0,39,7,10.3,21.9,3,0.0,20.7,22,2,9.1,0,5.1,e995d937
ENG-Premier League,2425,2024-10-27 West Ham-Manchester Utd,Manchester United,André Onana,CMR,28-208,90,3,2,1,66.7,2.0,1,11,9.1,33,6,30.3,30.0,4,25.0,32.5,15,1,6.7,0,11.0,38c31a07
ENG-Premier League,2425,2024-10-27 West Ham-Manchester Utd,West Ham United,Łukasz Fabiański,POL,39-192,90,5,1,4,80.0,2.0,8,14,57.1,23,3,47.8,37.6,7,42.9,39.1,19,1,5.3,2,13.2,38c31a07
ENG-Premier League,2425,2024-11-02 Bournemouth-Manchester City,Bournemouth,Mark Travers,IRL,25-168,90,4,1,3,75.0,1.9,11,20,55.0,20,4,60.0,40.6,11,72.7,54.0,19,0,0.0,0,5.0,ed970fef
ENG-Premier League,2425,2024-11-02 Bournemouth-Manchester City,Manchester City,Ederson,BRA,31-077,90,6,2,4,66.7,2.4,6,8,75.0,48,8,16.7,27.7,7,0.0,19.0,12,1,8.3,0,11.5,ed970fef
ENG-Premier League,2425,2024-11-02 Ipswich Town-Leicester City,Ipswich Town,Arijanet Muric,KVX,25-361,90,5,1,4,80.0,1.1,1,12,8.3,19,2,26.3,30.4,8,87.5,62.3,14,3,21.4,0,4.7,ed8f93a0
ENG-Premier League,2425,2024-11-02 Ipswich Town-Leicester City,Leicester City,Mads Hermansen,DEN,24-114,90,2,1,1,50.0,0.6,1,22,4.5,35,5,42.9,36.3,7,100.0,67.4,8,1,12.5,0,6.5,ed8f93a0
ENG-Premier League,2425,2024-11-02 Liverpool-Brighton,Brighton & Hove Albion,Bart Verbruggen,NED,22-076,90,8,2,6,75.0,1.8,3,12,25.0,37,3,32.4,30.5,1,0.0,7.0,18,0,0.0,2,19.0,7d114c70
ENG-Premier League,2425,2024-11-02 Liverpool-Brighton,Liverpool,Caoimhín Kelleher,IRL,25-345,90,5,1,4,80.0,0.5,1,4,25.0,27,4,14.8,25.4,0,,,10,0,0.0,2,20.8,7d114c70
ENG-Premier League,2425,2024-11-02 Newcastle Utd-Arsenal,Arsenal,David Raya,ESP,29-048,90,4,1,3,75.0,1.3,3,10,30.0,31,8,32.3,31.0,1,0.0,17.0,11,2,18.2,3,18.7,cc960c22
ENG-Premier League,2425,2024-11-02 Newcastle Utd-Arsenal,Newcastle United,Nick Pope,ENG,32-197,90,0,0,0,,0.0,2,23,8.7,17,1,70.6,45.2,11,100.0,64.5,21,2,9.5,0,6.9,cc960c22
ENG-Premier League,2425,2024-11-02 Nott'ham Forest-West Ham,Nottingham Forest,Matz Sels,BEL,32-250,90,1,0,1,100.0,0.0,6,14,42.9,17,2,70.6,43.3,3,66.7,43.7,10,0,0.0,0,14.0,c2505640
ENG-Premier League,2425,2024-11-02 Nott'ham Forest-West Ham,West Ham United,Łukasz Fabiański,POL,39-198,90,6,3,3,50.0,2.9,3,15,20.0,21,2,38.1,33.3,12,58.3,42.3,15,1,6.7,0,7.0,c2505640
ENG-Premier League,2425,2024-11-02 Southampton-Everton,Everton,Jordan Pickford,ENG,30-240,90,2,1,1,50.0,0.8,4,16,25.0,26,3,50.0,38.7,7,42.9,43.7,13,0,0.0,0,7.0,2be42fdb
ENG-Premier League,2425,2024-11-02 Southampton-Everton,Southampton,Aaron Ramsdale,ENG,26-172,90,5,0,5,100.0,0.9,5,11,45.5,36,7,25.0,25.9,9,22.2,20.4,13,2,15.4,0,7.0,2be42fdb
ENG-Premier League,2425,2024-11-02 Wolves-Crystal Palace,Crystal Palace,Dean Henderson,ENG,27-235,90,6,2,4,66.7,1.7,1,11,9.1,23,3,39.1,35.0,5,40.0,39.2,11,1,9.1,1,18.3,a4251fae
ENG-Premier League,2425,2024-11-02 Wolves-Crystal Palace,Wolverhampton Wanderers,José Sá,POR,31-290,90,6,2,4,66.7,2.9,4,14,28.6,31,8,29.0,32.6,8,62.5,45.9,20,1,5.0,0,8.2,a4251fae
ENG-Premier League,2425,2024-11-03 Manchester Utd-Chelsea,Chelsea,Robert Sánchez,ESP,26-351,90,4,1,3,100.0,0.9,1,7,14.3,31,5,19.4,26.4,3,33.3,31.0,11,1,9.1,0,8.8,1273ae28
ENG-Premier League,2425,2024-11-03 Manchester Utd-Chelsea,Manchester United,André Onana,CMR,28-215,90,3,1,2,66.7,0.7,4,14,28.6,41,7,29.3,29.6,2,100.0,68.5,12,1,8.3,0,8.7,1273ae28
ENG-Premier League,2425,2024-11-03 Tottenham-Aston Villa,Aston Villa,Emiliano Martínez,ARG,32-062,90,6,4,2,33.3,2.8,7,13,53.8,35,6,22.9,31.4,7,71.4,52.3,18,3,16.7,0,5.5,8fa951f9
ENG-Premier League,2425,2024-11-03 Tottenham-Aston Villa,Tottenham Hotspur,Guglielmo Vicario,ITA,28-027,90,1,1,0,0.0,1.0,2,2,100.0,14,3,7.1,20.1,4,25.0,27.0,8,2,25.0,2,16.4,8fa951f9
ENG-Premier League,2425,2024-11-04 Fulham-Brentford,Brentford,Mark Flekken,NED,31-144,90,12,2,10,83.3,2.3,7,25,28.0,45,3,48.9,43.9,6,50.0,42.3,33,2,6.1,0,6.5,e1590847
ENG-Premier League,2425,2024-11-04 Fulham-Brentford,Fulham,Bernd Leno,GER,32-245,90,2,1,1,50.0,0.8,0,7,0.0,43,3,14.0,24.5,5,20.0,25.4,5,0,0.0,1,13.8,e1590847
ENG-Premier League,2425,2024-11-09 Brentford-Bournemouth,Bournemouth,Kepa Arrizabalaga,ESP,30-037,90,6,3,3,50.0,1.8,7,15,46.7,24,3,50.0,38.4,6,50.0,37.7,19,0,0.0,2,18.3,1c998ef5
ENG-Premier League,2425,2024-11-09 Brentford-Bournemouth,Brentford,Mark Flekken,NED,31-149,90,3,2,1,33.3,1.7,6,11,54.5,36,2,19.4,29.4,6,66.7,45.7,18,1,5.6,2,14.9,1c998ef5
ENG-Premier League,2425,2024-11-09 Brighton-Manchester City,Brighton & Hove Albion,Bart Verbruggen,NED,22-083,90,6,1,5,83.3,2.6,3,7,42.9,26,4,15.4,22.8,4,75.0,53.0,10,1,10.0,3,18.6,62aa7905
ENG-Premier League,2425,2024-11-09 Brighton-Manchester City,Manchester City,Ederson,BRA,31-084,90,4,2,2,50.0,1.6,7,11,63.6,60,6,18.3,26.5,2,0.0,17.0,6,2,33.3,5,20.4,62aa7905
ENG-Premier League,2425,2024-11-09 Crystal Palace-Fulham,Crystal Palace,Dean Henderson,ENG,27-242,90,7,2,5,71.4,1.2,5,20,25.0,28,2,53.6,44.0,7,71.4,52.9,16,0,0.0,2,46.0,d5015ba4
ENG-Premier League,2425,2024-11-09 Crystal Palace-Fulham,Fulham,Bernd Leno,GER,32-250,90,4,0,4,100.0,1.1,1,4,25.0,34,7,8.8,22.6,5,20.0,22.8,11,1,9.1,0,8.0,d5015ba4
ENG-Premier League,2425,2024-11-09 Liverpool-Aston Villa,Aston Villa,Emiliano Martínez,ARG,32-068,90,5,2,3,60.0,1.2,4,9,44.4,30,5,23.3,28.4,3,66.7,39.0,8,0,0.0,0,,737af5bf
ENG-Premier League,2425,2024-11-09 Liverpool-Aston Villa,Liverpool,Caoimhín Kelleher,IRL,25-352,90,2,0,2,100.0,0.6,1,6,16.7,28,3,17.9,25.7,1,100.0,62.0,17,2,11.8,0,7.0,737af5bf
ENG-Premier League,2425,2024-11-09 West Ham-Everton,Everton,Jordan Pickford,ENG,30-247,90,6,0,6,100.0,1.2,5,16,31.3,34,5,35.3,36.7,5,80.0,55.6,9,1,11.1,1,15.5,a4cf40b4
ENG-Premier League,2425,2024-11-09 West Ham-Everton,West Ham United,Łukasz Fabiański,POL,39-205,90,4,0,4,100.0,0.5,5,14,35.7,22,7,36.4,35.2,7,85.7,56.3,22,2,9.1,0,8.5,a4cf40b4
ENG-Premier League,2425,2024-11-09 Wolves-Southampton,Southampton,Aaron Ramsdale,ENG,26-179,90,4,2,2,50.0,1.4,3,6,50.0,40,6,15.0,23.7,3,0.0,7.0,2,0,0.0,1,31.5,dbec2d40
ENG-Premier League,2425,2024-11-09 Wolves-Southampton,Wolverhampton Wanderers,José Sá,POR,31-297,90,0,0,0,,0.0,2,14,14.3,22,5,36.4,35.7,6,100.0,65.2,22,1,4.5,0,8.0,dbec2d40
ENG-Premier League,2425,2024-11-10 Chelsea-Arsenal,Arsenal,David Raya,ESP,29-056,90,3,1,2,66.7,0.3,6,9,66.7,34,7,26.5,25.2,2,0.0,25.5,10,4,40.0,6,17.3,2874d56e
ENG-Premier League,2425,2024-11-10 Chelsea-Arsenal,Chelsea,Robert Sánchez,ESP,26-358,90,3,1,2,66.7,0.8,3,13,23.1,38,4,34.2,32.9,2,0.0,13.0,16,1,6.3,2,11.8,2874d56e
ENG-Premier League,2425,2024-11-10 Manchester Utd-Leicester City,Leicester City,Mads Hermansen,DEN,24-122,90,3,3,1,0.0,0.4,4,10,40.0,25,6,32.0,28.6,3,66.7,40.7,10,0,0.0,0,,35888afe
ENG-Premier League,2425,2024-11-10 Manchester Utd-Leicester City,Manchester United,André Onana,CMR,28-222,90,5,0,5,100.0,0.7,3,13,23.1,40,7,27.5,29.5,2,100.0,57.5,11,1,9.1,0,8.5,35888afe
ENG-Premier League,2425,2024-11-10 Nott'ham Forest-Newcastle Utd,Newcastle United,Nick Pope,ENG,32-205,90,3,1,2,66.7,0.9,4,8,50.0,18,4,33.3,35.2,3,66.7,45.7,18,3,16.7,1,9.7,a41ce5c3
ENG-Premier League,2425,2024-11-10 Nott'ham Forest-Newcastle Utd,Nottingham Forest,Matz Sels,BEL,32-258,90,6,3,3,50.0,2.3,7,20,35.0,19,3,73.7,42.6,8,75.0,55.3,23,1,4.3,0,6.4,a41ce5c3
ENG-Premier League,2425,2024-11-10 Tottenham-Ipswich Town,Ipswich Town,Arijanet Muric,KVX,26-003,90,5,1,4,80.0,1.4,10,28,35.7,31,13,45.2,38.3,14,100.0,65.7,25,7,28.0,0,5.2,f9b9c3c4
ENG-Premier League,2425,2024-11-10 Tottenham-Ipswich Town,Tottenham Hotspur,Guglielmo Vicario,ITA,28-034,90,3,2,1,33.3,2.4,1,1,100.0,22,4,4.5,18.9,0,,,5,1,20.0,1,11.7,f9b9c3c4
ENG-Premier League,2425,2024-11-23 Arsenal-Nott'ham Forest,Arsenal,David Raya,ESP,29-069,90,0,0,0,,0.0,1,7,14.3,33,7,18.2,26.8,3,33.3,39.7,11,1,9.1,3,19.8,0cb4129b
ENG-Premier League,2425,2024-11-23 Arsenal-Nott'ham Forest,Nottingham Forest,Matz Sels,BEL,32-271,90,6,3,3,50.0,1.4,6,16,37.5,14,1,71.4,49.4,13,46.2,40.8,12,0,0.0,0,4.0,0cb4129b
ENG-Premier League,2425,2024-11-23 Aston Villa-Crystal Palace,Aston Villa,Emiliano Martínez,ARG,32-082,90,6,2,4,66.7,1.9,0,2,0.0,32,4,6.3,23.1,5,0.0,19.2,11,0,0.0,2,28.3,bf2e07a1
ENG-Premier League,2425,2024-11-23 Aston Villa-Crystal Palace,Crystal Palace,Dean Henderson,ENG,27-256,90,5,2,2,60.0,2.8,4,16,25.0,16,0,62.5,48.6,10,60.0,48.1,14,0,0.0,0,9.2,bf2e07a1
ENG-Premier League,2425,2024-11-23 Bournemouth-Brighton,Bournemouth,Kepa Arrizabalaga,ESP,30-051,90,4,2,2,50.0,1.6,4,7,57.1,28,6,21.4,27.3,6,16.7,36.2,1,0,0.0,5,24.3,4708a5bf
ENG-Premier League,2425,2024-11-23 Bournemouth-Brighton,Brighton & Hove Albion,Bart Verbruggen,NED,22-097,90,5,1,4,80.0,1.4,10,24,41.7,42,4,33.3,31.8,10,100.0,62.3,25,3,12.0,0,4.5,4708a5bf
ENG-Premier League,2425,2024-11-23 Everton-Brentford,Brentford,Mark Flekken,NED,31-163,90,5,0,5,100.0,0.8,6,21,28.6,40,1,32.5,35.0,11,72.7,57.2,36,2,5.6,0,6.5,dd7675a7
ENG-Premier League,2425,2024-11-23 Everton-Brentford,Everton,Jordan Pickford,ENG,30-261,90,2,0,2,100.0,0.4,1,5,20.0,26,7,19.2,31.0,4,0.0,20.8,10,0,0.0,1,32.0,dd7675a7
ENG-Premier League,2425,2024-11-23 Fulham-Wolves,Fulham,Bernd Leno,GER,32-264,90,5,4,1,20.0,1.4,0,0,,29,7,0.0,20.3,2,0.0,19.5,4,0,0.0,2,26.3,ed24aeb8
ENG-Premier League,2425,2024-11-23 Fulham-Wolves,Wolverhampton Wanderers,José Sá,POR,31-311,90,3,1,2,66.7,0.7,4,11,36.4,18,2,44.4,37.2,3,100.0,79.0,21,1,4.8,2,21.8,ed24aeb8
ENG-Premier League,2425,2024-11-23 Leicester City-Chelsea,Chelsea,Robert Sánchez,ESP,27-005,90,1,1,0,100.0,0.8,2,11,18.2,30,3,33.3,29.2,1,100.0,46.0,5,0,0.0,1,14.5,bb885467
ENG-Premier League,2425,2024-11-23 Leicester City-Chelsea,Leicester City,Mads Hermansen,DEN,24-135,90,6,2,4,66.7,2.2,3,16,18.8,30,4,40.0,34.2,5,80.0,58.6,14,1,7.1,0,12.0,bb885467
ENG-Premier League,2425,2024-11-23 Manchester City-Tottenham,Manchester City,Ederson,BRA,31-098,90,7,4,3,42.9,3.4,2,3,66.7,19,1,15.8,28.9,2,0.0,13.0,5,0,0.0,0,9.0,c48b896c
ENG-Premier League,2425,2024-11-23 Manchester City-Tottenham,Tottenham Hotspur,Guglielmo Vicario,ITA,28-047,90,5,0,5,100.0,1.1,1,7,14.3,49,4,10.2,24.4,9,22.2,28.9,25,3,12.0,0,3.5,c48b896c
ENG-Premier League,2425,2024-11-24 Ipswich Town-Manchester Utd,Ipswich Town,Arijanet Muric,KVX,26-017,90,4,1,3,75.0,1.1,3,14,21.4,29,5,37.9,33.3,3,100.0,69.0,5,3,60.0,6,21.6,db1e4ea5
ENG-Premier League,2425,2024-11-24 Ipswich Town-Manchester Utd,Manchester United,André Onana,CMR,28-236,90,6,1,5,83.3,1.7,0,9,0.0,50,4,16.0,26.3,1,100.0,82.0,13,1,7.7,0,3.0,db1e4ea5
ENG-Premier League,2425,2024-11-24 Southampton-Liverpool,Liverpool,Caoimhín Kelleher,IRL,26-001,90,5,2,2,60.0,1.7,2,7,28.6,17,1,29.4,29.9,3,66.7,44.7,3,0,0.0,4,24.2,eb6f8e39
ENG-Premier League,2425,2024-11-24 Southampton-Liverpool,Southampton,Alex McCarthy,ENG,34-357,90,11,3,8,81.8,4.1,0,8,0.0,29,10,27.6,27.2,8,0.0,9.3,28,3,10.7,0,6.5,eb6f8e39
ENG-Premier League,2425,2024-11-25 Newcastle Utd-West Ham,Newcastle United,Nick Pope,ENG,32-220,90,6,2,4,66.7,1.2,4,6,66.7,27,9,14.8,25.7,3,66.7,45.0,8,0,0.0,3,19.8,79f46eec
ENG-Premier League,2425,2024-11-25 Newcastle Utd-West Ham,West Ham United,Łukasz Fabiański,POL,39-221,90,2,0,2,100.0,0.4,11,32,34.4,38,8,55.3,37.7,15,73.3,51.5,28,0,0.0,4,22.6,79f46eec
ENG-Premier League,2425,2024-11-29 Brighton-Southampton,Brighton & Hove Albion,Bart Verbruggen,NED,22-103,90,2,1,1,50.0,0.4,0,5,0.0,30,5,16.7,26.2,0,,,21,4,19.0,0,10.0,d38c4a31
ENG-Premier League,2425,2024-11-29 Brighton-Southampton,Southampton,Joe Lumley,ENG,29-288,90,5,1,4,80.0,0.7,5,11,45.5,44,7,22.7,25.3,7,14.3,17.3,29,0,0.0,0,12.5,d38c4a31
ENG-Premier League,2425,2024-11-30 Brentford-Leicester City,Brentford,Mark Flekken,NED,31-170,90,3,1,2,66.7,1.1,2,6,33.3,33,3,18.2,25.1,4,0.0,24.3,12,1,8.3,0,8.7,f4f9a64f
ENG-Premier League,2425,2024-11-30 Brentford-Leicester City,Leicester City,Mads Hermansen,DEN,24-142,90,6,4,2,33.3,3.5,4,23,17.4,35,6,40.0,36.1,9,100.0,60.4,18,1,5.6,3,21.0,f4f9a64f
ENG-Premier League,2425,2024-11-30 Crystal Palace-Newcastle Utd,Crystal Palace,Dean Henderson,ENG,27-263,90,0,1,0,,0.0,3,14,21.4,28,2,46.4,38.7,2,50.0,42.5,18,0,0.0,5,24.8,a4f03af0
ENG-Premier League,2425,2024-11-30 Crystal Palace-Newcastle Utd,Newcastle United,Nick Pope,ENG,32-225,90,3,1,2,66.7,0.9,3,10,30.0,21,7,14.3,23.7,8,87.5,57.6,19,3,15.8,2,15.4,a4f03af0
ENG-Premier League,2425,2024-11-30 Nott'ham Forest-Ipswich Town,Ipswich Town,Arijanet Muric,KVX,26-023,90,5,1,4,100.0,1.5,3,7,42.9,26,8,23.1,27.0,8,12.5,19.4,18,2,11.1,0,4.0,ddc8856c
ENG-Premier League,2425,2024-11-30 Nott'ham Forest-Ipswich Town,Nottingham Forest,Matz Sels,BEL,32-278,90,2,0,2,100.0,0.4,2,11,18.2,15,2,73.3,47.1,0,,,13,1,7.7,0,3.0,ddc8856c
ENG-Premier League,2425,2024-11-30 West Ham-Arsenal,Arsenal,David Raya,ESP,29-076,90,5,2,3,60.0,2.3,5,19,26.3,40,4,42.5,36.1,2,100.0,58.5,7,0,0.0,1,28.0,f78bee62
ENG-Premier League,2425,2024-11-30 West Ham-Arsenal,West Ham United,Łukasz Fabiański,POL,39-226,90,7,5,2,57.1,3.7,5,16,31.3,29,4,44.8,37.2,5,60.0,37.2,16,1,6.3,0,7.8,f78bee62
ENG-Premier League,2425,2024-11-30 Wolves-Bournemouth,Bournemouth,Kepa Arrizabalaga,ESP,30-058,90,3,2,1,33.3,1.2,4,11,36.4,26,2,26.9,30.4,8,50.0,42.9,13,1,7.7,0,7.3,adfb1b89
ENG-Premier League,2425,2024-11-30 Wolves-Bournemouth,Wolverhampton Wanderers,José Sá,POR,31-318,90,8,4,4,87.5,3.3,1,6,16.7,27,3,14.8,26.9,2,100.0,60.5,13,1,7.7,2,17.7,adfb1b89
ENG-Premier League,2425,2024-12-01 Chelsea-Aston Villa,Aston Villa,Emiliano Martínez,ARG,32-090,45,5,2,3,60.0,1.3,5,8,62.5,26,2,,27.7,2,,14.0,5,1,20.0,,9.0,080b797b
ENG-Premier League,2425,2024-12-01 Chelsea-Aston Villa,Aston Villa,Robin Olsen,SWE,34-328,45,3,1,2,66.7,1.1,1,6,16.7,19,0,21.1,26.5,2,100.0,70.0,2,0,0.0,0,8.3,080b797b
ENG-Premier League,2425,2024-12-01 Chelsea-Aston Villa,Chelsea,Robert Sánchez,ESP,27-013,90,3,0,3,100.0,0.7,3,12,25.0,34,9,26.5,31.4,3,100.0,67.7,7,1,14.3,2,15.9,080b797b
ENG-Premier League,2425,2024-12-01 Liverpool-Manchester City,Liverpool,Caoimhín Kelleher,IRL,26-008,90,2,0,2,100.0,0.9,3,16,18.8,45,5,35.6,31.6,0,,,6,0,0.0,0,,0bd6ad44
ENG-Premier League,2425,2024-12-01 Liverpool-Manchester City,Manchester City,Stefan Ortega,GER,32-025,90,7,2,5,85.7,2.3,2,7,28.6,35,4,14.3,23.2,8,25.0,19.5,12,0,0.0,4,30.3,0bd6ad44
ENG-Premier League,2425,2024-12-01 Manchester Utd-Everton,Everton,Jordan Pickford,ENG,30-269,90,5,4,1,20.0,1.4,6,18,33.3,43,4,39.5,33.6,3,33.3,38.7,5,0,0.0,2,22.0,e6eef20f
ENG-Premier League,2425,2024-12-01 Manchester Utd-Everton,Manchester United,André Onana,CMR,28-243,90,2,0,2,100.0,0.2,1,3,33.3,39,4,7.7,24.2,0,,,10,0,0.0,0,8.0,e6eef20f
ENG-Premier League,2425,2024-12-01 Tottenham-Fulham,Fulham,Bernd Leno,GER,32-272,90,3,1,2,66.7,1.1,5,13,38.5,24,4,37.5,35.4,4,100.0,57.3,12,1,8.3,2,14.3,9aaa6ed5
ENG-Premier League,2425,2024-12-01 Tottenham-Fulham,Tottenham Hotspur,Fraser Forster,ENG,36-259,90,6,1,5,83.3,1.7,0,3,0.0,18,3,16.7,25.8,4,0.0,16.8,20,1,5.0,0,6.7,9aaa6ed5
ENG-Premier League,2425,2024-12-03 Ipswich Town-Crystal Palace,Crystal Palace,Dean Henderson,ENG,27-266,90,2,0,2,100.0,0.5,5,23,21.7,35,2,54.3,39.5,5,80.0,55.4,13,2,15.4,1,12.8,f7a96e82
ENG-Premier League,2425,2024-12-03 Ipswich Town-Crystal Palace,Ipswich Town,Arijanet Muric,KVX,26-026,90,3,1,2,66.7,1.3,12,18,66.7,44,2,36.4,31.7,3,66.7,51.0,14,0,0.0,0,7.5,f7a96e82
ENG-Premier League,2425,2024-12-03 Leicester City-West Ham,Leicester City,Mads Hermansen,DEN,24-145,90,8,1,7,87.5,3.1,5,25,20.0,40,5,50.0,38.1,5,100.0,61.0,23,4,17.4,0,8.4,355fd8ce
ENG-Premier League,2425,2024-12-03 Leicester City-West Ham,West Ham United,Łukasz Fabiański,POL,39-229,90,6,3,3,50.0,3.0,1,4,25.0,19,2,21.1,29.8,3,0.0,13.3,8,0,0.0,0,16.0,355fd8ce
ENG-Premier League,2425,2024-12-04 Arsenal-Manchester Utd,Arsenal,David Raya,ESP,29-080,90,2,0,2,100.0,0.6,3,9,33.3,43,4,18.6,25.6,1,100.0,61.0,4,0,0.0,2,28.0,9938aa27
ENG-Premier League,2425,2024-12-04 Arsenal-Manchester Utd,Manchester United,André Onana,CMR,28-246,90,6,2,4,66.7,2.9,1,9,11.1,36,2,16.7,27.0,7,42.9,34.6,20,2,10.0,0,3.9,9938aa27
ENG-Premier League,2425,2024-12-04 Aston Villa-Brentford,Aston Villa,Emiliano Martínez,ARG,32-093,90,1,1,0,0.0,0.6,6,17,35.3,33,3,45.5,38.0,5,40.0,41.6,19,2,10.5,2,20.8,c24a734b
ENG-Premier League,2425,2024-12-04 Aston Villa-Brentford,Brentford,Mark Flekken,NED,31-174,90,10,3,7,80.0,3.3,5,11,45.5,31,4,35.5,31.3,2,0.0,26.0,15,3,20.0,3,13.2,c24a734b
ENG-Premier League,2425,2024-12-04 Everton-Wolves,Everton,Jordan Pickford,ENG,30-272,90,2,0,2,100.0,0.4,9,25,36.0,41,6,48.8,41.7,9,55.6,46.3,11,0,0.0,7,25.6,71f00b04
ENG-Premier League,2425,2024-12-04 Everton-Wolves,Wolverhampton Wanderers,José Sá,POR,31-322,90,4,4,2,0.0,0.8,2,14,14.3,25,5,40.0,35.0,4,100.0,64.3,10,0,0.0,0,10.0,71f00b04
ENG-Premier League,2425,2024-12-04 Manchester City-Nott'ham Forest,Manchester City,Stefan Ortega,GER,32-028,90,3,0,3,100.0,0.5,2,8,25.0,37,5,18.9,25.7,8,12.5,13.8,11,0,0.0,2,14.3,dedb0eee
ENG-Premier League,2425,2024-12-04 Manchester City-Nott'ham Forest,Nottingham Forest,Matz Sels,BEL,32-282,90,6,3,3,50.0,3.2,5,18,27.8,17,1,82.4,48.1,10,40.0,32.0,12,0,0.0,1,16.5,dedb0eee
ENG-Premier League,2425,2024-12-04 Newcastle Utd-Liverpool,Liverpool,Caoimhín Kelleher,IRL,26-011,90,6,3,3,50.0,2.5,3,11,27.3,42,9,21.4,25.5,3,66.7,40.7,13,1,7.7,1,13.5,ca898c29
ENG-Premier League,2425,2024-12-04 Newcastle Utd-Liverpool,Newcastle United,Nick Pope,ENG,32-229,90,5,3,2,40.0,3.4,3,10,30.0,19,12,26.3,31.5,6,83.3,56.5,13,3,23.1,2,16.2,ca898c29
ENG-Premier League,2425,2024-12-04 Southampton-Chelsea,Chelsea,Filip Jørgensen,DEN,22-232,90,4,1,3,75.0,1.8,0,4,0.0,21,4,19.0,24.0,0,,,13,1,7.7,0,6.5,e4480630
ENG-Premier League,2425,2024-12-04 Southampton-Chelsea,Southampton,Joe Lumley,ENG,29-293,90,11,5,6,54.5,5.4,7,25,28.0,58,4,39.7,33.0,4,50.0,39.8,9,0,0.0,5,32.2,e4480630
ENG-Premier League,2425,2024-12-05 Bournemouth-Tottenham,Bournemouth,Kepa Arrizabalaga,ESP,30-063,90,4,0,4,100.0,0.4,7,19,36.8,14,3,78.6,50.2,11,72.7,48.5,18,1,5.6,0,2.3,c7e59a0a
ENG-Premier League,2425,2024-12-05 Bournemouth-Tottenham,Tottenham Hotspur,Fraser Forster,ENG,36-263,90,8,1,7,87.5,1.8,0,0,,19,2,0.0,21.4,13,0.0,17.3,10,0,0.0,0,13.7,c7e59a0a
ENG-Premier League,2425,2024-12-05 Fulham-Brighton,Brighton & Hove Albion,Bart Verbruggen,NED,22-109,90,2,3,0,-50.0,1.4,0,3,0.0,30,3,10.0,22.2,0,,,15,0,0.0,0,11.3,32aaf579
ENG-Premier League,2425,2024-12-05 Fulham-Brighton,Fulham,Bernd Leno,GER,32-276,90,3,1,2,66.7,0.7,8,21,38.1,40,3,40.0,35.4,7,71.4,55.0,17,0,0.0,0,,32aaf579
ENG-Premier League,2425,2024-12-07 Aston Villa-Southampton,Aston Villa,Emiliano Martínez,ARG,32-096,90,0,0,0,,0.0,2,5,40.0,27,6,14.8,29.6,1,100.0,63.0,8,0,0.0,0,,92cfde2c
ENG-Premier League,2425,2024-12-07 Aston Villa-Southampton,Southampton,Joe Lumley,ENG,29-296,90,4,1,3,75.0,1.6,3,14,21.4,33,3,39.4,31.1,4,25.0,20.0,18,2,11.1,2,13.4,92cfde2c
ENG-Premier League,2425,2024-12-07 Brentford-Newcastle Utd,Brentford,Mark Flekken,NED,31-177,90,3,2,1,33.3,1.3,10,24,41.7,33,2,51.5,39.8,8,87.5,61.8,14,1,7.1,0,9.3,1042592d
ENG-Premier League,2425,2024-12-07 Brentford-Newcastle Utd,Newcastle United,Nick Pope,ENG,32-232,90,7,4,3,42.9,2.3,0,4,0.0,21,10,4.8,22.7,9,33.3,39.0,11,2,18.2,5,20.7,1042592d
ENG-Premier League,2425,2024-12-07 Crystal Palace-Manchester City,Crystal Palace,Dean Henderson,ENG,27-270,90,4,2,2,50.0,2.3,5,20,25.0,31,1,58.1,42.4,4,50.0,41.8,14,1,7.1,1,17.0,6b7fbda1
ENG-Premier League,2425,2024-12-07 Crystal Palace-Manchester City,Manchester City,Stefan Ortega,GER,32-031,90,3,2,1,33.3,1.3,2,7,28.6,37,8,18.9,22.2,3,0.0,15.3,11,1,9.1,0,12.5,6b7fbda1
ENG-Premier League,2425,2024-12-07 Manchester Utd-Nott'ham Forest,Manchester United,André Onana,CMR,28-249,90,3,3,0,0.0,1.5,2,4,50.0,37,1,10.8,19.9,1,0.0,25.0,6,0,0.0,1,14.0,08966ea6
ENG-Premier League,2425,2024-12-07 Manchester Utd-Nott'ham Forest,Nottingham Forest,Matz Sels,BEL,32-285,90,7,2,5,71.4,1.6,7,28,25.0,23,2,78.3,48.3,10,100.0,66.5,20,1,5.0,1,15.0,08966ea6
ENG-Premier League,2425,2024-12-08 Fulham-Arsenal,Arsenal,David Raya,ESP,29-084,90,2,1,1,50.0,0.4,2,3,66.7,22,4,13.6,21.7,1,0.0,17.0,9,1,11.1,3,21.2,038dfa98
ENG-Premier League,2425,2024-12-08 Fulham-Arsenal,Fulham,Bernd Leno,GER,32-279,90,4,1,3,75.0,1.2,10,24,41.7,38,7,39.5,35.4,10,90.0,58.0,23,4,17.4,0,4.8,038dfa98
ENG-Premier League,2425,2024-12-08 Ipswich Town-Bournemouth,Bournemouth,Kepa Arrizabalaga,ESP,30-066,90,5,1,4,80.0,1.7,2,8,25.0,17,4,17.6,26.3,7,71.4,46.0,10,0,0.0,0,12.7,392c7b1f
ENG-Premier League,2425,2024-12-08 Ipswich Town-Bournemouth,Ipswich Town,Arijanet Muric,KVX,26-031,90,6,2,4,66.7,2.0,8,18,44.4,19,1,57.9,43.6,11,63.6,49.0,17,1,5.9,2,14.8,392c7b1f
ENG-Premier League,2425,2024-12-08 Leicester City-Brighton,Brighton & Hove Albion,Bart Verbruggen,NED,22-112,90,3,2,1,33.3,1.8,1,5,20.0,31,3,16.1,29.2,1,0.0,13.0,17,0,0.0,1,13.0,7b549f8f
ENG-Premier League,2425,2024-12-08 Leicester City-Brighton,Leicester City,Mads Hermansen,DEN,24-150,90,7,2,5,71.4,3.1,5,18,27.8,48,4,33.3,30.9,5,40.0,29.4,11,1,9.1,0,3.0,7b549f8f
ENG-Premier League,2425,2024-12-08 Tottenham-Chelsea,Chelsea,Robert Sánchez,ESP,27-020,90,5,3,2,40.0,1.8,3,17,17.6,39,3,35.9,36.4,4,75.0,55.3,10,0,0.0,1,15.7,abff9b73
ENG-Premier League,2425,2024-12-08 Tottenham-Chelsea,Tottenham Hotspur,Fraser Forster,ENG,36-266,90,8,4,4,75.0,4.1,1,4,25.0,22,5,18.2,27.0,6,0.0,12.5,12,1,8.3,0,9.0,abff9b73
ENG-Premier League,2425,2024-12-09 West Ham-Wolves,West Ham United,Łukasz Fabiański,POL,39-235,90,5,1,4,80.0,1.3,8,26,30.8,35,5,57.1,41.4,7,85.7,56.1,7,0,0.0,2,23.0,4d72ec87
ENG-Premier League,2425,2024-12-09 West Ham-Wolves,Wolverhampton Wanderers,Sam Johnstone,ENG,31-259,90,4,2,2,50.0,0.4,13,28,46.4,35,2,68.6,43.9,4,100.0,64.5,19,1,5.3,1,10.4,4d72ec87
ENG-Premier League,2425,2024-12-14 Arsenal-Everton,Arsenal,David Raya,ESP,29-090,90,0,0,0,,0.0,0,1,0.0,29,6,3.4,20.6,1,0.0,14.0,8,1,12.5,3,23.2,32aa9e8e
ENG-Premier League,2425,2024-12-14 Arsenal-Everton,Everton,Jordan Pickford,ENG,30-282,90,5,0,5,100.0,1.7,5,22,22.7,28,2,71.4,48.7,6,33.3,29.8,23,3,13.0,1,7.6,32aa9e8e
ENG-Premier League,2425,2024-12-14 Liverpool-Fulham,Fulham,Bernd Leno,GER,32-285,90,4,2,2,50.0,1.4,5,16,31.3,35,4,34.3,36.1,8,50.0,50.5,26,1,3.8,2,12.5,a436996c
ENG-Premier League,2425,2024-12-14 Liverpool-Fulham,Liverpool,Alisson,BRA,32-073,90,3,2,1,33.3,1.8,3,5,60.0,30,6,13.3,22.0,7,14.3,22.9,9,1,11.1,5,21.6,a436996c
ENG-Premier League,2425,2024-12-14 Newcastle Utd-Leicester City,Leicester City,Danny Ward,WAL,31-175,45,6,3,3,50.0,2.3,4,12,33.3,18,5,38.9,35.1,5,100.0,65.2,4,0,0.0,1,18.5,0b6fe43f
ENG-Premier League,2425,2024-12-14 Newcastle Utd-Leicester City,Leicester City,Mads Hermansen,DEN,24-156,45,5,1,4,80.0,2.0,2,9,22.2,18,5,38.9,30.9,2,100.0,61.5,6,,,,,0b6fe43f
ENG-Premier League,2425,2024-12-14 Newcastle Utd-Leicester City,Newcastle United,Martin Dúbravka,SVK,35-334,90,1,0,1,100.0,0.1,1,3,33.3,27,2,3.7,20.0,3,66.7,40.0,6,2,33.3,1,10.8,0b6fe43f
ENG-Premier League,2425,2024-12-14 Nott'ham Forest-Aston Villa,Aston Villa,Emiliano Martínez,ARG,32-103,90,6,2,4,66.7,1.9,3,4,75.0,33,4,12.1,24.5,4,0.0,15.3,18,1,5.6,0,3.0,26926fd3
ENG-Premier League,2425,2024-12-14 Nott'ham Forest-Aston Villa,Nottingham Forest,Matz Sels,BEL,32-292,90,2,1,1,50.0,0.3,3,5,60.0,11,1,36.4,32.9,4,25.0,28.8,11,2,18.2,1,10.8,26926fd3
ENG-Premier League,2425,2024-12-14 Wolves-Ipswich Town,Ipswich Town,Arijanet Muric,KVX,26-037,90,6,1,5,83.3,1.5,5,11,45.5,45,8,20.0,27.8,2,100.0,65.5,18,4,22.2,0,6.5,46d52e33
ENG-Premier League,2425,2024-12-14 Wolves-Ipswich Town,Wolverhampton Wanderers,Sam Johnstone,ENG,31-264,90,3,2,2,33.3,1.0,4,12,33.3,31,4,38.7,35.8,2,0.0,12.5,11,3,27.3,4,15.9,46d52e33
ENG-Premier League,2425,2024-12-15 Brighton-Crystal Palace,Brighton & Hove Albion,Bart Verbruggen,NED,22-119,90,5,3,2,40.0,2.0,1,6,16.7,34,6,17.6,22.9,1,0.0,27.0,10,1,10.0,2,12.2,c8314a05
ENG-Premier League,2425,2024-12-15 Brighton-Crystal Palace,Crystal Palace,Dean Henderson,ENG,27-278,90,5,1,5,80.0,1.1,5,24,20.8,28,3,57.1,42.4,12,66.7,50.4,20,1,5.0,2,15.3,c8314a05
ENG-Premier League,2425,2024-12-15 Chelsea-Brentford,Brentford,Mark Flekken,NED,31-185,90,8,2,6,75.0,1.6,5,22,22.7,40,4,47.5,39.2,7,42.9,39.9,21,1,4.8,0,8.1,5f0803f7
ENG-Premier League,2425,2024-12-15 Chelsea-Brentford,Chelsea,Robert Sánchez,ESP,27-027,90,4,1,3,75.0,1.8,4,19,21.1,46,11,41.3,38.4,0,,,16,6,37.5,4,15.9,5f0803f7
ENG-Premier League,2425,2024-12-15 Manchester City-Manchester Utd,Manchester City,Ederson,BRA,31-120,90,3,2,1,66.7,2.1,6,12,50.0,30,2,30.0,34.4,7,42.9,43.6,9,0,0.0,0,11.8,3d772028
ENG-Premier League,2425,2024-12-15 Manchester City-Manchester Utd,Manchester United,André Onana,CMR,28-257,90,3,1,2,66.7,0.9,3,12,25.0,30,4,36.7,31.6,6,16.7,28.8,13,0,0.0,1,11.3,3d772028
ENG-Premier League,2425,2024-12-15 Southampton-Tottenham,Southampton,Alex McCarthy,ENG,35-012,90,9,5,4,44.4,3.6,5,13,38.5,22,2,50.0,35.9,5,40.0,33.0,12,0,0.0,0,5.0,37afd6da
ENG-Premier League,2425,2024-12-15 Southampton-Tottenham,Tottenham Hotspur,Fraser Forster,ENG,36-273,90,3,0,3,100.0,0.4,0,4,0.0,30,8,13.3,24.0,7,0.0,14.1,9,1,11.1,2,21.3,37afd6da
ENG-Premier League,2425,2024-12-16 Bournemouth-West Ham,Bournemouth,Kepa Arrizabalaga,ESP,30-074,90,3,1,2,100.0,1.4,10,21,47.6,36,4,52.8,38.0,3,66.7,45.0,16,1,6.3,3,18.6,49cd674b
ENG-Premier League,2425,2024-12-16 Bournemouth-West Ham,West Ham United,Łukasz Fabiański,POL,39-242,90,9,1,8,88.9,2.1,4,23,17.4,31,5,51.6,39.4,9,77.8,54.9,23,1,4.3,0,9.5,49cd674b
ENG-Premier League,2425,2024-12-21 Aston Villa-Manchester City,Aston Villa,Emiliano Martínez,ARG,32-110,90,6,1,5,83.3,1.3,3,9,33.3,36,1,19.4,29.3,4,50.0,37.5,10,1,10.0,0,10.7,ce9dc982
ENG-Premier League,2425,2024-12-21 Aston Villa-Manchester City,Manchester City,Stefan Ortega,GER,32-045,90,6,2,4,66.7,2.1,2,3,66.7,31,5,9.7,20.8,0,,,6,0,0.0,1,18.5,ce9dc982
ENG-Premier League,2425,2024-12-21 Brentford-Nott'ham Forest,Brentford,Mark Flekken,NED,31-191,90,6,2,4,66.7,1.4,2,3,66.7,27,4,11.1,26.6,6,0.0,19.7,12,0,0.0,0,5.0,1c60d037
ENG-Premier League,2425,2024-12-21 Brentford-Nott'ham Forest,Nottingham Forest,Matz Sels,BEL,32-299,90,3,0,3,100.0,1.0,8,21,38.1,15,0,80.0,52.5,9,100.0,66.1,30,1,3.3,0,6.3,1c60d037
ENG-Premier League,2425,2024-12-21 Crystal Palace-Arsenal,Arsenal,David Raya,ESP,29-097,90,6,1,5,83.3,1.7,6,21,28.6,49,3,36.7,31.9,4,75.0,58.5,11,2,18.2,1,11.8,5e7aa707
ENG-Premier League,2425,2024-12-21 Crystal Palace-Arsenal,Crystal Palace,Dean Henderson,ENG,27-284,90,6,5,1,16.7,3.1,1,11,9.1,23,1,47.8,35.2,2,0.0,11.0,12,0,0.0,0,3.0,5e7aa707
ENG-Premier League,2425,2024-12-21 Ipswich Town-Newcastle Utd,Ipswich Town,Arijanet Muric,KVX,26-044,90,7,4,3,42.9,1.8,3,15,20.0,37,5,27.0,31.7,6,83.3,55.7,6,1,16.7,3,15.0,764fc51e
ENG-Premier League,2425,2024-12-21 Ipswich Town-Newcastle Utd,Newcastle United,Martin Dúbravka,SVK,35-341,90,2,0,2,100.0,0.2,0,9,0.0,43,3,14.0,25.9,8,37.5,35.1,8,0,0.0,0,17.0,764fc51e
ENG-Premier League,2425,2024-12-21 West Ham-Brighton,Brighton & Hove Albion,Bart Verbruggen,NED,22-125,90,4,1,3,75.0,1.4,7,13,53.8,31,4,41.9,34.5,0,,,12,0,0.0,1,10.7,04be8e87
ENG-Premier League,2425,2024-12-21 West Ham-Brighton,West Ham United,Łukasz Fabiański,POL,39-247,90,6,1,5,83.3,2.2,8,26,30.8,49,6,46.9,36.1,7,42.9,36.1,18,0,0.0,3,19.0,04be8e87
ENG-Premier League,2425,2024-12-22 Everton-Chelsea,Chelsea,Robert Sánchez,ESP,27-034,90,4,0,4,100.0,0.7,0,3,0.0,22,5,13.6,24.6,1,0.0,17.0,8,2,25.0,1,8.8,de72140c
ENG-Premier League,2425,2024-12-22 Everton-Chelsea,Everton,Jordan Pickford,ENG,30-290,90,4,0,4,100.0,0.5,7,26,26.9,30,4,60.0,45.5,11,72.7,56.5,14,0,0.0,0,,de72140c
ENG-Premier League,2425,2024-12-22 Fulham-Southampton,Fulham,Bernd Leno,GER,32-293,90,1,0,1,100.0,0.0,1,2,50.0,31,4,6.5,22.6,2,0.0,17.0,11,1,9.1,0,9.5,ba3fcb1e
ENG-Premier League,2425,2024-12-22 Fulham-Southampton,Southampton,Aaron Ramsdale,ENG,26-222,90,5,0,5,100.0,1.2,4,30,13.3,26,2,73.1,49.6,11,100.0,70.5,19,1,5.3,0,4.3,ba3fcb1e
ENG-Premier League,2425,2024-12-22 Leicester City-Wolves,Leicester City,Danny Ward,WAL,31-183,90,4,3,1,25.0,0.6,6,10,60.0,27,4,37.0,30.6,4,0.0,28.0,7,0,0.0,1,25.0,ecd6cb1d
ENG-Premier League,2425,2024-12-22 Leicester City-Wolves,Wolverhampton Wanderers,José Sá,POR,31-340,90,4,0,4,100.0,0.4,1,8,12.5,32,10,18.8,30.9,3,66.7,45.0,21,2,9.5,4,14.6,ecd6cb1d
ENG-Premier League,2425,2024-12-22 Manchester Utd-Bournemouth,Bournemouth,Kepa Arrizabalaga,ESP,30-080,90,7,0,7,100.0,1.4,5,18,27.8,22,2,31.8,34.6,12,91.7,58.3,18,0,0.0,3,19.3,8381ba53
ENG-Premier League,2425,2024-12-22 Manchester Utd-Bournemouth,Manchester United,André Onana,CMR,28-264,90,5,3,2,60.0,2.6,7,16,43.8,39,4,38.5,35.1,4,25.0,28.0,6,1,16.7,2,15.8,8381ba53
ENG-Premier League,2425,2024-12-22 Tottenham-Liverpool,Liverpool,Alisson,BRA,32-081,90,5,3,2,40.0,2.2,3,8,37.5,19,3,36.8,31.1,3,33.3,32.0,9,0,0.0,1,16.2,1e1cea4c
ENG-Premier League,2425,2024-12-22 Tottenham-Liverpool,Tottenham Hotspur,Fraser Forster,ENG,36-280,90,11,6,5,45.5,3.8,3,6,50.0,16,4,31.3,29.3,15,6.7,16.4,15,0,0.0,0,8.0,1e1cea4c
ENG-Premier League,2425,2024-12-26 Bournemouth-Crystal Palace,Bournemouth,Kepa Arrizabalaga,ESP,30-084,90,4,0,4,100.0,0.5,3,5,60.0,21,5,14.3,26.0,5,40.0,37.8,10,0,0.0,5,26.7,886ca6b3
ENG-Premier League,2425,2024-12-26 Bournemouth-Crystal Palace,Crystal Palace,Dean Henderson,ENG,27-289,90,3,0,3,100.0,0.4,7,19,36.8,27,3,40.7,39.3,13,61.5,48.0,16,0,0.0,0,5.0,886ca6b3
ENG-Premier League,2425,2024-12-26 Chelsea-Fulham,Chelsea,Robert Sánchez,ESP,27-038,90,7,2,5,71.4,2.8,2,15,13.3,39,8,38.5,35.8,0,,,12,1,8.3,5,23.3,03d6159c
ENG-Premier League,2425,2024-12-26 Chelsea-Fulham,Fulham,Bernd Leno,GER,32-297,90,8,1,7,87.5,2.0,3,6,50.0,35,7,11.4,24.0,6,33.3,30.2,12,1,8.3,0,9.5,03d6159c
ENG-Premier League,2425,2024-12-26 Liverpool-Leicester City,Leicester City,Jakub Stolarczyk,POL,24-007,90,7,3,4,57.1,2.3,12,22,54.5,33,7,45.5,34.1,11,63.6,48.6,44,3,6.8,0,4.4,1f604fbd
ENG-Premier League,2425,2024-12-26 Liverpool-Leicester City,Liverpool,Alisson,BRA,32-085,90,1,1,0,0.0,0.9,1,2,50.0,15,4,13.3,22.8,2,0.0,18.0,6,0,0.0,0,11.0,1f604fbd
ENG-Premier League,2425,2024-12-26 Manchester City-Everton,Everton,Jordan Pickford,ENG,30-294,90,5,1,3,80.0,1.7,10,27,37.0,49,7,46.9,37.3,10,40.0,36.4,15,2,13.3,2,14.2,87f2d794
ENG-Premier League,2425,2024-12-26 Manchester City-Everton,Manchester City,Stefan Ortega,GER,32-050,90,3,1,2,66.7,0.9,0,1,0.0,19,4,5.3,21.1,5,0.0,18.2,8,0,0.0,2,17.3,87f2d794
ENG-Premier League,2425,2024-12-26 Newcastle Utd-Aston Villa,Aston Villa,Emiliano Martínez,ARG,32-115,90,7,3,4,57.1,3.3,8,20,40.0,37,3,35.1,34.8,8,87.5,58.5,16,2,12.5,0,6.5,9985f304
ENG-Premier League,2425,2024-12-26 Newcastle Utd-Aston Villa,Newcastle United,Martin Dúbravka,SVK,35-346,90,1,0,1,100.0,0.2,0,2,0.0,15,5,0.0,19.4,3,66.7,43.7,13,2,15.4,0,9.4,9985f304
ENG-Premier League,2425,2024-12-26 Nott'ham Forest-Tottenham,Nottingham Forest,Matz Sels,BEL,32-304,90,4,0,4,100.0,0.9,7,18,38.9,14,4,64.3,45.4,9,100.0,61.1,17,1,5.9,0,5.3,eb738106
ENG-Premier League,2425,2024-12-26 Nott'ham Forest-Tottenham,Tottenham Hotspur,Fraser Forster,ENG,36-284,90,3,1,2,66.7,1.4,2,3,66.7,16,5,18.8,25.0,7,0.0,11.3,4,0,0.0,0,6.3,eb738106
ENG-Premier League,2425,2024-12-26 Southampton-West Ham,Southampton,Aaron Ramsdale,ENG,26-226,90,2,1,1,50.0,0.4,14,29,48.3,32,4,62.5,39.9,9,100.0,69.1,6,2,33.3,0,3.7,8050686b
ENG-Premier League,2425,2024-12-26 Southampton-West Ham,West Ham United,Alphonse Areola,FRA,31-303,55,2,0,2,100.0,0.1,6,15,40.0,27,4,37.0,36.1,7,71.4,47.3,14,1,7.1,0,4.0,8050686b
ENG-Premier League,2425,2024-12-26 Southampton-West Ham,West Ham United,Łukasz Fabiański,POL,39-252,35,3,,3,,0.5,2,5,40.0,17,1,,33.3,1,,15.0,6,,,,,8050686b
ENG-Premier League,2425,2024-12-26 Wolves-Manchester Utd,Manchester United,André Onana,CMR,28-268,90,4,2,2,50.0,1.6,2,10,20.0,21,4,38.1,33.5,6,33.3,26.0,10,0,0.0,1,11.8,77bcad49
ENG-Premier League,2425,2024-12-26 Wolves-Manchester Utd,Wolverhampton Wanderers,José Sá,POR,31-344,90,4,0,4,100.0,1.1,2,15,13.3,29,4,41.4,38.3,5,60.0,46.6,17,1,5.9,1,18.3,77bcad49
ENG-Premier League,2425,2024-12-27 Arsenal-Ipswich Town,Arsenal,David Raya,ESP,29-103,90,0,0,0,,0.0,4,10,40.0,29,2,34.5,29.8,1,0.0,18.0,6,2,33.3,0,2.5,668dad03
ENG-Premier League,2425,2024-12-27 Arsenal-Ipswich Town,Ipswich Town,Arijanet Muric,KVX,26-050,90,5,1,4,80.0,1.3,4,13,30.8,18,1,44.4,34.0,5,100.0,63.6,13,1,7.7,1,11.5,668dad03
ENG-Premier League,2425,2024-12-27 Brighton-Brentford,Brentford,Hákon Rafn Valdimarsson,ISL,23-075,55,2,0,2,100.0,0.1,6,20,30.0,21,3,47.6,39.1,10,100.0,62.2,9,2,22.2,0,5.2,15b10b33
ENG-Premier League,2425,2024-12-27 Brighton-Brentford,Brentford,Mark Flekken,NED,31-197,35,5,,5,,0.7,4,8,50.0,25,2,28.0,34.9,1,100.0,68.0,5,1,20.0,,7.0,15b10b33
ENG-Premier League,2425,2024-12-27 Brighton-Brentford,Brighton & Hove Albion,Bart Verbruggen,NED,22-131,90,3,0,3,100.0,0.9,3,13,23.1,43,3,25.6,29.3,2,100.0,66.0,7,1,14.3,6,25.1,15b10b33
ENG-Premier League,2425,2024-12-29 Crystal Palace-Southampton,Crystal Palace,Dean Henderson,ENG,27-292,90,3,1,2,66.7,1.0,9,26,34.6,39,1,61.5,44.5,4,50.0,40.0,20,1,5.0,2,14.0,6d06b29c
ENG-Premier League,2425,2024-12-29 Crystal Palace-Southampton,Southampton,Aaron Ramsdale,ENG,26-229,90,9,2,7,77.8,2.0,13,28,46.4,35,6,68.6,47.1,4,100.0,69.8,18,1,5.6,0,3.5,6d06b29c
ENG-Premier League,2425,2024-12-29 Everton-Nott'ham Forest,Everton,Jordan Pickford,ENG,30-297,90,7,2,5,71.4,1.6,7,20,35.0,45,9,44.4,36.9,4,0.0,12.5,7,1,14.3,3,24.8,5fa986dc
ENG-Premier League,2425,2024-12-29 Everton-Nott'ham Forest,Nottingham Forest,Matz Sels,BEL,32-307,90,2,0,2,100.0,0.2,14,27,51.9,19,4,73.7,45.7,13,100.0,65.0,27,2,7.4,0,2.0,5fa986dc
ENG-Premier League,2425,2024-12-29 Fulham-Bournemouth,Bournemouth,Kepa Arrizabalaga,ESP,30-087,90,6,2,4,66.7,2.4,6,13,46.2,25,3,36.0,35.8,7,57.1,45.0,9,1,11.1,0,6.0,4b4023dc
ENG-Premier League,2425,2024-12-29 Fulham-Bournemouth,Fulham,Bernd Leno,GER,32-300,90,8,2,6,75.0,2.4,5,12,41.7,34,6,35.3,33.6,3,0.0,16.7,20,0,0.0,1,18.7,4b4023dc
ENG-Premier League,2425,2024-12-29 Leicester City-Manchester City,Leicester City,Jakub Stolarczyk,POL,24-010,90,5,2,3,60.0,1.3,3,10,30.0,30,4,30.0,25.9,7,14.3,19.1,7,0,0.0,0,,8bbb6d95
ENG-Premier League,2425,2024-12-29 Leicester City-Manchester City,Manchester City,Stefan Ortega,GER,32-053,90,3,0,3,100.0,0.6,4,6,66.7,21,4,14.3,26.5,8,37.5,33.1,13,0,0.0,0,,8bbb6d95
ENG-Premier League,2425,2024-12-29 Tottenham-Wolves,Tottenham Hotspur,Fraser Forster,ENG,36-287,90,3,2,1,33.3,1.9,5,10,50.0,20,3,50.0,38.8,4,0.0,7.5,11,1,9.1,1,11.7,3d2ef5b4
ENG-Premier League,2425,2024-12-29 Tottenham-Wolves,Wolverhampton Wanderers,José Sá,POR,31-347,90,3,2,0,33.3,1.3,7,24,29.2,31,2,61.3,41.9,6,83.3,55.0,11,1,9.1,3,22.2,3d2ef5b4
ENG-Premier League,2425,2024-12-29 West Ham-Liverpool,Liverpool,Alisson,BRA,32-088,90,0,0,0,,0.0,1,5,20.0,26,4,19.2,24.0,1,0.0,26.0,6,0,0.0,1,8.8,c1a66ac0
ENG-Premier League,2425,2024-12-29 West Ham-Liverpool,West Ham United,Alphonse Areola,FRA,31-306,90,13,5,8,61.5,4.1,8,12,66.7,31,5,29.0,29.4,13,23.1,22.0,17,0,0.0,2,16.0,c1a66ac0
ENG-Premier League,2425,2024-12-30 Aston Villa-Brighton,Aston Villa,Emiliano Martínez,ARG,32-119,90,4,2,2,50.0,1.5,6,12,50.0,32,4,25.0,30.4,5,80.0,58.8,9,0,0.0,2,23.5,5e8340e9
ENG-Premier League,2425,2024-12-30 Aston Villa-Brighton,Brighton & Hove Albion,Bart Verbruggen,NED,22-134,90,4,2,2,75.0,1.2,5,11,45.5,31,3,22.6,29.2,4,100.0,73.5,17,3,17.6,0,6.1,5e8340e9
ENG-Premier League,2425,2024-12-30 Ipswich Town-Chelsea,Chelsea,Filip Jørgensen,DEN,22-258,90,6,2,4,83.3,2.4,0,1,0.0,23,3,4.3,19.1,6,0.0,13.7,6,0,0.0,0,15.0,88073205
ENG-Premier League,2425,2024-12-30 Ipswich Town-Chelsea,Ipswich Town,Christian Walton,ENG,29-051,90,4,0,4,100.0,1.5,9,34,26.5,30,5,70.0,45.1,13,100.0,61.5,16,4,25.0,0,4.3,88073205
ENG-Premier League,2425,2024-12-30 Manchester Utd-Newcastle Utd,Manchester United,André Onana,CMR,28-272,90,4,2,2,50.0,1.7,4,14,28.6,31,2,32.3,34.3,5,80.0,55.8,9,0,0.0,1,11.0,8cff7a63
ENG-Premier League,2425,2024-12-30 Manchester Utd-Newcastle Utd,Newcastle United,Martin Dúbravka,SVK,35-350,90,0,0,0,,0.0,5,15,33.3,35,6,31.4,31.2,6,66.7,54.3,10,1,10.0,0,9.5,8cff7a63
ENG-Premier League,2425,2025-01-01 Brentford-Arsenal,Arsenal,David Raya,ESP,29-108,90,2,1,1,50.0,0.6,4,16,25.0,29,7,41.4,36.4,6,66.7,47.5,11,2,18.2,0,7.0,7e6892e4
ENG-Premier League,2425,2025-01-01 Brentford-Arsenal,Brentford,Mark Flekken,NED,31-202,90,4,3,1,25.0,2.7,8,32,25.0,54,1,44.4,37.1,8,100.0,69.9,13,1,7.7,2,11.1,7e6892e4
ENG-Premier League,2425,2025-01-04 Aston Villa-Leicester City,Aston Villa,Emiliano Martínez,ARG,32-124,90,2,1,1,50.0,0.7,2,4,50.0,30,4,10.0,21.8,2,50.0,35.0,11,4,36.4,0,10.3,f5ae8d7d
ENG-Premier League,2425,2025-01-04 Aston Villa-Leicester City,Leicester City,Jakub Stolarczyk,POL,24-016,90,5,2,3,60.0,1.6,6,17,35.3,29,4,58.6,35.3,0,,,13,1,7.7,0,5.0,f5ae8d7d
ENG-Premier League,2425,2025-01-04 Bournemouth-Everton,Bournemouth,Mark Travers,IRL,25-231,90,0,0,0,,0.0,6,14,42.9,24,8,29.2,33.8,9,77.8,56.0,11,1,9.1,0,9.0,43f0c302
ENG-Premier League,2425,2025-01-04 Bournemouth-Everton,Everton,Jordan Pickford,ENG,30-303,90,8,1,7,87.5,2.9,14,35,40.0,40,6,77.5,50.3,6,66.7,48.2,22,0,0.0,2,15.0,43f0c302
ENG-Premier League,2425,2025-01-04 Brighton-Arsenal,Arsenal,David Raya,ESP,29-111,90,4,1,3,100.0,1.9,3,14,21.4,47,8,29.8,31.4,5,0.0,14.2,8,0,0.0,0,8.0,52186da4
ENG-Premier League,2425,2025-01-04 Brighton-Arsenal,Brighton & Hove Albion,Bart Verbruggen,NED,22-139,90,3,1,2,66.7,0.4,3,10,30.0,39,5,20.5,30.5,4,50.0,39.5,11,1,9.1,0,9.0,52186da4
ENG-Premier League,2425,2025-01-04 Crystal Palace-Chelsea,Chelsea,Robert Sánchez,ESP,27-047,90,6,1,5,83.3,1.0,2,11,18.2,42,10,26.2,32.2,0,,,13,1,7.7,2,13.2,cd9861d5
ENG-Premier League,2425,2025-01-04 Crystal Palace-Chelsea,Crystal Palace,Dean Henderson,ENG,27-298,90,1,1,0,0.0,0.7,10,20,50.0,28,4,46.4,37.3,12,58.3,45.8,13,1,7.7,0,5.3,cd9861d5
ENG-Premier League,2425,2025-01-04 Manchester City-West Ham,Manchester City,Stefan Ortega,GER,32-059,90,4,1,3,75.0,1.2,4,9,44.4,38,1,10.5,24.2,9,55.6,38.1,11,0,0.0,0,5.5,d7773a4c
ENG-Premier League,2425,2025-01-04 Manchester City-West Ham,West Ham United,Alphonse Areola,FRA,31-312,90,7,4,4,42.9,2.5,3,8,37.5,36,2,22.2,27.9,3,0.0,14.7,10,1,10.0,1,10.6,d7773a4c
ENG-Premier League,2425,2025-01-04 Southampton-Brentford,Brentford,Mark Flekken,NED,31-205,90,1,0,1,100.0,0.6,3,15,20.0,47,6,27.7,32.8,2,100.0,73.0,9,3,33.3,0,5.0,36fc576a
ENG-Premier League,2425,2025-01-04 Southampton-Brentford,Southampton,Aaron Ramsdale,ENG,26-235,90,10,5,5,60.0,4.5,9,23,39.1,35,8,51.4,34.7,6,83.3,58.0,9,2,22.2,1,14.7,36fc576a
ENG-Premier League,2425,2025-01-04 Tottenham-Newcastle Utd,Newcastle United,Martin Dúbravka,SVK,35-355,90,4,1,3,75.0,1.2,3,10,30.0,15,3,46.7,38.7,5,60.0,43.4,21,2,9.5,0,6.7,be247ac3
ENG-Premier League,2425,2025-01-04 Tottenham-Newcastle Utd,Tottenham Hotspur,Brandon Austin,ENG,25-362,90,4,2,2,50.0,2.2,3,11,27.3,26,5,38.5,32.3,6,16.7,29.0,15,5,33.3,2,12.4,be247ac3
ENG-Premier League,2425,2025-01-05 Fulham-Ipswich Town,Fulham,Bernd Leno,GER,32-307,90,3,2,1,66.7,1.4,0,3,0.0,28,0,10.7,21.8,4,0.0,12.3,6,0,0.0,3,20.8,8b69ef69
ENG-Premier League,2425,2025-01-05 Fulham-Ipswich Town,Ipswich Town,Christian Walton,ENG,29-057,90,4,2,2,100.0,2.2,5,19,26.3,21,3,66.7,46.2,7,71.4,57.4,31,2,6.5,0,10.8,8b69ef69
ENG-Premier League,2425,2025-01-05 Liverpool-Manchester Utd,Liverpool,Alisson,BRA,32-095,90,4,2,2,50.0,0.4,0,2,0.0,22,3,9.1,24.4,3,0.0,16.0,19,1,5.3,4,13.6,4cef863f
ENG-Premier League,2425,2025-01-05 Liverpool-Manchester Utd,Manchester United,André Onana,CMR,28-278,90,6,2,4,83.3,1.8,4,19,21.1,14,2,42.9,36.2,13,100.0,57.4,13,1,7.7,0,3.7,4cef863f
ENG-Premier League,2425,2025-01-06 Wolves-Nott'ham Forest,Nottingham Forest,Matz Sels,BEL,32-315,90,5,0,5,100.0,1.0,11,23,47.8,20,3,85.0,51.3,6,100.0,68.3,23,0,0.0,0,2.8,56c4250a
ENG-Premier League,2425,2025-01-06 Wolves-Nott'ham Forest,Wolverhampton Wanderers,José Sá,POR,31-355,90,3,3,0,0.0,2.7,1,7,14.3,29,2,24.1,28.9,9,0.0,14.4,9,0,0.0,3,17.6,56c4250a
ENG-Premier League,2425,2025-01-14 Brentford-Manchester City,Brentford,Mark Flekken,NED,31-215,90,8,2,6,75.0,2.2,8,25,32.0,44,3,38.6,34.7,9,88.9,61.7,14,0,0.0,0,9.0,68c2e6b8
ENG-Premier League,2425,2025-01-14 Brentford-Manchester City,Manchester City,Stefan Ortega,GER,32-069,90,5,2,3,60.0,1.5,13,17,76.5,40,3,40.0,32.5,1,100.0,57.0,14,1,7.1,0,13.3,68c2e6b8
ENG-Premier League,2425,2025-01-14 Chelsea-Bournemouth,Bournemouth,Mark Travers,IRL,25-241,90,10,2,8,80.0,3.1,2,14,14.3,30,6,33.3,35.0,7,57.1,46.3,12,0,0.0,1,13.7,fff671a9
ENG-Premier League,2425,2025-01-14 Chelsea-Bournemouth,Chelsea,Robert Sánchez,ESP,27-057,90,3,2,1,66.7,1.1,5,14,35.7,43,4,32.6,31.4,1,0.0,21.0,8,3,37.5,0,12.3,fff671a9
ENG-Premier League,2425,2025-01-14 Nott'ham Forest-Liverpool,Liverpool,Alisson,BRA,32-104,90,3,1,2,66.7,0.9,2,5,40.0,24,4,20.8,23.9,3,0.0,16.0,4,0,0.0,1,28.0,118f8df8
ENG-Premier League,2425,2025-01-14 Nott'ham Forest-Liverpool,Nottingham Forest,Matz Sels,BEL,32-323,90,6,1,5,83.3,1.9,8,19,42.1,11,1,81.8,50.6,11,90.9,57.0,27,1,3.7,0,11.0,118f8df8
ENG-Premier League,2425,2025-01-14 West Ham-Fulham,Fulham,Bernd Leno,GER,32-316,90,3,3,0,0.0,2.1,2,5,40.0,29,2,13.8,23.3,2,50.0,38.5,4,0,0.0,1,19.0,c6168c73
ENG-Premier League,2425,2025-01-14 West Ham-Fulham,West Ham United,Łukasz Fabiański,POL,39-271,90,4,2,2,50.0,0.9,10,19,52.6,38,1,34.2,34.5,14,42.9,37.4,17,0,0.0,0,4.0,c6168c73
ENG-Premier League,2425,2025-01-15 Arsenal-Tottenham,Arsenal,David Raya,ESP,29-122,90,2,1,1,50.0,0.9,7,17,41.2,23,3,43.5,34.1,8,87.5,58.1,14,2,14.3,2,29.0,ee9ce5e2
ENG-Premier League,2425,2025-01-15 Arsenal-Tottenham,Tottenham Hotspur,Antonín Kinský,CZE,21-308,90,4,2,3,50.0,0.3,5,11,45.5,43,7,23.3,30.8,6,16.7,24.3,20,2,10.0,0,6.9,ee9ce5e2
ENG-Premier League,2425,2025-01-15 Everton-Aston Villa,Aston Villa,Emiliano Martínez,ARG,32-135,90,2,0,2,100.0,0.9,4,9,44.4,47,2,17.0,26.9,2,50.0,44.0,20,2,10.0,2,15.8,3e70b855
ENG-Premier League,2425,2025-01-15 Everton-Aston Villa,Everton,Jordan Pickford,ENG,30-314,90,3,1,2,66.7,0.8,6,16,37.5,46,6,32.6,32.2,3,33.3,32.3,10,1,10.0,3,15.8,3e70b855
ENG-Premier League,2425,2025-01-15 Leicester City-Crystal Palace,Crystal Palace,Dean Henderson,ENG,27-309,90,4,0,4,100.0,0.5,6,16,37.5,28,6,35.7,31.4,7,85.7,60.9,17,1,5.9,1,12.5,99eb6105
ENG-Premier League,2425,2025-01-15 Leicester City-Crystal Palace,Leicester City,Jakub Stolarczyk,POL,24-027,90,4,2,2,50.0,2.5,7,13,53.8,36,2,30.6,26.6,2,100.0,55.5,8,1,12.5,0,11.5,99eb6105
ENG-Premier League,2425,2025-01-15 Newcastle Utd-Wolves,Newcastle United,Martin Dúbravka,SVK,36-000,90,7,0,7,100.0,1.6,2,6,33.3,35,7,14.3,22.1,6,16.7,25.2,8,0,0.0,3,27.4,535d70d7
ENG-Premier League,2425,2025-01-15 Newcastle Utd-Wolves,Wolverhampton Wanderers,José Sá,POR,31-364,90,5,3,2,40.0,1.8,7,25,28.0,35,3,65.7,43.6,10,20.0,22.6,12,1,8.3,3,24.0,535d70d7
ENG-Premier League,2425,2025-01-16 Ipswich Town-Brighton,Brighton & Hove Albion,Bart Verbruggen,NED,22-151,90,3,0,3,100.0,0.5,3,13,23.1,43,1,27.9,31.0,1,100.0,57.0,8,1,12.5,1,14.5,ace86fcc
ENG-Premier League,2425,2025-01-16 Ipswich Town-Brighton,Ipswich Town,Christian Walton,ENG,29-068,90,5,2,3,60.0,2.3,5,16,31.3,38,4,34.2,31.2,9,33.3,32.8,17,0,0.0,0,7.0,ace86fcc
ENG-Premier League,2425,2025-01-16 Manchester Utd-Southampton,Manchester United,André Onana,CMR,28-289,90,5,1,5,80.0,0.6,2,15,13.3,39,0,30.8,28.9,4,75.0,54.0,7,0,0.0,0,,f443a602
ENG-Premier League,2425,2025-01-16 Manchester Utd-Southampton,Southampton,Aaron Ramsdale,ENG,26-247,90,9,3,6,66.7,2.6,6,24,25.0,29,0,58.6,39.1,7,100.0,69.3,8,0,0.0,0,7.0,f443a602
ENG-Premier League,2425,2025-01-18 Arsenal-Aston Villa,Arsenal,David Raya,ESP,29-125,90,4,2,2,50.0,1.5,3,7,42.9,21,4,28.6,29.5,3,33.3,29.0,6,0,0.0,1,21.5,1fdaaaba
ENG-Premier League,2425,2025-01-18 Arsenal-Aston Villa,Aston Villa,Emiliano Martínez,ARG,32-138,90,6,2,4,66.7,1.8,12,24,50.0,34,4,55.9,40.5,8,62.5,43.3,31,3,9.7,0,5.7,1fdaaaba
ENG-Premier League,2425,2025-01-18 Brentford-Liverpool,Brentford,Mark Flekken,NED,31-219,90,8,2,6,75.0,2.2,8,18,44.4,47,4,23.4,29.7,7,100.0,65.1,30,2,6.7,0,4.3,5e8445c1
ENG-Premier League,2425,2025-01-18 Brentford-Liverpool,Liverpool,Alisson,BRA,32-108,90,6,0,6,100.0,0.7,7,10,70.0,25,6,40.0,32.6,1,0.0,16.0,8,0,0.0,1,19.0,5e8445c1
ENG-Premier League,2425,2025-01-18 Leicester City-Fulham,Fulham,Bernd Leno,GER,32-320,90,4,0,4,100.0,0.7,2,6,33.3,27,5,18.5,28.6,3,33.3,45.7,12,0,0.0,0,,bc3ae18e
ENG-Premier League,2425,2025-01-18 Leicester City-Fulham,Leicester City,Jakub Stolarczyk,POL,24-030,90,2,2,0,0.0,1.5,7,20,35.0,30,3,56.7,36.5,6,50.0,40.5,15,0,0.0,5,27.3,bc3ae18e
ENG-Premier League,2425,2025-01-18 Newcastle Utd-Bournemouth,Bournemouth,Kepa Arrizabalaga,ESP,30-107,90,4,1,3,75.0,0.6,5,21,23.8,17,3,76.5,43.8,8,100.0,58.8,21,1,4.8,1,13.3,99d11a39
ENG-Premier League,2425,2025-01-18 Newcastle Utd-Bournemouth,Newcastle United,Martin Dúbravka,SVK,36-003,90,10,4,6,60.0,4.1,1,8,12.5,22,6,13.6,23.1,9,55.6,41.7,19,0,0.0,2,16.3,99d11a39
ENG-Premier League,2425,2025-01-18 West Ham-Crystal Palace,Crystal Palace,Dean Henderson,ENG,27-312,90,0,0,0,,0.0,2,14,14.3,28,0,39.3,34.2,5,60.0,46.0,7,1,14.3,0,12.7,03ac4a9c
ENG-Premier League,2425,2025-01-18 West Ham-Crystal Palace,West Ham United,Łukasz Fabiański,POL,39-275,90,7,2,5,85.7,1.6,3,7,42.9,31,5,16.1,24.6,5,40.0,32.8,13,1,7.7,0,5.3,03ac4a9c
ENG-Premier League,2425,2025-01-19 Everton-Tottenham,Everton,Jordan Pickford,ENG,30-318,90,5,2,3,60.0,2.1,10,19,52.6,34,3,47.1,38.6,5,60.0,49.8,13,1,7.7,1,15.8,e9f61cb0
ENG-Premier League,2425,2025-01-19 Everton-Tottenham,Tottenham Hotspur,Antonín Kinský,CZE,21-312,90,6,3,4,50.0,1.9,2,4,50.0,26,3,15.4,24.9,7,0.0,13.1,16,0,0.0,1,12.0,e9f61cb0
ENG-Premier League,2425,2025-01-19 Ipswich Town-Manchester City,Ipswich Town,Christian Walton,ENG,29-071,90,9,6,3,33.3,3.8,5,7,71.4,20,4,25.0,27.2,10,20.0,27.3,6,1,16.7,0,6.5,6c829b8f
ENG-Premier League,2425,2025-01-19 Ipswich Town-Manchester City,Manchester City,Ederson,BRA,31-155,90,4,0,4,100.0,0.5,1,6,16.7,39,6,10.3,25.3,2,100.0,63.0,11,4,36.4,2,13.0,6c829b8f
ENG-Premier League,2425,2025-01-19 Manchester Utd-Brighton,Brighton & Hove Albion,Bart Verbruggen,NED,22-154,90,1,1,0,100.0,0.8,2,12,16.7,35,1,28.6,32.1,2,100.0,67.0,9,0,0.0,2,11.8,45028d5b
ENG-Premier League,2425,2025-01-19 Manchester Utd-Brighton,Manchester United,André Onana,CMR,28-292,90,3,3,0,0.0,2.2,3,14,21.4,25,2,44.0,34.1,3,100.0,57.7,6,0,0.0,1,11.8,45028d5b
ENG-Premier League,2425,2025-01-19 Nott'ham Forest-Southampton,Nottingham Forest,Matz Sels,BEL,32-328,90,3,2,1,33.3,1.7,4,14,28.6,18,0,66.7,45.3,2,100.0,63.0,22,1,4.5,0,4.5,e0f90407
ENG-Premier League,2425,2025-01-19 Nott'ham Forest-Southampton,Southampton,Aaron Ramsdale,ENG,26-250,90,4,3,1,25.0,1.1,3,15,20.0,20,4,45.0,39.0,6,100.0,66.7,13,1,7.7,0,9.5,e0f90407
ENG-Premier League,2425,2025-01-20 Chelsea-Wolves,Chelsea,Robert Sánchez,ESP,27-063,90,4,1,3,75.0,1.0,2,7,28.6,44,10,15.9,27.4,5,0.0,8.8,16,2,12.5,0,4.8,e62cfa12
ENG-Premier League,2425,2025-01-20 Chelsea-Wolves,Wolverhampton Wanderers,José Sá,POR,32-003,90,6,3,3,50.0,3.4,0,9,0.0,22,4,36.4,38.3,4,25.0,30.0,18,1,5.6,0,6.0,e62cfa12
