,,,,nation,pos,age,born,Playing Time,Playing Time,Playing Time,Playing Time,Playing Time,Starts,Starts,Starts,Subs,Subs,Subs,Team Success,Team Success,Team Success,Team Success,Team Success,Team Success,Team Success (xG),Team Success (xG),Team Success (xG),Team Success (xG),Team Success (xG)
,,,,,,,,MP,Min,Mn/MP,Min%,90s,Starts,Mn/Start,Compl,Subs,Mn/Sub,unSub,PPM,onG,onGA,+/-,+/-90,On-Off,onxG,onxGA,xG+/-,xG+/-90,On-Off
league,season,team,player,,,,,,,,,,,,,,,,,,,,,,,,,,
ENG-Premier League,2425,Arsenal,Aaron Ramsdale,ENG,GK,26-223,1998,0,,,,,0,,0,0,,2,,,,,,,,,,,
ENG-Premier League,2425,Arsenal,Ayden Heaven,ENG,DF,18-092,2006,0,,,,,0,,0,0,,3,,,,,,,,,,,
ENG-Premier League,2425,Arsenal,Ben White,ENG,DF,27-076,1997,9,695,77,45.4,7.7,7,90,7,2,33,0,1.44,9,7,2,0.26,-1.47,8.5,9.7,-1.2,-0.16,-1.74
ENG-Premier League,2425,Arsenal,Bukayo Saka,ENG,"FW,MF",23-109,2001,16,1268,79,82.9,14.1,16,79,7,0,,0,2.06,30,13,17,1.21,0.86,25.4,10.7,14.7,1.04,1.46
ENG-Premier League,2425,Arsenal,David Raya,ESP,GK,29-099,1995,17,1530,90,100.0,17.0,17,90,17,0,,0,1.94,34,16,18,1.06,,29.3,15.8,13.5,0.79,
ENG-Premier League,2425,Arsenal,Declan Rice,ENG,MF,25-344,1999,15,1196,80,78.2,13.3,14,83,10,1,33,1,1.8,27,14,13,0.98,-0.37,24.1,11.4,12.7,0.96,0.75
ENG-Premier League,2425,Arsenal,Eddie Nketiah,ENG,FW,25-207,1999,0,,,,,0,,0,0,,2,,,,,,,,,,,
ENG-Premier League,2425,Arsenal,Ethan Nwaneri,ENG,"MF,FW",17-277,2007,10,117,12,7.6,1.3,0,,0,10,12,7,1.8,3,0,3,2.31,1.35,2.3,0.8,1.5,1.16,0.4
ENG-Premier League,2425,Arsenal,Gabriel Jesus,BRA,FW,27-264,1997,14,358,26,23.4,4.0,3,78,1,11,11,1,1.86,10,3,7,1.76,0.92,7.3,3.8,3.5,0.87,0.1
ENG-Premier League,2425,Arsenal,Gabriel Magalhães,BRA,DF,27-004,1997,15,1268,85,82.9,14.1,15,85,13,0,,0,1.93,31,14,17,1.21,0.86,24.9,14.2,10.7,0.76,-0.2
ENG-Premier League,2425,Arsenal,Gabriel Martinelli,BRA,"FW,MF",23-188,2001,15,946,63,61.8,10.5,11,76,2,4,27,2,1.8,18,10,8,0.76,-0.78,15.8,10.7,5.1,0.49,-0.8
ENG-Premier League,2425,Arsenal,Ismeal Kabia,ENG,MF,19-013,2005,0,,,,,0,,0,0,,2,,,,,,,,,,,
ENG-Premier League,2425,Arsenal,Jakub Kiwior,POL,DF,24-312,2000,8,327,41,21.4,3.6,2,90,2,6,25,8,1.88,3,5,-2,-0.55,-2.05,5.6,4.2,1.4,0.39,-0.52
ENG-Premier League,2425,Arsenal,Jorginho,ITA,MF,33-003,1991,8,393,49,25.7,4.4,5,72,2,3,12,9,2.13,9,4,5,1.15,0.12,9.1,2.9,6.3,1.43,0.86
ENG-Premier League,2425,Arsenal,Josh Nichols,ENG,DF,18-150,2006,0,,,,,0,,0,0,,3,,,,,,,,,,,
ENG-Premier League,2425,Arsenal,Jurriën Timber,NED,DF,23-189,2001,15,1215,81,79.4,13.5,14,85,7,1,22,0,2.0,30,11,19,1.41,1.69,23.8,11.9,11.9,0.88,0.44
ENG-Premier League,2425,Arsenal,Kai Havertz,GER,"FW,MF",25-195,1999,16,1390,87,90.8,15.4,16,87,14,0,,1,1.88,29,16,13,0.84,-2.37,27.2,15.4,11.7,0.76,-0.38
ENG-Premier League,2425,Arsenal,Kieran Tierney,SCO,"DF,MF",27-201,1997,0,,,,,0,,0,0,,5,,,,,,,,,,,
ENG-Premier League,2425,Arsenal,Leandro Trossard,BEL,FW,30-019,1994,17,917,54,59.9,10.2,10,73,2,7,27,0,1.94,26,10,16,1.57,1.28,20.2,7.6,12.6,1.23,1.1
ENG-Premier League,2425,Arsenal,Maldini Kacurri,ALB,DF,19-080,2005,0,,,,,0,,0,0,,3,,,,,,,,,,,
ENG-Premier League,2425,Arsenal,Martin Ødegaard,NOR,MF,26-006,1998,10,816,82,53.3,9.1,10,82,4,0,,0,2.2,21,6,15,1.65,1.28,16.2,7.5,8.7,0.96,0.36
ENG-Premier League,2425,Arsenal,Mikel Merino,ESP,MF,28-184,1996,10,480,48,31.4,5.3,5,78,2,5,18,0,1.6,8,5,3,0.56,-0.72,8.0,4.0,4.0,0.76,-0.05
ENG-Premier League,2425,Arsenal,Myles Lewis-Skelly,ENG,DF,18-088,2006,4,141,35,9.2,1.6,2,63,0,2,8,8,1.5,3,3,0,0.0,-1.17,2.8,2.2,0.6,0.37,-0.47
ENG-Premier League,2425,Arsenal,Nathan Butler-Oyedeji,ENG,FW,21-354,2003,0,,,,,0,,0,0,,1,,,,,,,,,,,
ENG-Premier League,2425,Arsenal,Neto,BRA,GK,35-157,1989,0,,,,,0,,0,0,,13,,,,,,,,,,,
ENG-Premier League,2425,Arsenal,Oleksandr Zinchenko,UKR,"DF,MF",28-008,1996,6,238,40,15.6,2.6,2,69,0,4,25,4,2.17,3,0,3,1.13,0.09,2.7,1.7,0.9,0.36,-0.51
ENG-Premier League,2425,Arsenal,Raheem Sterling,ENG,"MF,FW",30-015,1994,6,148,25,9.7,1.6,2,48,0,4,13,6,2.5,4,1,3,1.82,0.85,3.1,1.4,1.7,1.04,0.28
ENG-Premier League,2425,Arsenal,Reiss Nelson,ENG,FW,25-013,1999,1,3,3,0.2,0.0,0,,0,1,3,1,3.0,0,0,0,0.0,-1.06,0.0,0.0,0.0,0.1,-0.69
ENG-Premier League,2425,Arsenal,Riccardo Calafiori,ITA,DF,22-218,2002,9,540,60,35.3,6.0,6,77,2,3,26,1,2.22,18,8,10,1.67,0.94,14.5,6.1,8.3,1.39,0.92
ENG-Premier League,2425,Arsenal,Salah Oulad M'Hand,NED,MF,21-125,2003,0,,,,,0,,0,0,,1,,,,,,,,,,,
ENG-Premier League,2425,Arsenal,Takehiro Tomiyasu,JPN,DF,26-048,1998,1,7,7,0.5,0.1,0,,0,1,7,0,3.0,1,0,1,12.86,11.85,0.6,0.0,0.5,6.86,6.09
ENG-Premier League,2425,Arsenal,Thomas Partey,GHA,"MF,DF",31-193,1993,16,1309,82,85.6,14.5,14,89,11,2,34,0,1.88,25,14,11,0.76,-2.09,21.8,14.0,7.8,0.53,-1.8
ENG-Premier League,2425,Arsenal,Tommy Setford,ENG,GK,18-285,2006,0,,,,,0,,0,0,,2,,,,,,,,,,,
ENG-Premier League,2425,Arsenal,William Saliba,FRA,DF,23-274,2001,16,1379,86,90.1,15.3,16,86,15,0,,0,2.0,32,12,20,1.31,2.5,27.7,13.2,14.5,0.95,1.55
ENG-Premier League,2425,Aston Villa,Amadou Onana,BEL,MF,23-129,2001,12,810,68,52.9,9.0,11,72,4,1,17,1,1.67,12,16,-4,-0.44,-0.94,12.7,12.7,0.1,0.01,-0.85
ENG-Premier League,2425,Aston Villa,Benjamin Broggio,ENG,FW,17-329,2007,0,,,,,0,,0,0,,1,,,,,,,,,,,
ENG-Premier League,2425,Aston Villa,Boubacar Kamara,FRA,MF,25-030,1999,8,436,55,28.5,4.8,5,80,2,3,12,1,1.25,7,8,-1,-0.21,-0.29,7.0,5.5,1.6,0.32,-0.11
ENG-Premier League,2425,Aston Villa,Diego Carlos,BRA,DF,31-283,1993,9,740,82,48.4,8.2,7,90,7,2,55,6,1.33,12,13,-1,-0.12,-0.24,12.0,10.7,1.3,0.16,-0.47
ENG-Premier League,2425,Aston Villa,Emi Buendía,ARG,"MF,FW",27-364,1996,8,44,6,2.9,0.5,0,,0,8,6,9,2.13,0,1,-1,-2.05,-2.11,0.8,1.2,-0.3,-0.7,-1.14
ENG-Premier League,2425,Aston Villa,Emiliano Martínez,ARG,GK,32-112,1992,17,1485,87,97.1,16.5,17,87,16,0,,0,1.65,26,25,1,0.06,2.06,26.5,19.5,7.1,0.43,0.81
ENG-Premier League,2425,Aston Villa,Ezri Konsa,ENG,DF,27-061,1997,15,1271,85,83.1,14.1,15,85,14,0,,1,1.6,21,23,-2,-0.14,-0.84,22.0,16.8,5.2,0.37,-0.21
ENG-Premier League,2425,Aston Villa,Ian Maatsen,NED,DF,22-288,2002,13,290,22,19.0,3.2,2,63,0,11,15,4,1.69,8,6,2,0.62,0.77,7.6,4.1,3.5,1.09,0.84
ENG-Premier League,2425,Aston Villa,Jacob Ramsey,ENG,"FW,MF",23-209,2001,10,633,63,41.4,7.0,7,74,2,3,39,0,1.7,12,14,-2,-0.28,-0.49,10.2,9.3,1.0,0.14,-0.46
ENG-Premier League,2425,Aston Villa,Jaden Philogene Bidace,ENG,"FW,MF",22-319,2002,11,332,30,21.7,3.7,2,78,1,9,20,1,1.64,2,5,-3,-0.81,-1.04,4.7,4.7,0.0,-0.01,-0.53
ENG-Premier League,2425,Aston Villa,Jhon Durán,COL,FW,21-010,2003,17,571,34,37.3,6.3,3,70,0,14,26,0,1.65,12,10,2,0.32,0.5,8.8,8.5,0.2,0.04,-0.59
ENG-Premier League,2425,Aston Villa,Joe Gauci,AUS,GK,24-172,2000,0,,,,,0,,0,0,,8,,,,,,,,,,,
ENG-Premier League,2425,Aston Villa,John McGinn,SCO,"FW,MF",30-066,1994,15,1067,71,69.7,11.9,13,78,5,2,27,0,1.73,15,18,-3,-0.25,-0.84,19.9,13.9,6.1,0.51,0.35
ENG-Premier League,2425,Aston Villa,Kadan Young,ENG,MF,18-339,2006,0,,,,,0,,0,0,,3,,,,,,,,,,,
ENG-Premier League,2425,Aston Villa,Kosta Nedeljković,SRB,DF,19-007,2005,3,96,32,6.3,1.1,0,,0,3,32,7,2.0,0,2,-2,-1.87,-2.0,1.5,1.7,-0.2,-0.22,-0.67
ENG-Premier League,2425,Aston Villa,Lamare Bogarde,NED,DF,20-353,2004,3,213,71,13.9,2.4,3,71,1,0,,8,2.33,6,5,1,0.42,0.49,5.4,2.1,3.3,1.38,1.13
ENG-Premier League,2425,Aston Villa,Leon Bailey,JAM,"FW,MF",27-136,1997,14,731,52,47.8,8.1,10,63,1,4,25,1,1.57,15,12,3,0.37,0.71,14.2,8.7,5.5,0.68,0.53
ENG-Premier League,2425,Aston Villa,Lucas Digne,FRA,DF,31-156,1993,17,1255,74,82.0,13.9,15,80,6,2,28,0,1.65,18,20,-2,-0.14,-0.8,19.7,16.2,3.5,0.25,-0.86
ENG-Premier League,2425,Aston Villa,Matty Cash,POL,"DF,FW",27-138,1997,11,830,75,54.2,9.2,10,79,7,1,45,1,1.36,14,11,3,0.33,0.71,13.7,10.8,2.9,0.31,-0.2
ENG-Premier League,2425,Aston Villa,Morgan Rogers,ENG,"MF,FW",22-150,2002,17,1400,82,91.5,15.6,17,82,9,0,,0,1.65,25,19,6,0.39,4.54,25.8,16.8,9.0,0.58,2.05
ENG-Premier League,2425,Aston Villa,Oliwier Zych,POL,GK,20-178,2004,0,,,,,0,,0,0,,2,,,,,,,,,,,
ENG-Premier League,2425,Aston Villa,Ollie Watkins,ENG,FW,28-359,1995,17,1137,67,74.3,12.6,14,77,3,3,20,0,1.65,20,21,-1,-0.08,-0.31,21.6,14.6,7.0,0.56,0.6
ENG-Premier League,2425,Aston Villa,Pau Torres,ESP,DF,27-342,1997,16,1440,90,94.1,16.0,16,90,16,0,,1,1.56,23,25,-2,-0.12,-2.12,24.7,19.3,5.4,0.34,-1.13
ENG-Premier League,2425,Aston Villa,Robin Olsen,SWE,GK,34-350,1990,1,45,45,2.9,0.5,0,,0,1,45,8,0.0,0,1,-1,-2.0,-2.06,0.5,0.7,-0.2,-0.38,-0.81
ENG-Premier League,2425,Aston Villa,Ross Barkley,ENG,MF,31-018,1993,13,449,35,29.3,5.0,2,90,2,11,24,2,1.69,9,7,2,0.4,0.57,10.4,4.3,6.0,1.21,1.14
ENG-Premier League,2425,Aston Villa,Sil Swinkels,NED,DF,20-352,2004,0,,,,,0,,0,0,,3,,,,,,,,,,,
ENG-Premier League,2425,Aston Villa,Tyrone Mings,ENG,DF,31-285,1993,1,90,90,5.9,1.0,1,90,1,0,,7,3.0,3,1,2,2.0,2.12,2.4,0.9,1.5,1.47,1.13
ENG-Premier League,2425,Aston Villa,Youri Tielemans,BEL,MF,27-230,1997,17,1464,86,95.7,16.3,17,86,13,0,,0,1.65,26,23,3,0.18,4.28,25.6,19.1,6.5,0.4,-0.07
ENG-Premier League,2425,Bournemouth,Adam Smith,ENG,DF,33-238,1991,17,1035,61,67.6,11.5,12,74,4,5,29,0,1.65,19,13,6,0.52,0.52,23.5,12.7,10.9,0.94,0.74
ENG-Premier League,2425,Bournemouth,Alex Scott,ENG,MF,21-124,2003,8,263,33,17.2,2.9,2,62,0,6,23,0,1.38,3,3,0,0.0,-0.43,5.5,3.7,1.8,0.61,-0.11
ENG-Premier League,2425,Bournemouth,Antoine Semenyo,GHA,FW,24-351,2000,16,1386,87,90.6,15.4,16,87,11,0,,0,1.56,22,18,4,0.26,-0.99,28.6,19.9,8.7,0.57,-1.46
ENG-Premier League,2425,Bournemouth,Ben Winterburn,ENG,MF,20-110,2004,0,,,,,0,,0,0,,3,,,,,,,,,,,
ENG-Premier League,2425,Bournemouth,Dango Ouattara,BFA,"FW,DF",22-316,2002,14,702,50,45.9,7.8,6,77,3,8,30,0,1.79,15,6,9,1.15,1.48,16.6,10.7,5.9,0.76,0.1
ENG-Premier League,2425,Bournemouth,Daniel Jebbison,ENG,FW,21-132,2003,2,28,14,1.8,0.3,0,,0,2,14,0,1.0,1,0,1,3.21,2.91,0.7,0.3,0.4,1.19,0.49
ENG-Premier League,2425,Bournemouth,David Brooks,WAL,"FW,MF",27-168,1997,10,176,18,11.5,2.0,1,63,0,9,13,5,1.7,8,3,5,2.56,2.49,7.5,3.5,4.1,2.09,1.57
ENG-Premier League,2425,Bournemouth,Dean Huijsen,ESP,DF,19-253,2005,11,614,56,40.1,6.8,6,90,6,5,15,6,1.82,12,6,6,0.88,0.88,16.2,11.1,5.1,0.75,0.07
ENG-Premier League,2425,Bournemouth,Enes Ünal,TUR,"FW,MF",27-227,1997,14,245,18,16.0,2.7,1,63,0,13,14,0,1.64,4,3,1,0.37,0.02,6.1,5.6,0.5,0.19,-0.62
ENG-Premier League,2425,Bournemouth,Evanilson,BRA,FW,25-078,1999,16,1179,74,77.1,13.1,15,77,2,1,27,0,1.69,20,16,4,0.31,-0.21,26.2,15.0,11.2,0.85,0.63
ENG-Premier League,2425,Bournemouth,Hamed Junior Traorè,CIV,"FW,MF",24-311,2000,0,,,,,0,,0,0,,1,,,,,,,,,,,
ENG-Premier League,2425,Bournemouth,Illia Zabarnyi,UKR,DF,22-113,2002,17,1530,90,100.0,17.0,17,90,17,0,,0,1.65,27,21,6,0.35,,34.3,22.3,12.0,0.71,
ENG-Premier League,2425,Bournemouth,Jaidon Anthony,ENG,"FW,MF",25-022,1999,0,,,,,0,,0,0,,2,,,,,,,,,,,
ENG-Premier League,2425,Bournemouth,James Hill,ENG,MF,22-348,2002,2,7,4,0.5,0.1,0,,0,2,4,13,3.0,2,0,2,25.71,25.48,1.4,0.5,0.9,11.17,10.52
ENG-Premier League,2425,Bournemouth,Julian Araujo,MEX,DF,23-132,2001,8,355,44,23.2,3.9,5,61,0,3,17,3,1.13,2,7,-5,-1.27,-2.11,4.8,6.7,-1.9,-0.49,-1.55
ENG-Premier League,2425,Bournemouth,Justin Kluivert,NED,"MF,FW",25-232,1999,17,1056,62,69.0,11.7,14,69,1,3,29,0,1.65,19,14,5,0.43,0.24,23.0,14.4,8.6,0.74,0.1
ENG-Premier League,2425,Bournemouth,Kepa Arrizabalaga,ESP,GK,30-081,1994,12,1080,90,70.6,12.0,12,90,12,0,,0,1.83,22,16,6,0.5,0.5,26.7,15.2,11.5,0.96,0.86
ENG-Premier League,2425,Bournemouth,Lewis Cook,ENG,"MF,DF",27-324,1997,16,1312,82,85.8,14.6,14,90,13,2,30,0,1.56,20,19,1,0.07,-2.0,28.2,19.8,8.4,0.58,-0.9
ENG-Premier League,2425,Bournemouth,Luis Sinisterra,COL,"FW,MF",25-189,1999,8,208,26,13.6,2.3,1,62,0,7,21,0,1.38,5,3,2,0.87,0.59,5.7,3.3,2.4,1.04,0.39
ENG-Premier League,2425,Bournemouth,Marcos Senesi,ARG,DF,27-227,1997,11,917,83,59.9,10.2,11,83,7,0,,1,1.55,15,15,0,0.0,-0.88,18.1,11.8,6.3,0.61,-0.23
ENG-Premier League,2425,Bournemouth,Marcus Tavernier,ENG,"FW,MF",25-276,1999,15,1140,76,74.5,12.7,13,84,6,2,26,0,1.6,17,16,1,0.08,-1.07,24.5,14.1,10.4,0.82,0.44
ENG-Premier League,2425,Bournemouth,Mark Travers,IRL,GK,25-219,1999,3,270,90,17.6,3.0,3,90,3,0,,14,1.33,3,3,0,0.0,-0.43,4.1,4.1,0.0,-0.01,-0.87
ENG-Premier League,2425,Bournemouth,Max Aarons,ENG,DF,24-354,2000,1,16,16,1.0,0.2,0,,0,1,16,10,0.0,1,0,1,5.63,5.33,0.9,0.0,0.9,4.96,4.3
ENG-Premier League,2425,Bournemouth,Maxwell Wellings,ENG,DF,19-325,2005,0,,,,,0,,0,0,,6,,,,,,,,,,,
ENG-Premier League,2425,Bournemouth,Milos Kerkez,HUN,DF,21-046,2003,17,1457,86,95.2,16.2,17,86,13,0,,0,1.65,22,21,1,0.06,-6.1,30.4,21.9,8.5,0.53,-3.77
ENG-Premier League,2425,Bournemouth,Neto,BRA,GK,35-157,1989,2,180,90,11.8,2.0,2,90,2,0,,0,1.0,2,2,0,0.0,-0.4,3.5,2.9,0.5,0.25,-0.51
ENG-Premier League,2425,Bournemouth,Philip Billing,DEN,MF,28-195,1996,7,84,12,5.5,0.9,0,,0,7,12,3,2.0,4,2,2,2.14,1.89,3.5,2.4,1.1,1.22,0.55
ENG-Premier League,2425,Bournemouth,Ryan Christie,SCO,MF,29-305,1995,16,1134,71,74.1,12.6,14,77,4,2,28,0,1.75,20,15,5,0.4,0.17,23.7,16.1,7.7,0.61,-0.38
ENG-Premier League,2425,Bournemouth,Tyler Adams,USA,MF,25-313,1999,8,456,57,29.8,5.1,5,80,2,3,19,1,1.75,12,9,3,0.59,0.34,13.2,7.0,6.2,1.22,0.73
ENG-Premier League,2425,Bournemouth,Will Dennis,ENG,GK,24-166,2000,0,,,,,0,,0,0,,4,,,,,,,,,,,
ENG-Premier League,2425,Brentford,Ben Mee,ENG,DF,35-093,1989,4,99,25,6.5,1.1,1,90,1,3,3,13,1.5,1,4,-3,-2.73,-2.92,1.8,1.5,0.3,0.25,0.42
ENG-Premier League,2425,Brentford,Bryan Mbeumo,CMR,FW,25-138,1999,17,1524,90,99.6,16.9,17,90,14,0,,0,1.35,32,30,2,0.12,30.12,25.6,27.7,-2.1,-0.12,4.17
ENG-Premier League,2425,Brentford,Christian Nørgaard,DEN,MF,30-288,1994,14,1154,82,75.4,12.8,14,82,9,0,,0,1.57,27,23,4,0.31,1.27,21.9,19.7,2.2,0.17,1.26
ENG-Premier League,2425,Brentford,Edmond-Paris Maghoma,ENG,MF,23-229,2001,3,52,17,3.4,0.6,0,,0,3,17,4,1.0,0,0,0,0.0,0.0,0.4,0.8,-0.4,-0.66,-0.54
ENG-Premier League,2425,Brentford,Ethan Pinnock,JAM,DF,31-208,1993,16,1440,90,94.1,16.0,16,90,16,0,,0,1.44,32,30,2,0.12,2.12,25.4,27.6,-2.2,-0.14,0.06
ENG-Premier League,2425,Brentford,Fabio Carvalho,POR,"FW,MF",22-115,2002,16,428,27,28.0,4.8,3,81,0,13,14,1,1.38,8,13,-5,-1.05,-1.46,5.7,10.9,-5.2,-1.09,-1.33
ENG-Premier League,2425,Brentford,Frank Onyeka,NGA,MF,26-357,1998,2,25,13,1.6,0.3,0,,0,2,13,0,1.5,0,0,0,0.0,0.0,0.0,0.7,-0.7,-2.48,-2.38
ENG-Premier League,2425,Brentford,Hákon Rafn Valdimarsson,ISL,GK,23-071,2001,0,,,,,0,,0,0,,17,,,,,,,,,,,
ENG-Premier League,2425,Brentford,Jayden Meghoma,ENG,DF,18-178,2006,1,5,5,0.3,0.1,0,,0,1,5,10,0.0,1,0,1,18.0,18.06,0.2,0.1,0.1,1.56,1.71
ENG-Premier League,2425,Brentford,Keane Lewis-Potter,ENG,"DF,FW",23-305,2001,17,1289,76,84.2,14.3,15,84,9,2,17,0,1.35,26,27,-1,-0.07,-0.44,21.5,24.8,-3.2,-0.22,-0.54
ENG-Premier League,2425,Brentford,Kevin Schade,GER,FW,23-026,2001,17,758,45,49.5,8.4,8,72,0,9,20,0,1.35,18,17,1,0.12,0.24,14.0,11.9,2.1,0.25,0.77
ENG-Premier League,2425,Brentford,Kim Jisoo,KOR,DF,19-365,2004,0,,,,,0,,0,0,,4,,,,,,,,,,,
ENG-Premier League,2425,Brentford,Kristoffer Ajer,NOR,DF,26-250,1998,10,717,72,46.9,8.0,9,78,4,1,15,1,1.0,12,15,-3,-0.38,-0.71,11.3,12.7,-1.4,-0.18,-0.07
ENG-Premier League,2425,Brentford,Mads Roerslev,DEN,DF,25-182,1999,13,565,43,36.9,6.3,5,87,4,8,16,4,1.15,10,12,-2,-0.32,-0.51,10.1,11.3,-1.1,-0.18,-0.06
ENG-Premier League,2425,Brentford,Mark Flekken,NED,GK,31-193,1993,17,1530,90,100.0,17.0,17,90,17,0,,0,1.35,32,32,0,0.0,,26.1,28.5,-2.4,-0.14,
ENG-Premier League,2425,Brentford,Mathias Jensen,DEN,MF,28-357,1996,8,479,60,31.3,5.3,6,75,2,2,16,0,2.0,11,9,2,0.38,0.55,9.2,8.8,0.4,0.07,0.31
ENG-Premier League,2425,Brentford,Mikkel Damsgaard,DEN,"MF,FW",24-173,2000,17,1190,70,77.8,13.2,14,81,4,3,20,0,1.35,26,21,5,0.38,1.7,21.4,21.7,-0.3,-0.03,0.51
ENG-Premier League,2425,Brentford,Myles Peart-Harris,ENG,MF,22-096,2002,0,,,,,0,,0,0,,1,,,,,,,,,,,
ENG-Premier League,2425,Brentford,Nathan Collins,IRL,DF,23-237,2001,17,1530,90,100.0,17.0,17,90,17,0,,0,1.35,32,32,0,0.0,,26.1,28.5,-2.4,-0.14,
ENG-Premier League,2425,Brentford,Ryan Trevitt,ENG,MF,21-286,2003,1,4,4,0.3,0.0,0,,0,1,4,11,0.0,0,0,0,0.0,0.0,0.0,0.0,0.0,0.0,0.14
ENG-Premier League,2425,Brentford,Sepp van den Berg,NED,DF,23-003,2001,14,1174,84,76.7,13.0,13,89,11,1,16,1,1.43,27,27,0,0.0,0.0,20.5,22.8,-2.3,-0.18,-0.16
ENG-Premier League,2425,Brentford,Thiago,BRA,FW,23-180,2001,4,132,33,8.6,1.5,1,72,0,3,20,0,1.75,3,2,1,0.68,0.75,0.9,2.5,-1.5,-1.05,-1.0
ENG-Premier League,2425,Brentford,Tony Yogane,ENG,MF,19-090,2005,0,,,,,0,,0,0,,3,,,,,,,,,,,
ENG-Premier League,2425,Brentford,Vitaly Janelt,GER,MF,26-227,1998,16,1220,76,79.7,13.6,14,82,6,2,39,0,1.25,25,26,-1,-0.07,-0.36,21.6,21.5,0.1,0.01,0.73
ENG-Premier League,2425,Brentford,Yehor Yarmoliuk,UKR,MF,20-297,2004,12,397,33,25.9,4.4,4,72,0,8,14,5,1.17,7,10,-3,-0.68,-0.92,5.5,9.7,-4.2,-0.95,-1.1
ENG-Premier League,2425,Brentford,Yoane Wissa,COD,FW,28-111,1996,14,1047,75,68.4,11.6,13,79,5,1,25,0,1.36,22,20,2,0.17,0.54,17.6,17.7,-0.1,-0.01,0.41
ENG-Premier League,2425,Brentford,Yunus Emre Konak,TUR,"MF,FW",18-348,2006,5,21,4,1.4,0.2,0,,0,5,4,10,1.4,0,2,-2,-8.57,-8.69,0.3,1.2,-0.9,-3.99,-3.9
ENG-Premier League,2425,Brighton,Adam Webster,ENG,DF,29-354,1995,3,79,26,5.2,0.9,2,32,0,1,15,4,2.0,3,4,-1,-1.14,-1.26,0.9,4.0,-3.1,-3.49,-3.5
ENG-Premier League,2425,Brighton,Bart Verbruggen,NED,GK,22-127,2002,15,1350,90,88.2,15.0,15,90,15,0,,0,1.27,22,25,-3,-0.2,-2.2,20.4,24.9,-4.5,-0.3,-1.12
ENG-Premier League,2425,Brighton,Billy Gilmour,SCO,MF,23-195,2001,2,98,49,6.4,1.1,1,89,0,1,9,0,3.0,2,1,1,0.92,0.92,1.6,1.3,0.2,0.22,0.42
ENG-Premier League,2425,Brighton,Brajan Gruda,GER,"MF,FW",20-206,2004,7,154,22,10.1,1.7,1,67,0,6,15,3,1.14,5,5,0,0.0,-0.07,2.3,2.8,-0.5,-0.32,-0.17
ENG-Premier League,2425,Brighton,Carl Rushworth,ENG,GK,23-174,2001,0,,,,,0,,0,0,,2,,,,,,,,,,,
ENG-Premier League,2425,Brighton,Carlos Baleba,CMR,MF,20-355,2004,14,987,71,64.5,11.0,12,77,5,2,32,2,1.5,19,15,4,0.36,0.86,16.3,16.5,-0.2,-0.02,0.42
ENG-Premier League,2425,Brighton,Danny Welbeck,ENG,FW,34-027,1990,14,1112,79,72.7,12.4,13,84,5,1,20,0,1.71,21,16,5,0.4,1.27,18.0,20.5,-2.5,-0.2,-0.11
ENG-Premier League,2425,Brighton,Evan Ferguson,IRL,FW,20-065,2004,12,228,19,14.9,2.5,2,65,0,10,10,2,1.0,4,5,-1,-0.39,-0.53,2.7,4.2,-1.5,-0.59,-0.49
ENG-Premier League,2425,Brighton,Ferdi Kadioglu,TUR,"DF,MF",25-077,1999,6,385,64,25.2,4.3,5,72,1,1,23,1,1.33,5,8,-3,-0.7,-1.02,5.2,9.3,-4.1,-0.96,-1.05
ENG-Premier League,2425,Brighton,Georginio Rutter,FRA,"FW,MF",22-247,2002,16,991,62,64.8,11.0,13,74,2,3,10,0,1.38,17,18,-1,-0.09,-0.42,15.1,18.8,-3.7,-0.34,-0.48
ENG-Premier League,2425,Brighton,Igor,BRA,DF,26-320,1998,10,748,75,48.9,8.3,7,90,7,3,39,6,1.5,13,13,0,0.0,-0.12,11.8,12.9,-1.1,-0.14,0.06
ENG-Premier League,2425,Brighton,Imari Samuels,ENG,DF,21-322,2003,0,,,,,0,,0,0,,2,,,,,,,,,,,
ENG-Premier League,2425,Brighton,Jack Hinshelwood,ENG,"MF,DF",19-256,2005,10,840,84,54.9,9.3,10,84,7,0,,0,1.8,15,13,2,0.21,0.34,13.1,16.6,-3.5,-0.38,-0.46
ENG-Premier League,2425,Brighton,Jacob Slater,ENG,MF,20-079,2004,0,,,,,0,,0,0,,1,,,,,,,,,,,
ENG-Premier League,2425,Brighton,Jakub Moder,POL,MF,25-260,1999,2,5,3,0.3,0.1,0,,0,2,3,7,1.5,0,0,0,0.0,-0.06,0.1,0.2,0.0,-0.68,-0.51
ENG-Premier League,2425,Brighton,James Milner,ENG,MF,38-354,1986,3,169,56,11.0,1.9,3,56,0,0,,0,2.33,3,1,2,1.07,1.13,2.8,2.0,0.8,0.41,0.66
ENG-Premier League,2425,Brighton,Jan Paul van Hecke,NED,DF,24-198,2000,15,1250,83,81.7,13.9,14,89,13,1,9,0,1.47,21,18,3,0.22,0.86,20.2,19.3,0.9,0.06,1.28
ENG-Premier League,2425,Brighton,Jason Steele,ENG,GK,34-127,1990,2,180,90,11.8,2.0,2,90,2,0,,15,3.0,5,1,4,2.0,2.2,3.5,1.9,1.6,0.82,1.12
ENG-Premier League,2425,Brighton,Jeremy Sarmiento,ECU,MF,22-190,2002,1,9,9,0.6,0.1,0,,0,1,9,0,3.0,1,0,1,10.0,10.0,0.1,0.0,0.1,0.68,0.85
ENG-Premier League,2425,Brighton,João Pedro,BRA,"MF,FW",23-088,2001,11,769,70,50.3,8.5,9,80,4,2,23,0,1.55,14,9,5,0.59,1.06,12.8,10.6,2.1,0.25,0.84
ENG-Premier League,2425,Brighton,Joël Veltman,NED,DF,32-343,1992,12,1022,85,66.8,11.4,12,85,9,0,,0,1.92,20,13,7,0.62,1.68,15.8,15.1,0.7,0.06,0.71
ENG-Premier League,2425,Brighton,Julio Enciso,PAR,"MF,FW",20-335,2004,9,159,18,10.4,1.8,0,,0,9,18,5,1.44,2,2,0,0.0,-0.07,3.0,2.4,0.6,0.32,0.55
ENG-Premier League,2425,Brighton,Kaoru Mitoma,JPN,"FW,MF",27-217,1997,17,1447,85,94.6,16.1,16,89,8,1,31,0,1.47,25,24,1,0.06,0.06,21.9,24.2,-2.3,-0.15,0.45
ENG-Premier League,2425,Brighton,Killian Cahill,IRL,GK,21-050,2003,0,,,,,0,,0,0,,1,,,,,,,,,,,
ENG-Premier League,2425,Brighton,Lewis Dunk,ENG,DF,33-032,1991,13,1084,83,70.8,12.0,12,89,11,1,19,0,1.38,18,19,-1,-0.08,-0.49,17.1,19.1,-2.1,-0.17,-0.01
ENG-Premier League,2425,Brighton,Mark O'Mahony,IRL,FW,19-344,2005,0,,,,,0,,0,0,,1,,,,,,,,,,,
ENG-Premier League,2425,Brighton,Mats Wieffer,NED,MF,25-037,1999,13,471,36,30.8,5.2,4,72,1,9,21,1,1.31,9,12,-3,-0.57,-0.91,6.2,10.0,-3.8,-0.72,-0.8
ENG-Premier League,2425,Brighton,Matt O'Riley,DEN,MF,24-032,2000,5,221,44,14.4,2.5,2,76,0,3,23,1,1.6,5,6,-1,-0.41,-0.54,4.9,4.1,0.7,0.31,0.56
ENG-Premier League,2425,Brighton,Pervis Estupiñán,ECU,DF,26-337,1998,14,1064,76,69.5,11.8,11,89,10,3,28,1,1.29,20,22,-2,-0.17,-0.75,16.5,20.8,-4.2,-0.36,-0.62
ENG-Premier League,2425,Brighton,Ruairi Mcconville,NIR,DF,19-236,2005,0,,,,,0,,0,0,,4,,,,,,,,,,,
ENG-Premier League,2425,Brighton,Simon Adingra,CIV,"FW,MF",22-357,2002,11,349,32,22.8,3.9,3,68,0,8,18,3,1.45,7,6,1,0.26,0.26,5.7,6.2,-0.6,-0.15,0.02
ENG-Premier League,2425,Brighton,Tariq Lamptey,GHA,DF,24-084,2000,6,260,43,17.0,2.9,3,69,1,3,18,6,0.67,4,9,-5,-1.73,-2.16,3.7,4.6,-0.8,-0.28,-0.14
ENG-Premier League,2425,Brighton,Valentín Barco,ARG,DF,20-153,2004,0,,,,,0,,0,0,,1,,,,,,,,,,,
ENG-Premier League,2425,Brighton,Yankuba Minteh,GAM,"FW,MF",20-154,2004,12,535,45,35.0,5.9,6,71,0,6,18,0,1.25,7,10,-3,-0.5,-0.87,8.9,7.8,1.1,0.18,0.54
ENG-Premier League,2425,Brighton,Yasin Ayari,SWE,MF,21-078,2003,14,832,59,54.4,9.2,9,76,3,5,29,2,1.5,10,10,0,0.0,-0.13,12.3,13.2,-1.0,-0.11,0.14
ENG-Premier League,2425,Chelsea,Axel Disasi,FRA,DF,26-287,1998,4,274,69,17.9,3.0,3,80,2,1,34,6,2.5,5,1,4,1.31,0.31,7.6,4.4,3.1,1.03,0.46
ENG-Premier League,2425,Chelsea,Benoît Badiashile,FRA,DF,23-272,2001,4,249,62,16.3,2.8,2,90,2,2,35,7,2.25,7,4,3,1.08,0.03,6.6,4.3,2.3,0.83,0.22
ENG-Premier League,2425,Chelsea,Cesare Casadei,ITA,MF,21-348,2003,0,,,,,0,,0,0,,3,,,,,,,,,,,
ENG-Premier League,2425,Chelsea,Christopher Nkunku,FRA,FW,27-039,1997,16,321,20,21.0,3.6,2,74,1,14,12,1,2.13,8,5,3,0.84,-0.28,10.8,6.8,4.1,1.14,0.62
ENG-Premier League,2425,Chelsea,Cole Palmer,ENG,MF,22-231,2002,17,1477,87,96.5,16.4,17,87,12,0,,0,2.06,36,18,18,1.1,1.1,33.6,23.0,10.6,0.65,-0.04
ENG-Premier League,2425,Chelsea,Enzo Fernández,ARG,MF,23-341,2001,16,1152,72,75.3,12.8,12,88,9,4,25,0,2.0,33,14,19,1.48,1.72,29.2,15.9,13.3,1.04,1.58
ENG-Premier League,2425,Chelsea,Filip Jørgensen,DEN,GK,22-251,2002,1,90,90,5.9,1.0,1,90,1,0,,15,3.0,5,1,4,4.0,3.12,5.2,1.6,3.6,3.61,3.15
ENG-Premier League,2425,Chelsea,Jadon Sancho,ENG,FW,24-273,2000,11,670,61,43.8,7.4,8,75,3,3,23,1,2.36,19,9,10,1.34,0.51,16.3,10.8,5.5,0.74,0.15
ENG-Premier League,2425,Chelsea,Joshua Acheampong,ENG,DF,18-232,2006,0,,,,,0,,0,0,,2,,,,,,,,,,,
ENG-Premier League,2425,Chelsea,João Félix,POR,"FW,MF",25-043,1999,9,298,33,19.5,3.3,2,85,1,7,18,6,2.56,9,2,7,2.11,1.31,11.9,4.0,7.8,2.36,2.13
ENG-Premier League,2425,Chelsea,Kiernan Dewsbury-Hall,ENG,MF,26-108,1998,5,59,12,3.9,0.7,0,,0,5,12,4,2.4,2,2,0,0.0,-1.1,0.9,1.2,-0.3,-0.46,-1.16
ENG-Premier League,2425,Chelsea,Levi Colwill,ENG,DF,21-301,2003,16,1439,90,94.1,16.0,16,90,15,0,,1,2.0,32,18,14,0.88,-3.08,29.7,22.5,7.1,0.45,-3.42
ENG-Premier League,2425,Chelsea,Malo Gusto,FRA,DF,21-218,2003,14,1046,75,68.4,11.6,12,83,8,2,25,0,1.86,26,15,11,0.95,-0.36,26.4,16.0,10.4,0.89,0.77
ENG-Premier League,2425,Chelsea,Marc Cucurella,ESP,DF,26-154,1998,15,1174,78,76.7,13.0,13,86,7,2,29,0,2.27,33,14,19,1.46,1.71,30.4,17.7,12.7,0.98,1.4
ENG-Premier League,2425,Chelsea,Marc Guiu,ESP,FW,18-354,2006,1,24,24,1.6,0.3,0,,0,1,24,4,0.0,0,1,-1,-3.75,-4.89,0.1,0.1,0.0,-0.07,-0.73
ENG-Premier League,2425,Chelsea,Marcus Bettinelli,ENG,GK,32-213,1992,0,,,,,0,,0,0,,2,,,,,,,,,,,
ENG-Premier League,2425,Chelsea,Moisés Caicedo,ECU,MF,23-051,2001,17,1505,89,98.4,16.7,17,89,15,0,,0,2.06,36,18,18,1.08,1.08,35.0,23.3,11.6,0.7,2.81
ENG-Premier League,2425,Chelsea,Mykhailo Mudryk,UKR,FW,23-353,2001,7,151,22,9.9,1.7,1,45,0,6,18,5,1.86,4,2,2,1.19,0.15,3.0,3.7,-0.7,-0.41,-1.17
ENG-Premier League,2425,Chelsea,Nicolas Jackson,SEN,FW,23-186,2001,16,1256,79,82.1,14.0,16,79,3,0,,1,2.0,28,14,14,1.0,-0.31,25.4,18.5,6.9,0.49,-0.86
ENG-Premier League,2425,Chelsea,Noni Madueke,ENG,FW,22-288,2002,16,1039,65,67.9,11.5,13,77,3,3,13,1,2.19,26,14,12,1.04,-0.06,25.0,17.1,7.9,0.68,0.11
ENG-Premier League,2425,Chelsea,Pedro Neto,POR,FW,24-289,2000,14,808,58,52.8,9.0,8,78,4,6,31,1,1.86,17,8,9,1.0,-0.12,16.0,12.5,3.5,0.39,-0.55
ENG-Premier League,2425,Chelsea,Reece James,ENG,DF,25-015,1999,4,241,60,15.8,2.7,3,77,2,1,9,0,1.25,4,4,0,0.0,-1.26,3.3,6.1,-2.8,-1.04,-2.01
ENG-Premier League,2425,Chelsea,Renato Veiga,POR,"DF,MF",21-147,2003,7,181,26,11.8,2.0,1,90,1,6,15,10,2.14,2,2,0,0.0,-1.2,2.0,3.0,-1.1,-0.52,-1.33
ENG-Premier League,2425,Chelsea,Robert Sánchez,ESP,GK,27-035,1997,16,1440,90,94.1,16.0,16,90,16,0,,1,2.0,32,18,14,0.87,-3.12,30.2,22.8,7.4,0.46,-3.15
ENG-Premier League,2425,Chelsea,Roméo Lavia,BEL,MF,20-352,2004,9,477,53,31.2,5.3,7,65,0,2,11,2,1.89,7,9,-2,-0.38,-2.09,7.0,10.3,-3.4,-0.64,-1.87
ENG-Premier League,2425,Chelsea,Samuel Rak-Sakyi,ENG,MF,19-271,2005,0,,,,,0,,0,0,,1,,,,,,,,,,,
ENG-Premier League,2425,Chelsea,Tosin Adarabioyo,ENG,DF,27-090,1997,7,443,63,29.0,4.9,5,82,4,2,16,10,2.0,12,4,8,1.63,0.8,12.4,7.3,5.0,1.02,0.53
ENG-Premier League,2425,Chelsea,Tyrique George,ENG,FW,18-323,2006,0,,,,,0,,0,0,,2,,,,,,,,,,,
ENG-Premier League,2425,Chelsea,Wesley Fofana,FRA,DF,24-006,2000,12,1015,85,66.3,11.3,12,85,10,0,,0,2.08,24,12,12,1.06,0.02,21.4,14.8,6.6,0.59,-0.18
ENG-Premier League,2425,Crystal Palace,Adam Wharton,ENG,MF,20-204,2004,8,622,78,40.7,6.9,8,78,3,0,,1,0.75,6,9,-3,-0.43,0.06,6.8,9.3,-2.5,-0.37,-0.51
ENG-Premier League,2425,Crystal Palace,Asher Agbinone,ENG,MF,19-086,2005,2,6,3,0.4,0.1,0,,0,2,3,8,0.0,0,0,0,0.0,0.47,0.1,0.0,0.1,1.71,1.78
ENG-Premier League,2425,Crystal Palace,Caleb Kporha,ENG,DF,18-161,2006,2,13,7,0.8,0.1,0,,0,2,7,8,0.0,0,1,-1,-6.92,-6.51,0.1,0.1,0.0,0.0,0.06
ENG-Premier League,2425,Crystal Palace,Chadi Riad,MAR,DF,21-189,2003,1,90,90,5.9,1.0,1,90,1,0,,1,0.0,0,2,-2,-2.0,-1.63,1.3,1.4,0.0,-0.01,0.05
ENG-Premier League,2425,Crystal Palace,Cheick Doucouré,MLI,MF,24-350,2000,9,270,30,17.6,3.0,3,51,0,6,20,3,1.11,3,5,-2,-0.67,-0.24,4.3,5.6,-1.3,-0.42,-0.44
ENG-Premier League,2425,Crystal Palace,Chris Richards,USA,DF,24-270,2000,7,445,64,29.1,4.9,5,87,3,2,6,4,0.86,3,10,-7,-1.42,-1.33,5.1,9.1,-4.1,-0.82,-1.07
ENG-Premier League,2425,Crystal Palace,Daichi Kamada,JPN,MF,28-140,1996,13,711,55,46.5,7.9,8,77,2,5,18,1,0.77,8,15,-7,-0.89,-0.78,11.4,12.6,-1.2,-0.15,-0.17
ENG-Premier League,2425,Crystal Palace,Daniel Muñoz,COL,DF,28-211,1996,16,1353,85,88.4,15.0,16,85,13,0,,0,1.0,16,21,-5,-0.33,1.19,20.3,20.9,-0.7,-0.04,0.17
ENG-Premier League,2425,Crystal Palace,Dean Henderson,ENG,GK,27-286,1997,17,1530,90,100.0,17.0,17,90,17,0,,0,0.94,18,26,-8,-0.47,,23.5,24.5,-1.1,-0.06,
ENG-Premier League,2425,Crystal Palace,Eberechi Eze,ENG,"MF,FW",26-177,1998,13,1078,83,70.5,12.0,13,83,8,0,,0,1.08,11,14,-3,-0.25,0.75,14.8,15.2,-0.4,-0.03,0.11
ENG-Premier League,2425,Crystal Palace,Eddie Nketiah,ENG,"MF,FW",25-207,1999,12,579,48,37.8,6.4,6,78,2,6,19,0,1.17,7,10,-3,-0.47,0.01,8.9,8.2,0.7,0.1,0.27
ENG-Premier League,2425,Crystal Palace,Franco Umeh-Chibueze,IRL,MF,19-332,2005,0,,,,,0,,0,0,,6,,,,,,,,,,,
ENG-Premier League,2425,Crystal Palace,Ismaila Sarr,SEN,"MF,FW",26-302,1998,17,1005,59,65.7,11.2,10,86,3,7,21,0,0.94,14,17,-3,-0.27,0.59,18.5,15.1,3.4,0.3,1.07
ENG-Premier League,2425,Crystal Palace,Jean-Philippe Mateta,FRA,FW,27-178,1997,17,1253,74,81.9,13.9,15,80,10,2,28,0,0.94,16,21,-5,-0.36,0.62,19.6,20.0,-0.4,-0.03,0.2
ENG-Premier League,2425,Crystal Palace,Jefferson Lerma,COL,MF,30-059,1994,13,824,63,53.9,9.2,9,77,6,4,34,1,1.0,9,14,-5,-0.55,-0.16,12.7,11.3,1.4,0.15,0.46
ENG-Premier League,2425,Crystal Palace,Jeffrey Schlupp,GHA,"MF,DF",32-000,1992,11,102,9,6.7,1.1,0,,0,11,9,6,0.55,2,3,-1,-0.88,-0.44,2.1,1.8,0.3,0.25,0.33
ENG-Premier League,2425,Crystal Palace,Joachim Andersen,DEN,DF,28-206,1996,1,90,90,5.9,1.0,1,90,1,0,,0,0.0,1,2,-1,-1.0,-0.56,1.2,1.6,-0.4,-0.42,-0.38
ENG-Premier League,2425,Crystal Palace,Joel Ward,ENG,"DF,MF",35-055,1989,0,,,,,0,,0,0,,14,,,,,,,,,,,
ENG-Premier League,2425,Crystal Palace,Jordan Ayew,GHA,"FW,MF",33-103,1991,1,21,21,1.4,0.2,0,,0,1,21,0,0.0,0,1,-1,-4.29,-3.87,0.7,1.0,-0.2,-0.99,-0.94
ENG-Premier League,2425,Crystal Palace,Justin Devenny,NIR,MF,21-073,2003,7,229,33,15.0,2.5,2,73,0,5,17,2,1.29,3,3,0,0.0,0.55,3.3,4.6,-1.4,-0.53,-0.55
ENG-Premier League,2425,Crystal Palace,Kaden Rodney,ENG,DF,20-077,2004,0,,,,,0,,0,0,,1,,,,,,,,,,,
ENG-Premier League,2425,Crystal Palace,Marc Guéhi,ENG,DF,24-163,2000,17,1530,90,100.0,17.0,17,90,17,0,,0,0.94,18,26,-8,-0.47,,23.5,24.5,-1.1,-0.06,
ENG-Premier League,2425,Crystal Palace,Matt Turner,USA,GK,30-182,1994,0,,,,,0,,0,0,,13,,,,,,,,,,,
ENG-Premier League,2425,Crystal Palace,Maxence Lacroix,FRA,DF,24-261,2000,14,1260,90,82.4,14.0,14,90,14,0,,0,1.07,16,21,-5,-0.36,0.64,20.4,19.2,1.2,0.08,0.84
ENG-Premier League,2425,Crystal Palace,Naouirou Ahamada,FRA,MF,22-269,2002,0,,,,,0,,0,0,,1,,,,,,,,,,,
ENG-Premier League,2425,Crystal Palace,Nathaniel Clyne,ENG,"DF,MF",33-262,1991,8,382,48,25.0,4.2,4,74,1,4,22,9,0.88,3,9,-6,-1.41,-1.26,6.0,8.6,-2.6,-0.62,-0.74
ENG-Premier League,2425,Crystal Palace,Odsonne Édouard,FRA,"MF,FW",26-342,1998,2,115,58,7.5,1.3,1,70,0,1,45,0,0.0,1,2,-1,-0.78,-0.34,1.7,2.1,-0.4,-0.28,-0.24
ENG-Premier League,2425,Crystal Palace,Remi Matthews,ENG,GK,30-317,1994,0,,,,,0,,0,0,,5,,,,,,,,,,,
ENG-Premier League,2425,Crystal Palace,Rob Holding,ENG,DF,29-094,1995,0,,,,,0,,0,0,,1,,,,,,,,,,,
ENG-Premier League,2425,Crystal Palace,Sam Johnstone,ENG,GK,31-273,1993,0,,,,,0,,0,0,,2,,,,,,,,,,,
ENG-Premier League,2425,Crystal Palace,Trevoh Chalobah,ENG,DF,25-171,1999,10,880,88,57.5,9.8,10,88,7,0,,2,1.3,11,12,-1,-0.1,0.87,14.2,12.9,1.3,0.13,0.46
ENG-Premier League,2425,Crystal Palace,Tyrick Mitchell,ENG,DF,25-113,1999,17,1474,87,96.3,16.4,17,87,13,0,,0,0.94,17,25,-8,-0.49,-0.49,21.4,23.8,-2.4,-0.15,-2.32
ENG-Premier League,2425,Crystal Palace,Will Hughes,ENG,MF,29-250,1995,15,953,64,62.3,10.6,10,78,2,5,34,0,1.07,15,16,-1,-0.09,1.0,16.3,16.0,0.4,0.04,0.26
ENG-Premier League,2425,Crystal Palace,Zachariah Marsh,ENG,FW,19-078,2005,0,,,,,0,,0,0,,1,,,,,,,,,,,
ENG-Premier League,2425,Everton,Abdoulaye Doucouré,MLI,MF,31-357,1993,14,1073,77,74.5,11.9,13,82,7,1,8,1,1.14,9,14,-5,-0.42,0.07,10.2,16.3,-6.1,-0.51,-0.68
ENG-Premier League,2425,Everton,Armando Broja,ALB,FW,23-104,2001,2,33,17,2.3,0.4,0,,0,2,17,0,2.0,0,0,0,0.0,0.45,0.4,0.1,0.2,0.67,1.04
ENG-Premier League,2425,Everton,Ashley Young,ENG,DF,39-167,1985,14,1200,86,83.3,13.3,14,86,11,0,,1,1.14,12,13,-1,-0.07,2.18,12.6,16.1,-3.5,-0.27,0.45
ENG-Premier League,2425,Everton,Asmir Begović,BIH,GK,37-186,1987,0,,,,,0,,0,0,,6,,,,,,,,,,,
ENG-Premier League,2425,Everton,Beto,GNB,FW,26-327,1998,10,205,21,14.2,2.3,1,66,0,9,15,6,0.4,1,9,-8,-3.51,-3.59,3.2,3.5,-0.4,-0.16,0.21
ENG-Premier League,2425,Everton,Callum Bates,ENG,MF,19-086,2005,0,,,,,0,,0,0,,2,,,,,,,,,,,
ENG-Premier League,2425,Everton,Dominic Calvert-Lewin,ENG,FW,27-282,1997,16,1231,77,85.5,13.7,15,80,6,1,24,0,1.0,13,12,1,0.07,3.52,12.9,17.9,-5.0,-0.37,-0.19
ENG-Premier League,2425,Everton,Dwight McNeil,ENG,"MF,FW",25-031,1999,13,1140,88,79.2,12.7,13,88,10,0,,0,1.0,13,21,-8,-0.63,-0.93,12.8,18.1,-5.3,-0.42,-0.37
ENG-Premier League,2425,Everton,Harrison Armstrong,ENG,MF,17-339,2007,2,3,2,0.2,0.0,0,,0,2,2,14,1.5,0,0,0,0.0,0.44,0.2,0.0,0.2,5.07,5.43
ENG-Premier League,2425,Everton,Idrissa Gana Gueye,SEN,MF,35-088,1989,15,1160,77,80.6,12.9,13,86,10,2,21,0,1.0,11,18,-7,-0.54,-0.54,13.3,17.3,-4.0,-0.31,0.16
ENG-Premier League,2425,Everton,Iliman Ndiaye,SEN,FW,24-292,2000,16,1256,79,87.2,14.0,14,85,9,2,31,0,1.0,14,13,1,0.07,3.98,12.5,15.9,-3.4,-0.25,0.73
ENG-Premier League,2425,Everton,Jack Harrison,ENG,FW,28-033,1996,15,804,54,55.8,8.9,9,73,2,6,25,1,1.0,8,12,-4,-0.45,-0.02,9.6,14.6,-5.0,-0.56,-0.49
ENG-Premier League,2425,Everton,Jake O'Brien,IRL,DF,23-222,2001,2,36,18,2.5,0.4,0,,0,2,18,14,0.0,0,1,-1,-2.5,-2.12,0.4,0.8,-0.4,-1.03,-0.71
ENG-Premier League,2425,Everton,James Garner,ENG,"DF,MF",23-285,2001,4,253,63,17.6,2.8,2,90,2,2,37,1,1.25,2,4,-2,-0.71,-0.33,2.7,4.5,-1.8,-0.65,-0.37
ENG-Premier League,2425,Everton,James Tarkowski,ENG,DF,32-034,1992,16,1431,89,99.4,15.9,16,89,15,0,,0,1.0,14,21,-7,-0.44,-0.44,15.7,21.2,-5.5,-0.35,-1.14
ENG-Premier League,2425,Everton,Jarrad Branthwaite,ENG,DF,22-179,2002,9,638,71,44.3,7.1,7,90,7,2,4,0,1.22,7,5,2,0.28,1.29,6.3,7.1,-0.8,-0.11,0.42
ENG-Premier League,2425,Everton,Jenson Metcalfe,ENG,MF,20-108,2004,0,,,,,0,,0,0,,2,,,,,,,,,,,
ENG-Premier League,2425,Everton,Jesper Lindstrøm,DEN,FW,24-298,2000,12,537,45,37.3,6.0,6,70,1,6,20,3,1.0,2,8,-6,-1.01,-0.91,6.5,5.7,0.8,0.14,0.77
ENG-Premier League,2425,Everton,Jordan Pickford,ENG,GK,30-291,1994,16,1440,90,100.0,16.0,16,90,16,0,,0,1.0,14,21,-7,-0.44,,15.8,21.3,-5.5,-0.34,
ENG-Premier League,2425,Everton,João Virgínia,POR,GK,25-074,1999,0,,,,,0,,0,0,,16,,,,,,,,,,,
ENG-Premier League,2425,Everton,Mason Holgate,ENG,"FW,DF",28-062,1996,1,6,6,0.4,0.1,0,,0,1,6,1,0.0,0,1,-1,-15.0,-14.62,0.0,0.1,-0.1,-1.02,-0.68
ENG-Premier League,2425,Everton,Michael Keane,ENG,DF,31-347,1993,9,810,90,56.3,9.0,9,90,9,0,,5,0.67,8,16,-8,-0.89,-1.03,10.0,14.2,-4.3,-0.48,-0.31
ENG-Premier League,2425,Everton,Nathan Patterson,SCO,DF,23-068,2001,1,18,18,1.3,0.2,0,,0,1,18,8,0.0,0,0,0,0.0,0.44,0.2,0.1,0.0,0.2,0.55
ENG-Premier League,2425,Everton,Neal Maupay,FRA,"FW,MF",28-131,1996,0,,,,,0,,0,0,,2,,,,,,,,,,,
ENG-Premier League,2425,Everton,Orel Mangala,BEL,MF,26-280,1998,13,766,59,53.2,8.5,8,85,5,5,18,0,1.23,8,4,4,0.47,1.94,8.6,8.9,-0.3,-0.03,0.66
ENG-Premier League,2425,Everton,Roman Dixon,ENG,DF,19-363,2004,1,90,90,6.3,1.0,1,90,1,0,,5,0.0,0,4,-4,-4.0,-3.8,1.0,2.4,-1.5,-1.45,-1.19
ENG-Premier League,2425,Everton,Séamus Coleman,IRL,DF,36-073,1988,2,107,54,7.4,1.2,1,90,1,1,17,6,0.5,2,3,-1,-0.84,-0.44,2.1,2.4,-0.3,-0.26,0.09
ENG-Premier League,2425,Everton,Tim Iroegbunam,ENG,MF,21-176,2003,6,383,64,26.6,4.3,4,88,3,2,17,1,0.33,4,13,-9,-2.11,-2.29,4.2,8.5,-4.3,-1.01,-0.92
ENG-Premier League,2425,Everton,Vitaliy Mykolenko,UKR,DF,25-208,1999,14,1195,85,83.0,13.3,14,85,13,0,,0,1.0,12,17,-5,-0.38,0.36,13.2,16.8,-3.6,-0.27,0.4
ENG-Premier League,2425,Everton,Youssef Chermiti,POR,FW,20-213,2004,0,,,,,0,,0,0,,1,,,,,,,,,,,
ENG-Premier League,2425,Fulham,Adama Traoré,ESP,"FW,MF",28-333,1996,16,850,53,55.6,9.4,10,75,3,6,17,1,1.5,15,12,3,0.32,0.45,14.0,11.2,2.9,0.3,0.34
ENG-Premier League,2425,Fulham,Alex Iwobi,NGA,"FW,MF",28-234,1996,17,1479,87,96.7,16.4,17,87,11,0,,0,1.47,23,19,4,0.24,3.77,22.1,19.3,2.8,0.17,0.49
ENG-Premier League,2425,Fulham,Andreas Pereira,BRA,MF,28-357,1996,15,1011,67,66.1,11.2,13,74,0,2,26,0,1.53,15,12,3,0.27,0.44,15.8,11.2,4.6,0.41,0.75
ENG-Premier League,2425,Fulham,Antonee Robinson,USA,DF,27-137,1997,17,1530,90,100.0,17.0,17,90,17,0,,0,1.47,24,22,2,0.12,,23.0,20.4,2.6,0.15,
ENG-Premier League,2425,Fulham,Bernd Leno,GER,GK,32-294,1992,17,1530,90,100.0,17.0,17,90,17,0,,0,1.47,24,22,2,0.12,,23.0,20.4,2.6,0.15,
ENG-Premier League,2425,Fulham,Calvin Bassey,NGA,DF,24-358,1999,16,1440,90,94.1,16.0,16,90,16,0,,0,1.5,22,20,2,0.12,0.12,21.8,18.3,3.5,0.22,1.07
ENG-Premier League,2425,Fulham,Carlos Vinícius,BRA,MF,29-273,1995,1,4,4,0.3,0.0,0,,0,1,4,2,1.0,0,0,0,0.0,-0.12,0.1,0.0,0.1,1.36,1.21
ENG-Premier League,2425,Fulham,Emile Smith Rowe,ENG,MF,24-148,2000,16,1090,68,71.2,12.1,14,74,0,2,24,0,1.5,16,14,2,0.17,0.17,17.0,13.7,3.3,0.28,0.42
ENG-Premier League,2425,Fulham,Harrison Reed,ENG,MF,29-331,1995,8,61,8,4.0,0.7,0,,0,8,8,3,1.88,1,2,-1,-1.48,-1.66,0.7,2.9,-2.2,-3.28,-3.58
ENG-Premier League,2425,Fulham,Harry Wilson,WAL,"FW,MF",27-276,1997,13,423,33,27.6,4.7,3,84,0,10,17,3,1.38,9,7,2,0.43,0.43,4.9,6.6,-1.7,-0.35,-0.7
ENG-Premier League,2425,Fulham,Issa Diop,FRA,DF,27-349,1997,12,843,70,55.1,9.4,9,90,9,3,11,5,1.5,12,10,2,0.21,0.21,10.1,11.1,-1.0,-0.11,-0.59
ENG-Premier League,2425,Fulham,Jay Stansfield,ENG,MF,22-029,2002,1,1,1,0.1,0.0,0,,0,1,1,1,0.0,0,0,0,0.0,-0.12,0.0,0.7,-0.7,-59.86,-60.06
ENG-Premier League,2425,Fulham,Joachim Andersen,DEN,DF,28-206,1996,8,693,87,45.3,7.7,8,87,7,0,,2,1.63,13,10,3,0.39,0.5,13.3,8.9,4.4,0.57,0.76
ENG-Premier League,2425,Fulham,Jorge Cuenca,ESP,DF,25-036,1999,4,93,23,6.1,1.0,1,90,1,3,1,4,1.5,2,3,-1,-0.97,-1.16,1.2,2.5,-1.3,-1.24,-1.48
ENG-Premier League,2425,Fulham,Joshua King,ENG,MF,17-355,2007,2,72,36,4.7,0.8,1,61,0,1,11,7,2.0,1,0,1,1.25,1.19,0.4,0.3,0.1,0.13,-0.02
ENG-Premier League,2425,Fulham,Kenny Tete,NED,DF,29-075,1995,15,1262,84,82.5,14.0,15,84,11,0,,1,1.4,17,17,0,0.0,-0.67,19.3,16.6,2.7,0.19,0.23
ENG-Premier League,2425,Fulham,Martial Godo,ENG,FW,21-284,2003,1,15,15,1.0,0.2,0,,0,1,15,2,1.0,0,0,0,0.0,-0.12,0.2,0.0,0.1,0.69,0.54
ENG-Premier League,2425,Fulham,Raúl Jiménez,MEX,FW,33-232,1991,17,997,59,65.2,11.1,12,77,1,5,15,0,1.47,13,13,0,0.0,-0.34,15.8,13.3,2.6,0.23,0.23
ENG-Premier League,2425,Fulham,Reiss Nelson,ENG,FW,25-013,1999,11,487,44,31.8,5.4,5,73,0,6,21,0,1.64,5,9,-4,-0.74,-1.26,7.6,6.2,1.4,0.26,0.16
ENG-Premier League,2425,Fulham,Rodrigo Muniz,BRA,FW,23-233,2001,16,533,33,34.8,5.9,5,75,0,11,14,1,1.56,11,9,2,0.34,0.34,7.1,7.1,0.0,0.01,-0.23
ENG-Premier League,2425,Fulham,Ryan Sessegnon,ENG,MF,24-219,2000,1,5,5,0.3,0.1,0,,0,1,5,11,1.0,0,0,0,0.0,-0.12,0.0,0.0,0.0,-0.33,-0.49
ENG-Premier League,2425,Fulham,Samuel Amissah,ENG,DF,17-291,2007,0,,,,,0,,0,0,,1,,,,,,,,,,,
ENG-Premier League,2425,Fulham,Sander Berge,NOR,MF,26-313,1998,14,957,68,62.5,10.6,10,85,6,4,28,0,1.57,15,14,1,0.09,-0.06,14.3,14.1,0.2,0.02,-0.35
ENG-Premier League,2425,Fulham,Saša Lukić,SRB,MF,28-132,1996,12,893,74,58.4,9.9,11,80,4,1,16,0,1.25,13,14,-1,-0.1,-0.52,13.2,11.4,1.8,0.18,0.07
ENG-Premier League,2425,Fulham,Steven Benda,GER,GK,26-083,1998,0,,,,,0,,0,0,,17,,,,,,,,,,,
ENG-Premier League,2425,Fulham,Timothy Castagne,BEL,DF,29-018,1995,7,273,39,17.8,3.0,2,90,2,5,19,8,1.29,7,5,2,0.66,0.66,3.7,3.8,-0.1,-0.04,-0.23
ENG-Premier League,2425,Fulham,Tom Cairney,SCO,MF,33-338,1991,11,253,23,16.5,2.8,1,75,0,10,18,3,1.18,6,5,1,0.36,0.29,3.9,3.3,0.6,0.2,0.05
ENG-Premier League,2425,Ipswich Town,Ali Al Hamadi,IRQ,FW,22-297,2002,8,119,15,7.8,1.3,0,,0,8,15,2,0.63,1,4,-3,-2.27,-1.44,1.2,2.9,-1.7,-1.3,-0.19
ENG-Premier League,2425,Ipswich Town,Arijanet Muric,KVX,GK,26-046,1998,16,1440,90,94.1,16.0,16,90,16,0,,0,0.75,16,30,-14,-0.87,1.13,15.5,32.5,-17.0,-1.06,1.05
ENG-Premier League,2425,Ipswich Town,Axel Tuanzebe,COD,DF,27-039,1997,9,770,86,50.3,8.6,9,86,5,0,,0,0.89,7,13,-6,-0.7,0.48,7.4,15.0,-7.6,-0.89,0.47
ENG-Premier League,2425,Ipswich Town,Ben Johnson,ENG,"DF,FW",24-334,2000,9,513,57,33.5,5.7,5,90,5,4,16,4,0.89,8,14,-6,-1.05,-0.17,5.8,15.8,-10.0,-1.75,-0.94
ENG-Premier League,2425,Ipswich Town,Cameron Burgess,AUS,DF,29-063,1995,9,810,90,52.9,9.0,9,90,9,0,,2,0.89,10,17,-7,-0.78,0.35,10.5,18.1,-7.6,-0.85,0.58
ENG-Premier League,2425,Ipswich Town,Chiedozie Ogbene,IRL,FW,27-236,1997,5,238,48,15.6,2.6,3,63,0,2,25,2,0.6,4,3,1,0.38,1.56,1.7,2.3,-0.6,-0.24,1.04
ENG-Premier League,2425,Ipswich Town,Christian Walton,ENG,GK,29-044,1995,1,90,90,5.9,1.0,1,90,1,0,,16,0.0,0,2,-2,-2.0,-1.13,0.5,2.6,-2.1,-2.11,-1.05
ENG-Premier League,2425,Ipswich Town,Cieran Slicker,SCO,GK,22-099,2002,0,,,,,0,,0,0,,2,,,,,,,,,,,
ENG-Premier League,2425,Ipswich Town,Conor Chaplin,ENG,"MF,FW",27-311,1997,15,614,41,40.1,6.8,7,73,1,8,13,2,0.53,6,12,-6,-0.88,0.1,7.4,14.3,-7.0,-1.03,0.16
ENG-Premier League,2425,Ipswich Town,Conor Townsend,ENG,MF,31-294,1993,1,1,1,0.1,0.0,0,,0,1,1,16,0.0,0,1,-1,-90.0,-89.12,0.0,0.2,-0.2,-19.38,-18.27
ENG-Premier League,2425,Ipswich Town,Dara O'Shea,IRL,DF,25-294,1999,14,1232,88,80.5,13.7,14,88,13,0,,1,0.79,14,25,-11,-0.8,0.71,14.2,27.6,-13.5,-0.98,0.72
ENG-Premier League,2425,Ipswich Town,George Edmundson,ENG,DF,27-114,1997,1,2,2,0.1,0.0,0,,0,1,2,0,0.0,0,0,0,0.0,0.94,0.0,0.0,0.0,0.0,1.12
ENG-Premier League,2425,Ipswich Town,George Hirst,ENG,FW,25-312,1999,8,180,23,11.8,2.0,1,72,0,7,15,0,0.88,3,4,-1,-0.5,0.5,2.4,6.3,-3.9,-1.96,-0.94
ENG-Premier League,2425,Ipswich Town,Harry Clarke,ENG,DF,23-296,2001,6,378,63,24.7,4.2,4,85,3,2,20,4,0.5,4,9,-5,-1.19,-0.33,4.2,9.1,-4.9,-1.16,-0.05
ENG-Premier League,2425,Ipswich Town,Jack Clarke,ENG,FW,24-030,2000,14,504,36,32.9,5.6,4,74,0,10,21,1,0.86,6,13,-7,-1.25,-0.46,4.6,12.1,-7.5,-1.35,-0.33
ENG-Premier League,2425,Ipswich Town,Jack Taylor,IRL,MF,26-183,1998,12,336,28,22.0,3.7,1,89,0,11,22,0,0.5,4,3,1,0.27,1.55,4.2,6.6,-2.4,-0.64,0.61
ENG-Premier League,2425,Ipswich Town,Jacob Greaves,ENG,DF,24-102,2000,8,720,90,47.1,8.0,8,90,8,0,,1,0.5,6,15,-9,-1.13,-0.35,5.5,16.9,-11.5,-1.43,-0.58
ENG-Premier League,2425,Ipswich Town,Jens Cajuste,SWE,MF,25-135,1999,11,606,55,39.6,6.7,8,72,0,3,10,2,0.91,7,15,-8,-1.19,-0.41,7.6,15.4,-7.8,-1.15,-0.05
ENG-Premier League,2425,Ipswich Town,Kalvin Phillips,ENG,MF,29-021,1995,8,566,71,37.0,6.3,7,77,2,1,29,4,0.5,7,13,-6,-0.95,-0.02,5.0,12.3,-7.2,-1.15,-0.05
ENG-Premier League,2425,Ipswich Town,Leif Davis,ENG,DF,24-346,2000,17,1530,90,100.0,17.0,17,90,17,0,,0,0.71,16,32,-16,-0.94,,15.9,35.0,-19.1,-1.12,
ENG-Premier League,2425,Ipswich Town,Liam Delap,ENG,FW,21-319,2003,16,1186,74,77.5,13.2,15,78,1,1,18,0,0.75,12,21,-9,-0.68,1.15,12.0,24.0,-11.9,-0.91,0.96
ENG-Premier League,2425,Ipswich Town,Luke Woolfenden,ENG,DF,26-063,1998,5,378,76,24.7,4.2,4,90,4,1,18,5,0.2,3,10,-7,-1.67,-0.96,2.6,9.3,-6.7,-1.6,-0.64
ENG-Premier League,2425,Ipswich Town,Marcus Harness,ENG,MF,28-303,1996,2,45,23,2.9,0.5,0,,0,2,23,0,0.0,0,2,-2,-4.0,-3.15,0.1,1.3,-1.2,-2.37,-1.29
ENG-Premier League,2425,Ipswich Town,Massimo Luongo,AUS,MF,32-089,1992,5,143,29,9.3,1.6,2,68,0,3,3,5,1.0,1,4,-3,-1.89,-1.04,0.7,5.0,-4.3,-2.68,-1.72
ENG-Premier League,2425,Ipswich Town,Nathan Broadhead,WAL,"FW,MF",26-262,1998,3,50,17,3.3,0.6,0,,0,3,17,5,0.0,0,0,0,0.0,0.97,0.4,0.4,-0.1,-0.1,1.06
ENG-Premier League,2425,Ipswich Town,Omari Hutchinson,ENG,"MF,FW",21-054,2003,16,1356,85,88.6,15.1,16,85,9,0,,0,0.75,13,25,-12,-0.8,1.27,14.0,28.3,-14.3,-0.95,1.51
ENG-Premier League,2425,Ipswich Town,Sam Morsy,EGY,MF,33-104,1991,16,1433,90,93.7,15.9,16,90,14,0,,0,0.75,13,28,-15,-0.94,-0.01,14.6,30.7,-16.1,-1.01,1.71
ENG-Premier League,2425,Ipswich Town,Sammie Szmodics,IRL,FW,29-090,1995,15,822,55,53.7,9.1,11,70,0,4,14,1,0.6,9,15,-6,-0.66,0.61,9.8,19.8,-10.1,-1.1,0.05
ENG-Premier League,2425,Ipswich Town,Wes Burns,WAL,FW,30-030,1994,14,732,52,47.8,8.1,9,70,0,5,21,1,0.57,5,20,-15,-1.84,-1.73,7.5,19.4,-11.8,-1.45,-0.64
ENG-Premier League,2425,Leicester City,Abdul Fatawu Issahaku,GHA,FW,20-290,2004,11,579,53,37.8,6.4,6,86,5,5,12,0,0.91,7,14,-7,-1.09,-0.24,6.8,10.7,-3.9,-0.6,0.67
ENG-Premier League,2425,Leicester City,Benjamin Nelson,ENG,DF,20-280,2004,0,,,,,0,,0,0,,1,,,,,,,,,,,
ENG-Premier League,2425,Leicester City,Bilal El Khannouss,MAR,"MF,FW",20-227,2004,12,567,47,37.1,6.3,7,70,0,5,16,3,0.75,5,17,-12,-1.9,-1.53,6.1,14.9,-8.8,-1.41,-0.61
ENG-Premier League,2425,Leicester City,Bobby Reid,JAM,"FW,MF",31-325,1993,12,277,23,18.1,3.1,2,74,0,10,13,3,0.92,7,6,1,0.32,1.55,4.3,6.3,-2.0,-0.65,0.45
ENG-Premier League,2425,Leicester City,Boubakary Soumaré,FRA,MF,25-300,1999,10,565,57,36.9,6.3,6,86,5,4,13,4,0.9,8,15,-7,-1.12,-0.28,7.7,12.3,-4.6,-0.73,0.45
ENG-Premier League,2425,Leicester City,Caleb Okoli,ITA,DF,23-163,2001,10,784,78,51.2,8.7,9,84,6,1,32,7,0.8,13,18,-5,-0.57,0.75,9.1,18.9,-9.8,-1.12,-0.21
ENG-Premier League,2425,Leicester City,Conor Coady,ENG,DF,31-302,1993,6,458,76,29.9,5.1,5,90,5,1,8,8,0.83,6,15,-9,-1.77,-1.18,5.0,12.7,-7.7,-1.51,-0.7
ENG-Premier League,2425,Leicester City,Daniel Iversen,DEN,GK,27-157,1997,0,,,,,0,,0,0,,2,,,,,,,,,,,
ENG-Premier League,2425,Leicester City,Danny Ward,WAL,GK,31-184,1993,2,135,68,8.8,1.5,1,90,1,1,45,14,0.0,0,6,-6,-4.0,-3.35,0.9,3.3,-2.5,-1.66,-0.7
ENG-Premier League,2425,Leicester City,Facundo Buonanotte,ARG,"MF,FW",20-000,2004,14,922,66,60.3,10.2,10,83,4,4,24,1,0.86,16,19,-3,-0.29,1.63,11.9,18.7,-6.8,-0.67,0.88
ENG-Premier League,2425,Leicester City,Hamza Choudhury,ENG,"MF,DF",27-083,1997,3,111,37,7.3,1.2,1,58,0,2,27,8,0.33,0,4,-4,-3.24,-2.48,0.8,4.9,-4.1,-3.33,-2.49
ENG-Premier League,2425,Leicester City,Harry Winks,ENG,MF,28-325,1996,12,910,76,59.5,10.1,10,82,9,2,45,1,0.58,13,19,-6,-0.59,0.86,10.1,16.9,-6.8,-0.67,0.86
ENG-Premier League,2425,Leicester City,Henry Cartwright,ENG,MF,20-012,2004,0,,,,,0,,0,0,,1,,,,,,,,,,,
ENG-Premier League,2425,Leicester City,James Justin,ENG,DF,26-304,1998,16,1394,87,91.1,15.5,16,87,14,0,,1,0.81,20,36,-16,-1.03,-1.03,15.1,32.8,-17.8,-1.15,-1.45
ENG-Premier League,2425,Leicester City,Jamie Vardy,ENG,FW,37-347,1987,16,1281,80,83.7,14.2,16,80,8,0,,0,0.88,18,32,-14,-0.98,-0.26,14.3,30.8,-16.5,-1.16,-0.87
ENG-Premier League,2425,Leicester City,Jannik Vestergaard,DEN,DF,32-142,1992,9,690,77,45.1,7.7,8,79,5,1,56,1,0.67,4,18,-14,-1.83,-1.61,5.8,13.0,-7.2,-0.94,0.14
ENG-Premier League,2425,Leicester City,Jordan Ayew,GHA,"FW,MF",33-103,1991,15,741,49,48.4,8.2,8,80,1,7,15,1,0.87,9,20,-11,-1.34,-0.77,8.4,13.8,-5.4,-0.65,0.71
ENG-Premier League,2425,Leicester City,Kasey McAteer,IRL,"FW,MF",23-031,2001,9,334,37,21.8,3.7,4,74,1,5,8,0,0.67,3,6,-3,-0.81,0.17,3.7,9.0,-5.4,-1.45,-0.55
ENG-Premier League,2425,Leicester City,Luke Thomas,ENG,DF,23-196,2001,1,90,90,5.9,1.0,1,90,1,0,,6,0.0,1,4,-3,-3.0,-2.19,1.1,2.4,-1.3,-1.33,-0.33
ENG-Premier League,2425,Leicester City,Mads Hermansen,DEN,GK,24-165,2000,16,1395,87,91.2,15.5,16,87,15,0,,0,0.88,21,31,-10,-0.65,3.35,16.3,31.2,-14.8,-0.96,0.7
ENG-Premier League,2425,Leicester City,Odsonne Édouard,FRA,FW,26-342,1998,4,29,7,1.9,0.3,0,,0,4,7,2,1.0,0,1,-1,-3.1,-2.2,0.1,1.6,-1.5,-4.64,-3.69
ENG-Premier League,2425,Leicester City,Oliver Skipp,ENG,MF,24-098,2000,11,682,62,44.6,7.6,7,74,3,4,42,5,0.73,8,18,-10,-1.32,-0.68,6.4,19.0,-12.6,-1.66,-1.16
ENG-Premier League,2425,Leicester City,Patson Daka,ZAM,"FW,MF",26-075,1998,5,112,22,7.3,1.2,0,,0,5,22,1,0.8,5,2,3,2.41,3.62,2.7,2.3,0.4,0.35,1.47
ENG-Premier League,2425,Leicester City,Ricardo Pereira,POR,DF,31-078,1993,2,146,73,9.5,1.6,2,73,0,0,,8,0.5,1,4,-3,-1.85,-1.0,1.1,2.1,-1.0,-0.6,0.46
ENG-Premier League,2425,Leicester City,Stephy Mavididi,ENG,FW,26-206,1998,16,850,53,55.6,9.4,9,78,1,7,21,1,0.88,14,19,-5,-0.53,0.93,10.8,18.7,-7.9,-0.84,0.41
ENG-Premier League,2425,Leicester City,Thomas Cannon,IRL,FW,21-361,2002,0,,,,,0,,0,0,,1,,,,,,,,,,,
ENG-Premier League,2425,Leicester City,Victor Bernth Kristiansen,DEN,DF,22-007,2002,15,1307,87,85.4,14.5,15,87,12,0,,1,0.93,15,30,-15,-1.03,-0.63,12.1,30.0,-17.9,-1.23,-1.46
ENG-Premier League,2425,Leicester City,Wilfred Ndidi,NGA,MF,28-007,1996,15,1215,81,79.4,13.5,15,81,7,0,,0,0.93,17,25,-8,-0.59,1.69,13.0,25.8,-12.8,-0.95,0.35
ENG-Premier League,2425,Leicester City,Wout Faes,BEL,DF,26-264,1998,16,1256,79,82.1,14.0,13,90,13,3,29,1,0.88,20,28,-8,-0.57,2.05,15.5,27.4,-11.9,-0.85,0.94
ENG-Premier League,2425,Liverpool,Alexis Mac Allister,ARG,MF,25-365,1998,15,1053,70,73.1,11.7,13,78,7,2,20,0,2.53,28,8,20,1.71,1.48,28.0,10.5,17.4,1.49,1.06
ENG-Premier League,2425,Liverpool,Alisson,BRA,GK,32-082,1992,8,708,89,49.2,7.9,8,89,7,0,,0,2.38,18,7,11,1.4,0.17,18.3,6.4,11.9,1.51,0.6
ENG-Premier League,2425,Liverpool,Amara Nallo,ENG,DF,18-035,2006,0,,,,,0,,0,0,,1,,,,,,,,,,,
ENG-Premier League,2425,Liverpool,Andrew Robertson,SCO,DF,30-287,1994,15,1131,75,78.5,12.6,14,80,8,1,12,1,2.4,31,14,17,1.35,0.19,29.0,12.9,16.1,1.28,0.34
ENG-Premier League,2425,Liverpool,Caoimhín Kelleher,IRL,GK,26-030,1998,8,720,90,50.0,8.0,8,90,8,0,,7,2.5,19,9,10,1.25,-0.13,16.8,9.4,7.4,0.93,-0.56
ENG-Premier League,2425,Liverpool,Cody Gakpo,NED,FW,25-230,1999,16,758,47,52.6,8.4,8,73,2,8,22,0,2.44,16,9,7,0.83,-1.02,17.0,8.4,8.6,1.02,-0.38
ENG-Premier League,2425,Liverpool,Conor Bradley,NIR,DF,21-167,2003,7,236,34,16.4,2.6,1,90,1,6,24,3,2.57,4,3,1,0.38,-1.11,6.1,3.2,2.8,1.08,-0.15
ENG-Premier League,2425,Liverpool,Curtis Jones,ENG,MF,23-328,2001,13,660,51,45.8,7.3,7,77,1,6,20,1,2.31,14,11,3,0.41,-1.67,11.1,9.5,1.6,0.22,-1.81
ENG-Premier League,2425,Liverpool,Darwin Núñez,URU,FW,25-182,1999,13,649,50,45.1,7.2,6,80,2,7,24,2,2.31,17,11,6,0.83,-0.87,13.5,9.4,4.1,0.57,-1.15
ENG-Premier League,2425,Liverpool,Diogo Jota,POR,FW,28-019,1996,9,527,59,36.6,5.9,7,70,2,2,18,1,2.44,13,3,10,1.71,0.62,13.0,4.3,8.7,1.49,0.45
ENG-Premier League,2425,Liverpool,Dominik Szoboszlai,HUN,MF,24-059,2000,16,1118,70,77.6,12.4,12,83,8,4,31,0,2.44,30,12,18,1.45,0.61,30.2,12.0,18.2,1.47,1.17
ENG-Premier League,2425,Liverpool,Federico Chiesa,ITA,FW,27-059,1997,1,19,19,1.3,0.2,0,,0,1,19,2,3.0,0,0,0,0.0,-1.33,0.4,0.5,-0.1,-0.64,-1.87
ENG-Premier League,2425,Liverpool,Harvey Davies,ENG,GK,21-111,2003,0,,,,,0,,0,0,,3,,,,,,,,,,,
ENG-Premier League,2425,Liverpool,Harvey Elliott,ENG,"FW,DF",21-263,2003,4,25,6,1.7,0.3,0,,0,4,6,4,2.5,1,0,1,3.6,2.33,0.9,0.2,0.6,2.26,1.07
ENG-Premier League,2425,Liverpool,Ibrahima Konaté,FRA,DF,25-212,1999,12,974,81,67.6,10.8,11,84,9,1,45,0,2.58,22,8,14,1.29,-0.06,22.1,9.8,12.2,1.13,-0.22
ENG-Premier League,2425,Liverpool,Jarell Quansah,ENG,DF,21-329,2003,4,174,44,12.1,1.9,2,68,1,2,20,12,2.0,5,4,1,0.52,-0.9,3.8,3.3,0.5,0.26,-1.07
ENG-Premier League,2425,Liverpool,Joe Gomez,ENG,DF,27-214,1997,7,393,56,27.3,4.4,4,84,3,3,19,8,2.43,13,7,6,1.37,0.08,11.9,5.0,6.9,1.58,0.52
ENG-Premier League,2425,Liverpool,Kostas Tsimikas,GRE,DF,28-225,1996,6,232,39,16.1,2.6,2,84,1,4,16,6,2.17,4,1,3,1.16,-0.18,4.2,1.9,2.3,0.88,-0.38
ENG-Premier League,2425,Liverpool,Luis Díaz,COL,FW,27-345,1997,16,966,60,67.1,10.7,11,77,3,5,24,0,2.44,31,9,22,2.05,2.24,27.5,9.6,18.0,1.67,1.43
ENG-Premier League,2425,Liverpool,Mohamed Salah,EGY,FW,32-191,1992,16,1402,88,97.4,15.6,16,88,11,0,,0,2.44,37,16,21,1.35,1.35,35.0,15.6,19.4,1.24,1.54
ENG-Premier League,2425,Liverpool,Ryan Gravenberch,NED,MF,22-221,2002,16,1415,88,98.3,15.7,16,88,14,0,,0,2.44,35,15,20,1.27,-2.33,34.1,15.1,19.0,1.21,0.28
ENG-Premier League,2425,Liverpool,Trent Alexander-Arnold,ENG,DF,26-077,1998,15,1130,75,78.5,12.6,14,79,7,1,24,0,2.4,30,12,18,1.43,0.56,26.8,11.0,15.8,1.26,0.26
ENG-Premier League,2425,Liverpool,Trey Nyoni,ENG,MF,17-176,2007,0,,,,,0,,0,0,,4,,,,,,,,,,,
ENG-Premier League,2425,Liverpool,Tyler Morton,ENG,MF,22-053,2002,0,,,,,0,,0,0,,8,,,,,,,,,,,
ENG-Premier League,2425,Liverpool,Virgil van Dijk,NED,DF,33-168,1991,16,1440,90,100.0,16.0,16,90,16,0,,0,2.44,37,16,21,1.31,,35.2,16.0,19.3,1.2,
ENG-Premier League,2425,Liverpool,Vitezslav Jaros,CZE,GK,23-153,2001,1,12,12,0.8,0.1,0,,0,1,12,8,3.0,0,0,0,0.0,-1.32,0.1,0.1,0.0,-0.16,-1.37
ENG-Premier League,2425,Liverpool,Wataru Endo,JPN,MF,31-318,1993,6,23,4,1.6,0.3,0,,0,6,4,9,2.67,0,0,0,0.0,-1.33,0.4,0.2,0.2,0.79,-0.42
ENG-Premier League,2425,Manchester City,Bernardo Silva,POR,"MF,FW",30-135,1994,17,1376,81,89.9,15.3,15,90,15,2,13,0,1.59,26,24,2,0.13,-1.04,26.7,22.6,4.0,0.26,-0.72
ENG-Premier League,2425,Manchester City,Divin Mubama,ENG,FW,20-059,2004,0,,,,,0,,0,0,,1,,,,,,,,,,,
ENG-Premier League,2425,Manchester City,Ederson,BRA,GK,31-128,1993,13,1170,90,76.5,13.0,13,90,13,0,,3,1.77,23,19,4,0.31,0.31,25.1,17.6,7.4,0.57,1.0
ENG-Premier League,2425,Manchester City,Erling Haaland,NOR,FW,24-155,2000,17,1529,90,99.9,17.0,17,90,16,0,,0,1.59,29,25,4,0.24,0.24,30.7,25.0,5.7,0.34,0.34
ENG-Premier League,2425,Manchester City,Issa Kaboré,BFA,"DF,MF",23-225,2001,0,,,,,0,,0,0,,1,,,,,,,,,,,
ENG-Premier League,2425,Manchester City,Jack Grealish,ENG,"FW,MF",29-104,1995,13,573,44,37.5,6.4,6,79,1,7,14,1,1.62,14,9,5,0.79,0.88,11.8,10.1,1.7,0.27,-0.11
ENG-Premier League,2425,Manchester City,Jacob Wright,ENG,MF,19-093,2005,0,,,,,0,,0,0,,5,,,,,,,,,,,
ENG-Premier League,2425,Manchester City,Jahmai Simpson-Pusey,ENG,DF,19-049,2005,1,90,90,5.9,1.0,1,90,1,0,,5,0.0,1,2,-1,-1.0,-1.31,2.1,2.3,-0.1,-0.14,-0.5
ENG-Premier League,2425,Manchester City,James Mcatee,ENG,"FW,MF",22-066,2002,2,2,1,0.1,0.0,0,,0,2,1,15,3.0,0,0,0,0.0,-0.24,0.0,0.0,0.0,2.13,1.8
ENG-Premier League,2425,Manchester City,Jeremy Doku,BEL,"FW,MF",22-210,2002,13,625,48,40.8,6.9,7,75,1,6,16,1,1.62,15,7,8,1.15,1.55,13.7,6.6,7.1,1.02,1.16
ENG-Premier League,2425,Manchester City,John Stones,ENG,"DF,MF",30-209,1994,8,331,41,21.6,3.7,4,66,1,4,17,4,2.0,7,6,1,0.27,0.05,6.6,4.1,2.6,0.7,0.47
ENG-Premier League,2425,Manchester City,Josh Wilson-Esbrand,ENG,DF,21-363,2002,0,,,,,0,,0,0,,2,,,,,,,,,,,
ENG-Premier League,2425,Manchester City,Joško Gvardiol,CRO,DF,22-335,2002,16,1392,87,91.0,15.5,15,90,14,1,45,1,1.69,27,22,5,0.32,0.98,29.0,20.5,8.4,0.54,2.31
ENG-Premier League,2425,Manchester City,Kevin De Bruyne,BEL,MF,33-178,1991,10,627,63,41.0,7.0,7,83,2,3,15,2,1.6,17,8,9,1.29,1.79,14.5,7.2,7.3,1.04,1.2
ENG-Premier League,2425,Manchester City,Kyle Walker,ENG,DF,34-209,1990,13,919,71,60.1,10.2,9,89,8,4,31,2,1.15,12,20,-8,-0.78,-2.55,15.0,18.4,-3.4,-0.33,-1.68
ENG-Premier League,2425,Manchester City,Manuel Akanji,SUI,DF,29-157,1995,13,1096,84,71.6,12.2,13,84,11,0,,2,1.77,21,17,4,0.33,0.33,23.9,17.4,6.5,0.53,0.69
ENG-Premier League,2425,Manchester City,Mateo Kovačić,CRO,MF,30-231,1994,13,985,76,64.4,10.9,11,81,7,2,47,0,1.77,19,17,2,0.18,-0.15,19.7,16.4,3.3,0.3,-0.1
ENG-Premier League,2425,Manchester City,Matheus Nunes,POR,"MF,FW",26-118,1998,12,530,44,34.6,5.9,6,84,4,6,5,4,1.83,8,9,-1,-0.17,-0.62,9.8,10.5,-0.7,-0.12,-0.69
ENG-Premier League,2425,Manchester City,Nathan Aké,NED,DF,29-309,1995,5,299,60,19.5,3.3,3,84,1,2,24,6,1.2,3,6,-3,-0.9,-1.41,5.0,8.1,-3.1,-0.93,-1.57
ENG-Premier League,2425,Manchester City,Nico O’Reilly,ENG,FW,19-277,2005,0,,,,,0,,0,0,,12,,,,,,,,,,,
ENG-Premier League,2425,Manchester City,Phil Foden,ENG,"MF,FW",24-209,2000,12,810,68,52.9,9.0,8,87,6,4,29,1,1.17,10,15,-5,-0.56,-1.68,14.4,17.3,-2.9,-0.32,-1.39
ENG-Premier League,2425,Manchester City,Rico Lewis,ENG,"DF,MF",20-032,2004,15,1113,74,72.7,12.4,13,83,7,2,18,1,1.73,23,18,5,0.4,0.62,22.2,18.0,4.2,0.34,0.02
ENG-Premier League,2425,Manchester City,Rodri,ESP,MF,28-184,1996,2,65,33,4.2,0.7,1,20,0,1,45,1,2.0,1,0,1,1.38,1.2,2.2,0.0,2.1,2.93,2.71
ENG-Premier League,2425,Manchester City,Rúben Dias,POR,DF,27-223,1997,13,1087,84,71.0,12.1,12,90,12,1,7,0,2.08,24,14,10,0.83,2.05,21.8,15.7,6.1,0.5,0.58
ENG-Premier League,2425,Manchester City,Scott Carson,ENG,GK,39-111,1985,0,,,,,0,,0,0,,9,,,,,,,,,,,
ENG-Premier League,2425,Manchester City,Stefan Ortega,GER,GK,32-047,1992,4,360,90,23.5,4.0,4,90,4,0,,13,1.0,6,6,0,0.0,-0.31,5.6,7.3,-1.7,-0.43,-1.0
ENG-Premier League,2425,Manchester City,Sávio,BRA,"FW,MF",20-257,2004,14,731,52,47.8,8.1,9,74,1,5,13,2,1.5,13,12,1,0.12,-0.21,17.9,8.8,9.1,1.12,1.5
ENG-Premier League,2425,Manchester City,İlkay Gündoğan,GER,MF,34-060,1990,16,1113,70,72.7,12.4,13,82,6,3,16,0,1.5,20,19,1,0.08,-0.57,19.9,20.6,-0.7,-0.06,-1.44
ENG-Premier League,2425,Manchester Utd,Alejandro Garnacho,ARG,"FW,MF",20-175,2004,16,977,61,63.9,10.9,10,81,5,6,28,0,1.19,9,18,-9,-0.83,-2.13,15.2,17.4,-2.2,-0.2,-0.68
ENG-Premier League,2425,Manchester Utd,Altay Bayındır,TUR,GK,26-253,1998,0,,,,,0,,0,0,,17,,,,,,,,,,,
ENG-Premier League,2425,Manchester Utd,Amad Diallo,CIV,"FW,DF",22-165,2002,15,976,65,63.8,10.8,10,85,6,5,25,2,1.2,17,14,3,0.28,0.93,17.6,15.9,1.7,0.16,0.32
ENG-Premier League,2425,Manchester Utd,André Onana,CMR,GK,28-265,1996,17,1530,90,100.0,17.0,17,90,17,0,,0,1.29,21,22,-1,-0.06,,25.4,24.6,0.7,0.04,
ENG-Premier League,2425,Manchester Utd,Antony,BRA,"FW,MF",24-303,2000,4,53,13,3.5,0.6,0,,0,4,13,10,1.0,2,1,1,1.7,1.82,1.9,1.3,0.6,1.01,1.0
ENG-Premier League,2425,Manchester Utd,Bruno Fernandes,POR,"MF,FW",30-106,1994,17,1429,84,93.4,15.9,17,84,13,0,,0,1.29,21,19,2,0.13,2.8,24.3,21.5,2.9,0.18,2.08
ENG-Premier League,2425,Manchester Utd,Casemiro,BRA,MF,32-304,1992,12,745,62,48.7,8.3,9,77,4,3,18,5,1.5,14,11,3,0.36,0.82,13.2,12.8,0.4,0.05,0.01
ENG-Premier League,2425,Manchester Utd,Christian Eriksen,DEN,MF,32-313,1992,9,507,56,33.1,5.6,6,79,2,3,12,6,1.33,6,4,2,0.36,0.62,8.1,8.6,-0.5,-0.08,-0.19
ENG-Premier League,2425,Manchester Utd,Diogo Dalot,POR,DF,25-280,1999,17,1496,88,97.8,16.6,17,88,16,0,,0,1.29,20,22,-2,-0.12,-2.77,25.3,24.6,0.7,0.04,-0.09
ENG-Premier League,2425,Manchester Utd,Ethan Wheatley,ENG,FW,18-338,2006,0,,,,,0,,0,0,,5,,,,,,,,,,,
ENG-Premier League,2425,Manchester Utd,Godwill Kukonki,ENG,DF,16-321,2008,0,,,,,0,,0,0,,1,,,,,,,,,,,
ENG-Premier League,2425,Manchester Utd,Harry Amass,ENG,DF,17-282,2007,0,,,,,0,,0,0,,2,,,,,,,,,,,
ENG-Premier League,2425,Manchester Utd,Harry Maguire,ENG,DF,31-293,1993,10,540,54,35.3,6.0,6,74,2,4,25,1,1.3,5,6,-1,-0.17,-0.17,9.9,6.1,3.7,0.62,0.89
ENG-Premier League,2425,Manchester Utd,Jack Fletcher,ENG,MF,17-279,2007,0,,,,,0,,0,0,,3,,,,,,,,,,,
ENG-Premier League,2425,Manchester Utd,Jayce Fitzgerald,ENG,MF,17-228,2007,0,,,,,0,,0,0,,1,,,,,,,,,,,
ENG-Premier League,2425,Manchester Utd,Jonny Evans,NIR,DF,36-355,1988,6,290,48,19.0,3.2,3,77,1,3,19,7,2.33,6,2,4,1.24,1.6,4.1,2.7,1.4,0.44,0.49
ENG-Premier League,2425,Manchester Utd,Joshua Zirkzee,NED,"FW,MF",23-215,2001,17,660,39,43.1,7.3,6,71,2,11,22,0,1.29,13,8,5,0.68,1.3,13.0,10.2,2.8,0.38,0.59
ENG-Premier League,2425,Manchester Utd,Kobbie Mainoo,ENG,MF,19-248,2005,11,907,82,59.3,10.1,10,83,6,1,77,1,1.27,12,13,-1,-0.1,-0.1,16.4,12.7,3.6,0.36,0.78
ENG-Premier League,2425,Manchester Utd,Leny Yoro,FRA,DF,19-040,2005,4,154,39,10.1,1.7,1,65,0,3,30,0,0.75,4,6,-2,-1.17,-1.23,4.2,3.9,0.3,0.17,0.14
ENG-Premier League,2425,Manchester Utd,Lisandro Martínez,ARG,DF,26-340,1998,14,1246,89,81.4,13.8,14,89,13,0,,1,1.43,19,19,0,0.0,0.32,23.0,20.5,2.5,0.18,0.74
ENG-Premier League,2425,Manchester Utd,Luke Shaw,ENG,DF,29-164,1995,2,70,35,4.6,0.8,0,,0,2,35,0,2.0,1,0,1,1.29,1.41,0.5,0.5,0.1,0.07,0.02
ENG-Premier League,2425,Manchester Utd,Manuel Ugarte Ribeiro,URU,MF,23-256,2001,12,650,54,42.5,7.2,7,79,3,5,19,2,1.5,9,10,-1,-0.14,-0.14,9.2,9.5,-0.3,-0.04,-0.15
ENG-Premier League,2425,Manchester Utd,Marcus Rashford,ENG,"FW,MF",27-053,1997,15,978,65,63.9,10.9,12,74,4,3,31,0,1.27,15,9,6,0.55,1.69,15.2,14.5,0.7,0.06,0.05
ENG-Premier League,2425,Manchester Utd,Mason Mount,ENG,"MF,FW",25-348,1999,8,247,31,16.1,2.7,4,44,0,4,18,2,1.25,0,4,-4,-1.46,-1.67,2.8,3.8,-1.0,-0.36,-0.49
ENG-Premier League,2425,Manchester Utd,Matthijs de Ligt,NED,DF,25-133,1999,16,1139,71,74.4,12.7,13,82,8,3,22,0,1.38,16,18,-2,-0.16,-0.39,16.3,20.0,-3.7,-0.29,-1.32
ENG-Premier League,2425,Manchester Utd,Noussair Mazraoui,MAR,DF,27-039,1997,17,1249,73,81.6,13.9,15,82,9,2,13,0,1.29,12,17,-5,-0.36,-1.64,18.9,21.5,-2.7,-0.19,-1.28
ENG-Premier League,2425,Manchester Utd,Rasmus Højlund,DEN,FW,21-323,2003,12,721,60,47.1,8.0,8,79,2,4,23,1,1.08,8,13,-5,-0.62,-1.07,10.2,12.3,-2.0,-0.26,-0.56
ENG-Premier League,2425,Manchester Utd,Scott McTominay,SCO,MF,28-015,1996,2,19,10,1.2,0.2,0,,0,2,10,0,1.5,1,1,0,0.0,0.06,0.8,0.6,0.2,0.91,0.88
ENG-Premier League,2425,Manchester Utd,Toby Collyer,ENG,MF,20-355,2004,1,45,45,2.9,0.5,0,,0,1,45,4,0.0,0,1,-1,-2.0,-2.0,1.3,1.1,0.2,0.36,0.33
ENG-Premier League,2425,Manchester Utd,Tom Heaton,ENG,GK,38-252,1986,0,,,,,0,,0,0,,2,,,,,,,,,,,
ENG-Premier League,2425,Manchester Utd,Tyrell Malacia,NED,DF,25-128,1999,2,90,45,5.9,1.0,2,45,0,0,,4,0.0,0,1,-1,-1.0,-1.0,1.0,0.5,0.5,0.48,0.47
ENG-Premier League,2425,Manchester Utd,Victor Lindelöf,SWE,"DF,MF",30-159,1994,5,63,13,4.1,0.7,0,,0,5,13,2,1.6,0,1,-1,-1.43,-1.43,0.7,1.4,-0.6,-0.94,-1.02
ENG-Premier League,2425,Newcastle Utd,Alex Murphy,IRL,DF,20-181,2004,0,,,,,0,,0,0,,4,,,,,,,,,,,
ENG-Premier League,2425,Newcastle Utd,Alexander Isak,SWE,FW,25-093,1999,15,1199,80,78.4,13.3,15,80,10,0,,0,1.6,23,19,4,0.3,-0.24,22.5,17.5,5.0,0.37,0.02
ENG-Premier League,2425,Newcastle Utd,Anthony Gordon,ENG,FW,23-303,2001,16,1273,80,83.2,14.1,15,83,4,1,31,0,1.63,22,14,8,0.57,1.27,23.5,17.3,6.1,0.43,0.38
ENG-Premier League,2425,Newcastle Utd,Bruno Guimarães,BRA,MF,27-037,1997,17,1475,87,96.4,16.4,17,87,11,0,,0,1.53,27,21,6,0.37,0.37,26.4,20.9,5.4,0.33,-1.04
ENG-Premier League,2425,Newcastle Utd,Callum Wilson,ENG,"FW,MF",32-300,1992,4,61,15,4.0,0.7,0,,0,4,15,0,0.5,1,2,-1,-1.48,-1.9,0.8,1.1,-0.3,-0.43,-0.83
ENG-Premier League,2425,Newcastle Utd,Dan Burn,ENG,DF,32-228,1992,16,1440,90,94.1,16.0,16,90,16,0,,0,1.63,27,19,8,0.5,2.5,26.0,20.5,5.5,0.34,-0.43
ENG-Premier League,2425,Newcastle Utd,Emil Krafth,SWE,DF,30-143,1994,3,241,80,15.8,2.7,2,90,2,1,61,7,2.33,4,2,2,0.75,0.47,3.7,5.0,-1.4,-0.51,-1.05
ENG-Premier League,2425,Newcastle Utd,Fabian Schär,SUI,DF,33-003,1991,15,1287,86,84.1,14.3,15,86,14,0,,0,1.47,23,19,4,0.28,-0.46,23.9,16.3,7.7,0.54,1.05
ENG-Premier League,2425,Newcastle Utd,Harvey Barnes,ENG,FW,27-014,1997,17,751,44,49.1,8.3,6,71,1,11,30,0,1.53,12,13,-1,-0.12,-0.93,12.7,11.8,0.9,0.11,-0.52
ENG-Premier League,2425,Newcastle Utd,Jacob Murphy,ENG,FW,29-303,1995,14,777,56,50.8,8.6,10,66,2,4,30,2,1.36,17,10,7,0.81,0.93,17.6,9.0,8.6,1.0,1.27
ENG-Premier League,2425,Newcastle Utd,Joe Willock,ENG,"MF,FW",25-125,1999,14,525,38,34.3,5.8,6,60,0,8,21,1,1.43,11,4,7,1.2,1.29,9.8,6.8,3.0,0.52,0.23
ENG-Premier League,2425,Newcastle Utd,Joelinton,BRA,"MF,FW",28-131,1996,16,1319,82,86.2,14.7,16,82,10,0,,0,1.44,20,19,1,0.07,-2.06,22.9,18.3,4.6,0.31,-0.43
ENG-Premier League,2425,Newcastle Utd,John Ruddy,ENG,GK,38-060,1986,0,,,,,0,,0,0,,3,,,,,,,,,,,
ENG-Premier League,2425,Newcastle Utd,Kieran Trippier,ENG,DF,34-095,1990,9,348,39,22.7,3.9,3,73,0,6,21,3,1.33,5,4,1,0.26,-0.12,7.4,4.9,2.4,0.63,0.34
ENG-Premier League,2425,Newcastle Utd,Lewis Hall,ENG,DF,20-106,2004,17,1318,78,86.1,14.6,14,88,10,3,30,0,1.53,26,16,10,0.68,2.38,25.7,16.0,9.7,0.67,2.13
ENG-Premier League,2425,Newcastle Utd,Lewis Miley,ENG,MF,18-236,2006,1,11,11,0.7,0.1,0,,0,1,11,4,3.0,0,0,0,0.0,-0.36,0.0,0.0,0.0,-0.37,-0.74
ENG-Premier League,2425,Newcastle Utd,Lloyd Kelly,ENG,DF,26-078,1998,8,298,37,19.5,3.3,4,68,1,4,7,9,1.63,1,6,-5,-1.51,-2.31,3.8,5.6,-1.8,-0.56,-1.15
ENG-Premier League,2425,Newcastle Utd,Martin Dúbravka,SVK,GK,35-343,1989,2,180,90,11.8,2.0,2,90,2,0,,11,3.0,8,0,8,4.0,4.13,6.1,0.9,5.2,2.59,2.51
ENG-Premier League,2425,Newcastle Utd,Matt Targett,ENG,"DF,MF",29-096,1995,0,,,,,0,,0,0,,9,,,,,,,,,,,
ENG-Premier League,2425,Newcastle Utd,Miguel Almirón,PAR,FW,30-317,1994,7,141,20,9.2,1.6,1,67,0,6,12,10,1.14,1,3,-2,-1.28,-1.79,2.5,2.8,-0.3,-0.18,-0.61
ENG-Premier League,2425,Newcastle Utd,Nick Pope,ENG,GK,32-248,1992,15,1350,90,88.2,15.0,15,90,15,0,,0,1.33,19,21,-2,-0.13,-4.13,21.5,20.4,1.1,0.07,-2.51
ENG-Premier League,2425,Newcastle Utd,Odisseas Vlachodimos,GRE,GK,30-241,1994,0,,,,,0,,0,0,,5,,,,,,,,,,,
ENG-Premier League,2425,Newcastle Utd,Sandro Tonali,ITA,MF,24-229,2000,15,831,55,54.3,9.2,8,79,3,7,28,0,1.47,18,10,8,0.87,1.12,17.3,10.8,6.6,0.71,0.75
ENG-Premier League,2425,Newcastle Utd,Sean Longstaff,ENG,MF,27-054,1997,16,715,45,46.7,7.9,8,72,3,8,17,1,1.63,9,10,-1,-0.13,-0.9,8.1,9.3,-1.3,-0.16,-0.99
ENG-Premier League,2425,Newcastle Utd,Valentino Livramento,ENG,DF,22-041,2002,17,1197,70,78.2,13.3,14,82,10,3,17,0,1.53,22,18,4,0.3,-0.24,20.7,17.0,3.6,0.27,-0.44
ENG-Premier League,2425,Newcastle Utd,William Osula,DEN,"FW,MF",21-141,2003,5,30,6,2.0,0.3,0,,0,5,6,12,1.2,0,1,-1,-3.0,-3.42,0.6,0.5,0.1,0.38,0.01
ENG-Premier League,2425,Nott'ham Forest,Andrew Omobamidele,IRL,DF,22-183,2002,0,,,,,0,,0,0,,4,,,,,,,,,,,
ENG-Premier League,2425,Nott'ham Forest,Anthony Elanga,SWE,"FW,MF",22-240,2002,17,884,52,57.8,9.8,11,69,2,6,21,0,1.82,14,12,2,0.2,-0.08,13.5,11.2,2.3,0.23,0.18
ENG-Premier League,2425,Nott'ham Forest,Callum Hudson-Odoi,ENG,"FW,MF",24-046,2000,16,1230,77,80.4,13.7,14,83,3,2,36,1,1.94,23,12,11,0.8,2.9,17.8,11.0,6.8,0.5,1.75
ENG-Premier League,2425,Nott'ham Forest,Carlos Miguel,BRA,GK,26-075,1998,0,,,,,0,,0,0,,17,,,,,,,,,,,
ENG-Premier League,2425,Nott'ham Forest,Chris Wood,NZL,FW,33-016,1991,17,1325,78,86.6,14.7,16,81,5,1,28,0,1.82,23,16,7,0.48,1.79,18.9,14.7,4.2,0.29,0.96
ENG-Premier League,2425,Nott'ham Forest,Danilo,BRA,MF,23-238,2001,1,14,14,0.9,0.2,1,14,0,0,,0,1.0,0,0,0,0.0,-0.24,0.0,0.3,-0.3,-1.71,-1.88
ENG-Premier League,2425,Nott'ham Forest,Elliot Anderson,ENG,"MF,FW",22-047,2002,16,970,61,63.4,10.8,12,72,2,4,27,0,1.94,18,12,6,0.56,0.88,14.3,11.1,3.2,0.3,0.39
ENG-Premier League,2425,Nott'ham Forest,Eric da Silva Moreira,GER,"MF,DF",18-234,2006,2,30,15,2.0,0.3,0,,0,2,15,5,1.5,0,0,0,0.0,-0.24,0.1,0.3,-0.2,-0.53,-0.7
ENG-Premier League,2425,Nott'ham Forest,Harry Toffolo,ENG,DF,29-126,1995,2,38,19,2.5,0.4,0,,0,2,19,10,2.0,0,1,-1,-2.37,-2.67,0.4,0.7,-0.3,-0.75,-0.93
ENG-Premier League,2425,Nott'ham Forest,Ibrahim Sangaré,CIV,MF,27-021,1997,3,212,71,13.9,2.4,3,71,1,0,,0,1.67,2,2,0,0.0,-0.27,3.2,2.0,1.2,0.52,0.43
ENG-Premier League,2425,Nott'ham Forest,James Ward-Prowse,ENG,MF,30-052,1994,6,379,63,24.8,4.2,5,75,2,1,3,6,0.83,3,7,-4,-0.95,-1.58,2.9,5.2,-2.3,-0.55,-0.94
ENG-Premier League,2425,Nott'ham Forest,Jota Silva,POR,"FW,MF",25-144,1999,16,518,32,33.9,5.8,3,72,0,13,23,1,1.88,10,9,1,0.17,-0.09,7.5,7.4,0.0,0.01,-0.22
ENG-Premier League,2425,Nott'ham Forest,Matz Sels,BEL,GK,32-301,1992,17,1530,90,100.0,17.0,17,90,17,0,,0,1.82,23,19,4,0.24,,20.6,18.0,2.7,0.16,
ENG-Premier League,2425,Nott'ham Forest,Morato,BRA,DF,23-176,2001,10,264,26,17.3,2.9,1,90,1,9,19,3,2.3,4,1,3,1.02,0.95,2.7,3.0,-0.3,-0.12,-0.33
ENG-Premier League,2425,Nott'ham Forest,Morgan Gibbs-White,ENG,MF,24-331,2000,13,1007,77,65.8,11.2,13,77,3,0,,0,1.92,17,12,5,0.45,0.62,14.7,11.1,3.5,0.31,0.46
ENG-Premier League,2425,Nott'ham Forest,Murillo,BRA,DF,22-172,2002,17,1507,89,98.5,16.7,17,89,16,0,,0,1.82,21,19,2,0.12,-7.71,19.8,17.9,1.9,0.11,-3.01
ENG-Premier League,2425,Nott'ham Forest,Neco Williams,WAL,DF,23-254,2001,14,738,53,48.2,8.2,7,88,5,7,17,3,2.0,12,6,6,0.73,0.96,11.1,7.5,3.6,0.44,0.55
ENG-Premier League,2425,Nott'ham Forest,Nicolás Domínguez,ARG,"MF,FW",26-178,1998,15,807,54,52.7,9.0,9,76,4,6,21,2,1.93,8,11,-3,-0.33,-1.21,9.4,11.0,-1.6,-0.18,-0.71
ENG-Premier League,2425,Nott'ham Forest,Nikola Milenković,SRB,DF,27-072,1997,16,1440,90,94.1,16.0,16,90,16,0,,0,1.88,22,18,4,0.25,0.25,19.3,16.8,2.6,0.16,0.07
ENG-Premier League,2425,Nott'ham Forest,Ola Aina,NGA,DF,28-076,1996,17,1463,86,95.6,16.3,17,86,14,0,,0,1.82,23,18,5,0.31,1.65,20.2,17.0,3.1,0.19,0.86
ENG-Premier League,2425,Nott'ham Forest,Ramón Sosa,PAR,"FW,MF",25-114,1999,10,150,15,9.8,1.7,0,,0,10,15,3,1.4,1,2,-1,-0.6,-0.93,1.8,0.9,0.9,0.53,0.42
ENG-Premier League,2425,Nott'ham Forest,Ryan Yates,ENG,MF,27-032,1997,17,1218,72,79.6,13.5,12,84,10,5,41,0,1.82,17,15,2,0.15,-0.43,16.0,15.5,0.5,0.04,-0.58
ENG-Premier League,2425,Nott'ham Forest,Taiwo Awoniyi,NGA,FW,27-133,1997,12,205,17,13.4,2.3,2,54,0,10,10,5,1.67,0,3,-3,-1.32,-1.79,1.9,2.6,-0.7,-0.29,-0.51
ENG-Premier League,2425,Nott'ham Forest,Willy Boly,CIV,DF,33-324,1991,3,92,31,6.0,1.0,1,90,1,2,1,10,2.33,1,1,0,0.0,-0.25,1.3,1.3,0.0,0.04,-0.12
ENG-Premier League,2425,Nott'ham Forest,Álex Moreno,ESP,DF,31-198,1993,11,788,72,51.5,8.8,10,78,2,1,13,2,1.55,11,13,-2,-0.23,-0.96,9.5,10.3,-0.8,-0.09,-0.51
ENG-Premier League,2425,Southampton,Aaron Ramsdale,ENG,GK,26-223,1998,10,900,90,58.8,10.0,10,90,10,0,,0,0.5,7,19,-12,-1.2,0.66,10.3,21.0,-10.7,-1.07,0.38
ENG-Premier League,2425,Southampton,Adam Armstrong,ENG,"FW,MF",27-317,1997,14,942,67,61.6,10.5,11,79,4,3,24,3,0.43,5,19,-14,-1.34,0.35,9.9,21.4,-11.6,-1.1,0.32
ENG-Premier League,2425,Southampton,Adam Lallana,ENG,MF,36-227,1988,8,315,39,20.6,3.5,5,51,0,3,19,4,0.5,2,5,-3,-0.86,0.77,3.4,5.7,-2.3,-0.66,0.72
ENG-Premier League,2425,Southampton,Alex McCarthy,ENG,GK,35-020,1989,4,360,90,23.5,4.0,4,90,4,0,,13,0.0,2,10,-8,-2.0,-0.69,4.0,7.9,-3.9,-0.97,0.33
ENG-Premier League,2425,Southampton,Ben Brereton,CHI,FW,25-249,1999,10,449,45,29.3,5.0,4,78,2,6,23,3,0.2,2,10,-8,-1.6,-0.19,5.0,11.0,-6.0,-1.2,0.04
ENG-Premier League,2425,Southampton,Cameron Archer,ENG,FW,23-155,2001,17,897,53,58.6,10.0,9,74,0,8,29,0,0.35,8,17,-9,-0.9,1.37,11.4,23.3,-11.9,-1.2,0.07
ENG-Premier League,2425,Southampton,Carlos Alcaraz,ARG,MF,22-023,2002,1,10,10,0.7,0.1,0,,0,1,10,0,0.0,0,0,0,0.0,1.48,0.3,0.0,0.3,2.92,4.18
ENG-Premier League,2425,Southampton,Charlie Taylor,ENG,DF,31-096,1993,6,221,37,14.4,2.5,2,90,2,4,10,4,0.17,2,6,-4,-1.63,-0.19,3.1,4.3,-1.1,-0.47,0.89
ENG-Premier League,2425,Southampton,Flynn Downes,ENG,MF,25-338,1999,15,1309,87,85.6,14.5,15,87,12,0,,0,0.4,10,29,-19,-1.31,1.14,14.8,29.4,-14.5,-1.0,1.59
ENG-Premier League,2425,Southampton,Jack Stephens,ENG,DF,30-331,1994,10,793,79,51.8,8.8,10,79,6,0,,0,0.4,5,17,-12,-1.36,0.23,9.1,18.7,-9.6,-1.09,0.28
ENG-Premier League,2425,Southampton,James Bree,ENG,DF,27-073,1997,4,148,37,9.7,1.6,2,62,0,2,13,9,0.25,1,5,-4,-2.43,-1.06,1.9,6.6,-4.7,-2.87,-1.82
ENG-Premier League,2425,Southampton,Jan Bednarek,POL,DF,28-255,1996,13,1160,89,75.8,12.9,13,89,12,0,,0,0.38,7,26,-19,-1.47,-0.01,12.7,25.8,-13.1,-1.02,0.86
ENG-Premier League,2425,Southampton,Joe Aribo,NGA,MF,28-155,1996,16,959,60,62.7,10.7,9,79,4,7,35,1,0.38,8,26,-18,-1.69,-0.59,10.7,28.0,-17.2,-1.62,-1.04
ENG-Premier League,2425,Southampton,Joe Lumley,ENG,GK,29-312,1995,3,270,90,17.6,3.0,3,90,3,0,,4,0.33,2,7,-5,-1.67,-0.24,2.8,9.1,-6.3,-2.09,-1.04
ENG-Premier League,2425,Southampton,Joe O'Brien-Whitmarsh,IRL,FW,,,0,,,,,0,,0,0,,1,,,,,,,,,,,
ENG-Premier League,2425,Southampton,Kamaldeen Sulemana,GHA,"FW,MF",22-312,2002,6,64,11,4.2,0.7,1,14,0,5,10,2,0.17,0,6,-6,-8.44,-7.27,0.1,4.0,-3.9,-5.49,-4.45
ENG-Premier League,2425,Southampton,Kyle Walker-Peters,ENG,DF,27-254,1997,15,1340,89,87.6,14.9,15,89,14,0,,2,0.33,9,32,-23,-1.54,-0.6,13.7,35.0,-21.3,-1.43,-1.62
ENG-Premier League,2425,Southampton,Lesley Ugochukwu,FRA,MF,20-272,2004,7,245,35,16.0,2.7,2,54,0,5,27,5,0.71,1,8,-7,-2.57,-1.31,2.2,6.4,-4.2,-1.53,-0.35
ENG-Premier League,2425,Southampton,Mateus Fernandes,POR,MF,20-166,2004,16,1235,77,80.7,13.7,14,84,7,2,30,0,0.38,11,27,-16,-1.17,1.58,13.9,31.2,-17.3,-1.26,-0.18
ENG-Premier League,2425,Southampton,Maxwel Cornet,CIV,FW,28-087,1996,2,72,36,4.7,0.8,1,45,0,1,27,3,0.0,0,4,-4,-5.0,-3.7,0.2,1.7,-1.5,-1.86,-0.66
ENG-Premier League,2425,Southampton,Nathan Wood-Gordon,ENG,DF,22-206,2002,4,346,87,22.6,3.8,3,90,3,1,76,4,0.25,1,8,-7,-1.82,-0.45,3.0,9.7,-6.7,-1.74,-0.66
ENG-Premier League,2425,Southampton,Paul Onuachu,NGA,FW,30-209,1994,7,115,16,7.5,1.3,1,51,0,6,11,2,0.57,1,4,-3,-2.35,-0.95,1.6,3.0,-1.4,-1.1,0.14
ENG-Premier League,2425,Southampton,Ronnie Edwards,ENG,DF,21-270,2003,1,12,12,0.8,0.1,0,,0,1,12,2,0.0,0,1,-1,-7.5,-6.08,0.0,0.3,-0.3,-2.19,-0.97
ENG-Premier League,2425,Southampton,Ross Stewart,SCO,"FW,MF",28-165,1996,4,132,33,8.6,1.5,1,26,0,3,35,0,0.25,1,2,-1,-0.68,0.86,0.8,2.5,-1.8,-1.2,0.03
ENG-Premier League,2425,Southampton,Ryan Fraser,SCO,"FW,DF",30-303,1994,7,303,43,19.8,3.4,4,60,0,3,21,3,0.29,4,10,-6,-1.78,-0.39,5.5,9.9,-4.4,-1.3,-0.09
ENG-Premier League,2425,Southampton,Ryan Manning,IRL,DF,28-192,1996,9,659,73,43.1,7.3,9,73,2,0,,2,0.44,5,18,-13,-1.78,-0.54,6.8,19.3,-12.5,-1.71,-0.84
ENG-Premier League,2425,Southampton,Samuel Amo-Ameyaw,ENG,"FW,DF",18-158,2006,2,28,14,1.8,0.3,0,,0,2,14,7,0.0,0,0,0,0.0,1.5,0.3,1.1,-0.8,-2.5,-1.3
ENG-Premier League,2425,Southampton,Samuel Edozie,ENG,"DF,FW",21-330,2003,2,65,33,4.2,0.7,0,,0,2,33,0,0.0,0,0,0,0.0,1.54,1.4,0.3,1.1,1.46,2.8
ENG-Premier League,2425,Southampton,Taylor Harwood-Bellis,ENG,DF,22-328,2002,16,1310,82,85.6,14.6,15,87,13,1,10,0,0.38,9,27,-18,-1.24,1.63,13.9,29.2,-15.4,-1.06,1.2
ENG-Premier League,2425,Southampton,Tyler Dibling,ENG,"FW,MF",18-286,2006,16,975,61,63.7,10.8,11,76,5,5,28,0,0.38,10,24,-14,-1.29,0.49,12.0,23.2,-11.3,-1.04,0.52
ENG-Premier League,2425,Southampton,William Smallbone,IRL,MF,24-306,2000,4,241,60,15.8,2.7,3,73,1,1,23,0,0.0,0,5,-5,-1.87,-0.47,2.8,4.6,-1.8,-0.66,0.67
ENG-Premier League,2425,Southampton,Yukinari Sugawara,JPN,DF,24-178,2000,15,873,58,57.1,9.7,10,77,4,5,21,2,0.4,8,19,-11,-1.13,0.78,10.2,19.7,-9.5,-0.98,0.59
ENG-Premier League,2425,Tottenham,Alfie Devine,ENG,MF,20-144,2004,0,,,,,0,,0,0,,1,,,,,,,,,,,
ENG-Premier League,2425,Tottenham,Alfie Dorrington,ENG,DF,19-247,2005,1,14,14,0.9,0.2,0,,0,1,14,1,3.0,0,0,0,0.0,-0.83,0.4,0.0,0.4,2.56,2.38
ENG-Premier League,2425,Tottenham,Archie Gray,ENG,"DF,MF",18-286,2006,10,333,33,21.8,3.7,3,90,3,7,9,7,1.7,11,8,3,0.81,-0.02,6.0,9.9,-3.9,-1.05,-1.6
ENG-Premier League,2425,Tottenham,Ben Davies,WAL,DF,31-243,1993,4,271,68,17.7,3.0,3,80,2,1,30,6,1.75,8,2,6,1.99,1.42,5.5,5.2,0.4,0.13,-0.1
ENG-Premier League,2425,Tottenham,Brandon Austin,ENG,GK,25-350,1999,0,,,,,0,,0,0,,6,,,,,,,,,,,
ENG-Premier League,2425,Tottenham,Brennan Johnson,WAL,FW,23-214,2001,17,1204,71,78.7,13.4,13,81,7,4,38,0,1.35,27,17,10,0.75,-0.36,24.3,20.2,4.1,0.31,0.48
ENG-Premier League,2425,Tottenham,Callum Olusesi,ENG,MF,17-341,2007,0,,,,,0,,0,0,,5,,,,,,,,,,,
ENG-Premier League,2425,Tottenham,Cristian Romero,ARG,DF,26-240,1998,12,974,81,63.7,10.8,12,81,10,0,,0,1.33,22,13,9,0.83,0.02,20.0,12.7,7.2,0.67,1.27
ENG-Premier League,2425,Tottenham,Dejan Kulusevski,SWE,"MF,FW",24-242,2000,17,1320,78,86.3,14.7,15,86,12,2,18,0,1.35,34,22,12,0.82,-0.04,28.8,25.0,3.7,0.25,0.36
ENG-Premier League,2425,Tottenham,Destiny Udogie,ITA,DF,22-025,2002,16,1301,81,85.0,14.5,16,81,10,0,,1,1.44,30,19,11,0.76,-0.42,26.0,22.4,3.6,0.25,0.28
ENG-Premier League,2425,Tottenham,Djed Spence,ENG,DF,24-136,2000,6,231,39,15.1,2.6,2,83,1,4,16,8,2.17,12,6,6,2.34,1.78,7.0,6.1,0.9,0.35,0.17
ENG-Premier League,2425,Tottenham,Dominic Solanke,ENG,FW,27-100,1997,14,1238,88,80.9,13.8,14,88,11,0,,0,1.36,33,22,11,0.8,-0.12,26.9,24.0,2.9,0.21,0.03
ENG-Premier League,2425,Tottenham,Fraser Forster,ENG,GK,36-281,1988,5,450,90,29.4,5.0,5,90,5,0,,11,0.8,12,12,0,0.0,-1.17,8.0,13.2,-5.2,-1.05,-1.78
ENG-Premier League,2425,Tottenham,Guglielmo Vicario,ITA,GK,28-077,1996,12,1080,90,70.6,12.0,12,90,12,0,,0,1.58,27,13,14,1.17,1.17,23.8,15.1,8.7,0.73,1.78
ENG-Premier League,2425,Tottenham,James Maddison,ENG,MF,28-030,1996,17,1082,64,70.7,12.0,14,75,0,3,9,0,1.35,26,17,9,0.75,-0.26,21.1,19.4,1.7,0.15,-0.21
ENG-Premier League,2425,Tottenham,Luca Williams Barnett,ENG,FW,16-083,2008,0,,,,,0,,0,0,,1,,,,,,,,,,,
ENG-Premier League,2425,Tottenham,Lucas Bergvall,SWE,MF,18-325,2006,11,204,19,13.3,2.3,1,90,1,10,11,6,1.55,10,3,7,3.09,2.61,6.9,4.6,2.3,1.01,0.93
ENG-Premier League,2425,Tottenham,Maeson King,ENG,DF,19-105,2005,0,,,,,0,,0,0,,1,,,,,,,,,,,
ENG-Premier League,2425,Tottenham,Malachi Hardy,ENG,DF,16-288,2008,0,,,,,0,,0,0,,2,,,,,,,,,,,
ENG-Premier League,2425,Tottenham,Micky van de Ven,NED,DF,23-248,2001,9,788,88,51.5,8.8,9,88,7,0,,0,1.44,19,11,8,0.91,0.19,17.5,9.6,7.9,0.9,1.43
ENG-Premier League,2425,Tottenham,Mikey Moore,ENG,FW,17-134,2007,4,85,21,5.6,0.9,1,61,0,3,8,2,1.5,1,1,0,0.0,-0.87,2.1,0.9,1.3,1.34,1.2
ENG-Premier League,2425,Tottenham,Pape Matar Sarr,SEN,MF,22-100,2002,17,911,54,59.5,10.1,10,74,3,7,24,0,1.35,25,15,10,0.99,0.41,16.4,17.4,-1.0,-0.09,-0.74
ENG-Premier League,2425,Tottenham,Pedro Porro,ESP,DF,25-101,1999,17,1438,85,94.0,16.0,15,90,13,2,46,0,1.35,35,24,11,0.69,-2.25,29.3,27.0,2.3,0.14,-1.06
ENG-Premier League,2425,Tottenham,Radu Drăgușin,ROU,DF,22-324,2002,10,806,81,52.7,9.0,8,90,8,2,43,7,1.3,20,17,3,0.33,-1.03,16.1,20.5,-4.4,-0.49,-1.47
ENG-Premier League,2425,Tottenham,Richarlison,BRA,FW,27-227,1997,5,90,18,5.9,1.0,0,,0,5,18,0,2.0,4,0,4,4.0,3.38,2.3,0.6,1.7,1.66,1.55
ENG-Premier League,2425,Tottenham,Rodrigo Bentancur,URU,MF,27-181,1997,10,535,54,35.0,5.9,7,73,1,3,8,0,1.3,10,9,1,0.17,-1.01,12.5,8.0,4.5,0.76,0.85
ENG-Premier League,2425,Tottenham,Sergio Reguilón,ESP,"DF,MF",28-007,1996,0,,,,,0,,0,0,,4,,,,,,,,,,,
ENG-Premier League,2425,Tottenham,Son Heung-min,KOR,FW,32-168,1992,14,1066,76,69.7,11.8,13,79,7,1,34,0,1.43,29,19,10,0.84,0.07,21.0,21.9,-0.9,-0.08,-0.94
ENG-Premier League,2425,Tottenham,Timo Werner,GER,"FW,MF",28-292,1996,14,409,29,26.7,4.5,3,74,0,11,17,3,1.0,9,9,0,0.0,-1.12,9.4,8.8,0.6,0.13,-0.1
ENG-Premier League,2425,Tottenham,Will Lankshear,ENG,FW,19-247,2005,2,10,5,0.7,0.1,0,,0,2,5,7,2.0,0,0,0,0.0,-0.83,0.4,0.0,0.4,3.84,3.66
ENG-Premier League,2425,Tottenham,Wilson Odobert,FRA,FW,20-025,2004,3,162,54,10.6,1.8,2,70,0,1,23,0,1.0,3,1,2,1.11,0.32,3.0,1.8,1.2,0.65,0.5
ENG-Premier League,2425,Tottenham,Yves Bissouma,MLI,MF,28-115,1996,13,828,64,54.1,9.2,9,83,3,4,21,1,1.23,22,15,7,0.76,-0.14,15.5,17.3,-1.8,-0.2,-0.88
ENG-Premier League,2425,West Ham,Aaron Cresswell,ENG,DF,35-008,1989,5,32,6,2.1,0.4,0,,0,5,6,7,2.4,0,0,0,0.0,0.48,0.7,1.1,-0.4,-1.07,-0.8
ENG-Premier League,2425,West Ham,Aaron Wan-Bissaka,ENG,DF,27-027,1997,16,1354,85,88.5,15.0,15,88,13,1,29,1,1.25,21,28,-7,-0.47,0.05,20.8,26.7,-5.8,-0.39,-0.86
ENG-Premier League,2425,West Ham,Alphonse Areola,FRA,GK,31-300,1993,8,675,84,44.1,7.5,8,84,7,0,,6,1.0,11,14,-3,-0.4,0.13,10.6,11.6,-1.0,-0.13,0.28
ENG-Premier League,2425,West Ham,Andy Irving,SCO,MF,24-224,2000,5,51,10,3.3,0.6,0,,0,5,10,7,0.8,0,0,0,0.0,0.49,1.0,1.5,-0.5,-0.82,-0.55
ENG-Premier League,2425,West Ham,Carlos Soler,ESP,MF,27-356,1997,13,607,47,39.7,6.7,6,64,0,7,32,0,1.23,7,9,-2,-0.3,0.29,7.7,12.4,-4.7,-0.7,-0.68
ENG-Premier League,2425,West Ham,Crysencio Summerville,NED,"FW,MF",23-054,2001,16,641,40,41.9,7.1,6,63,0,10,26,1,1.06,12,15,-3,-0.42,0.08,11.8,13.9,-2.1,-0.3,-0.01
ENG-Premier League,2425,West Ham,Danny Ings,ENG,FW,32-153,1992,9,180,20,11.8,2.0,1,45,0,8,17,7,1.33,3,2,1,0.5,1.1,6.4,2.4,4.0,1.99,2.59
ENG-Premier League,2425,West Ham,Edson Álvarez,MEX,MF,27-060,1997,13,793,61,51.8,8.8,9,76,2,4,27,0,1.15,7,13,-6,-0.68,-0.44,12.3,14.2,-1.9,-0.21,0.16
ENG-Premier League,2425,West Ham,Emerson Palmieri,ITA,DF,30-142,1994,16,1175,73,76.8,13.1,15,76,4,1,29,0,1.19,19,26,-7,-0.54,-0.28,17.0,22.7,-5.7,-0.43,-0.63
ENG-Premier League,2425,West Ham,Ezra Mayers,BRB,DF,17-342,2007,0,,,,,0,,0,0,,1,,,,,,,,,,,
ENG-Premier League,2425,West Ham,Guido Rodríguez,ARG,MF,30-255,1994,15,824,55,53.9,9.2,11,73,3,4,6,1,1.27,12,16,-4,-0.44,0.07,12.9,16.0,-3.1,-0.34,-0.11
ENG-Premier League,2425,West Ham,James Ward-Prowse,ENG,MF,30-052,1994,1,18,18,1.2,0.2,0,,0,1,18,1,0.0,0,1,-1,-5.0,-4.58,0.9,0.3,0.6,3.43,3.77
ENG-Premier League,2425,West Ham,Jarrod Bowen,ENG,"FW,MF",28-003,1996,17,1506,89,98.4,16.7,17,89,14,0,,0,1.18,22,29,-7,-0.42,3.33,23.6,29.1,-5.5,-0.33,-2.5
ENG-Premier League,2425,West Ham,Jean-Clair Todibo,FRA,DF,24-359,1999,12,697,58,45.6,7.7,7,85,6,5,20,3,1.5,13,16,-3,-0.39,0.15,13.0,12.6,0.4,0.05,0.62
ENG-Premier League,2425,West Ham,Kaelan Casey,ENG,DF,20-056,2004,1,1,1,0.1,0.0,0,,0,1,1,3,1.0,0,0,0,0.0,0.47,0.1,0.1,0.0,1.74,2.03
ENG-Premier League,2425,West Ham,Konstantinos Mavropanos,GRE,DF,27-012,1997,14,999,71,65.3,11.1,11,82,9,3,33,2,1.14,10,17,-7,-0.63,-0.46,13.5,19.6,-6.0,-0.54,-0.73
ENG-Premier League,2425,West Ham,Lewis Orford,ENG,MF,18-309,2006,0,,,,,0,,0,0,,1,,,,,,,,,,,
ENG-Premier League,2425,West Ham,Lucas Paquetá,BRA,MF,27-118,1997,17,1194,70,78.0,13.3,14,78,6,3,34,0,1.18,19,25,-6,-0.45,0.08,16.0,24.3,-8.2,-0.62,-1.5
ENG-Premier League,2425,West Ham,Luis Guilherme,BRA,MF,18-318,2006,2,13,7,0.8,0.1,0,,0,2,7,11,2.0,0,0,0,0.0,0.47,0.4,0.1,0.2,1.72,2.03
ENG-Premier League,2425,West Ham,Max Kilman,ENG,DF,27-214,1997,17,1530,90,100.0,17.0,17,90,17,0,,0,1.18,22,30,-8,-0.47,,24.7,29.6,-4.9,-0.29,
ENG-Premier League,2425,West Ham,Michail Antonio,JAM,FW,34-270,1990,14,836,60,54.6,9.3,11,66,0,3,37,0,1.07,13,18,-5,-0.54,-0.15,11.4,17.8,-6.4,-0.69,-0.89
ENG-Premier League,2425,West Ham,Mohammed Kudus,GHA,"MF,FW",24-143,2000,12,991,83,64.8,11.0,12,83,5,0,,0,1.08,13,19,-6,-0.54,-0.21,16.2,17.7,-1.4,-0.13,0.45
ENG-Premier League,2425,West Ham,Niclas Füllkrug,GER,FW,31-318,1993,6,169,28,11.0,1.9,1,56,0,5,23,1,0.83,4,5,-1,-0.53,-0.07,4.1,3.0,1.1,0.58,0.98
ENG-Premier League,2425,West Ham,Oliver Scarles,ENG,DF,19-011,2005,2,36,18,2.4,0.4,0,,0,2,18,3,1.0,1,1,0,0.0,0.48,1.5,1.1,0.4,1.09,1.41
ENG-Premier League,2425,West Ham,Tomáš Souček,CZE,MF,29-300,1995,16,1165,73,76.1,12.9,13,81,9,3,37,0,1.25,19,22,-3,-0.23,1.0,21.1,20.8,0.3,0.02,1.31
ENG-Premier League,2425,West Ham,Vladimír Coufal,CZE,DF,32-123,1992,10,437,44,28.6,4.9,4,74,1,6,23,7,1.0,3,6,-3,-0.62,-0.21,9.3,8.0,1.3,0.26,0.77
ENG-Premier League,2425,West Ham,Wes Foderingham,ENG,GK,33-344,1991,0,,,,,0,,0,0,,3,,,,,,,,,,,
ENG-Premier League,2425,West Ham,Łukasz Fabiański,POL,GK,39-249,1985,10,855,86,55.9,9.5,9,90,9,1,45,7,1.2,11,16,-5,-0.53,-0.13,14.0,18.0,-3.9,-0.41,-0.28
ENG-Premier League,2425,Wolves,Alfie Pond,ENG,DF,20-297,2004,1,1,1,0.1,0.0,0,,0,1,1,3,3.0,0,0,0,0.0,0.77,0.0,0.0,0.0,0.0,0.6
ENG-Premier League,2425,Wolves,André,BRA,MF,23-160,2001,13,820,63,53.6,9.1,11,74,5,2,3,2,0.62,15,22,-7,-0.77,-0.01,8.3,15.5,-7.2,-0.79,-0.41
ENG-Premier League,2425,Wolves,Bastien Meupiyou,FRA,DF,18-279,2006,0,,,,,0,,0,0,,2,,,,,,,,,,,
ENG-Premier League,2425,Wolves,Boubacar Traoré,MLI,MF,23-125,2001,0,,,,,0,,0,0,,1,,,,,,,,,,,
ENG-Premier League,2425,Wolves,Carlos Forbs,POR,"MF,FW",20-279,2004,7,208,30,13.6,2.3,1,67,0,6,24,7,0.57,6,8,-2,-0.87,-0.12,2.5,6.5,-4.0,-1.74,-1.31
ENG-Premier League,2425,Wolves,Chiquinho,POR,MF,24-322,2000,1,7,7,0.5,0.1,0,,0,1,7,0,0.0,0,0,0,0.0,0.77,0.1,0.0,0.1,1.89,2.5
ENG-Premier League,2425,Wolves,Craig Dawson,ENG,DF,34-231,1990,13,894,69,58.4,9.9,9,90,9,4,21,2,0.69,14,23,-9,-0.91,-0.34,9.7,17.2,-7.5,-0.75,-0.37
ENG-Premier League,2425,Wolves,Daniel Bentley,ENG,GK,31-163,1993,0,,,,,0,,0,0,,10,,,,,,,,,,,
ENG-Premier League,2425,Wolves,Daniel Podence,POR,"MF,FW",29-063,1995,2,48,24,3.1,0.5,0,,0,2,24,0,0.0,0,2,-2,-3.75,-3.08,0.3,0.8,-0.5,-0.93,-0.34
ENG-Premier League,2425,Wolves,Gonçalo Guedes,POR,"FW,MF",28-024,1996,14,342,24,22.4,3.8,2,65,0,12,18,3,0.86,11,12,-1,-0.26,0.65,4.9,8.4,-3.5,-0.92,-0.41
ENG-Premier League,2425,Wolves,Hwang Hee-chan,KOR,"MF,FW",28-332,1996,11,336,31,22.0,3.7,2,74,1,9,21,2,0.64,4,11,-7,-1.87,-1.42,4.6,6.8,-2.2,-0.59,0.01
ENG-Premier League,2425,Wolves,Jean-Ricner Bellegarde,FRA,"MF,FW",26-179,1998,15,727,48,47.5,8.1,9,68,0,6,20,2,0.73,14,17,-3,-0.37,0.75,8.7,13.2,-4.4,-0.55,0.09
ENG-Premier League,2425,Wolves,José Sá,POR,GK,31-341,1993,10,900,90,58.8,10.0,10,90,10,0,,4,1.1,18,23,-5,-0.5,0.64,10.9,14.9,-4.0,-0.4,0.49
ENG-Premier League,2425,Wolves,João Gomes,BRA,MF,23-315,2001,16,1355,85,88.6,15.1,16,85,6,0,,0,0.75,23,34,-11,-0.73,0.3,15.2,22.8,-7.6,-0.5,0.83
ENG-Premier League,2425,Wolves,Jørgen Strand Larsen,NOR,FW,24-321,2000,17,1398,82,91.4,15.5,17,82,7,0,,0,0.71,26,35,-9,-0.58,2.15,16.5,24.2,-7.8,-0.5,1.16
ENG-Premier League,2425,Wolves,Luke Cundle,ENG,MF,22-241,2002,0,,,,,0,,0,0,,2,,,,,,,,,,,
ENG-Premier League,2425,Wolves,Mario Lemina,GAB,"MF,DF",31-113,1993,16,1332,83,87.1,14.8,15,87,13,1,28,0,0.56,22,38,-16,-1.08,-2.44,15.1,25.8,-10.6,-0.72,-0.92
ENG-Premier League,2425,Wolves,Matheus Cunha,BRA,"MF,FW",25-210,1999,17,1425,84,93.1,15.8,16,87,12,1,34,0,0.71,26,37,-11,-0.69,1.02,17.2,25.8,-8.5,-0.54,0.88
ENG-Premier League,2425,Wolves,Matt Doherty,IRL,DF,32-342,1992,10,534,53,34.9,5.9,6,83,4,4,9,7,1.0,8,16,-8,-1.35,-0.9,6.6,7.3,-0.7,-0.13,0.73
ENG-Premier League,2425,Wolves,Nélson Semedo,POR,DF,31-037,1993,14,1227,88,80.2,13.6,14,88,10,0,,0,0.86,25,27,-2,-0.15,3.12,14.4,22.6,-8.2,-0.6,-0.01
ENG-Premier League,2425,Wolves,Pablo Sarabia,ESP,"MF,FW",32-226,1992,5,181,36,11.8,2.0,2,53,0,3,25,6,0.83,4,5,-1,-0.5,0.3,2.9,2.3,0.6,0.31,1.03
ENG-Premier League,2425,Wolves,Pedro Lima,BRA,DF,18-175,2006,0,,,,,0,,0,0,,6,,,,,,,,,,,
ENG-Premier League,2425,Wolves,Rayan Aït-Nouri,ALG,DF,23-200,2001,16,1366,85,89.3,15.2,16,85,9,0,,0,0.56,24,39,-15,-0.99,-2.09,16.0,25.3,-9.3,-0.61,-0.1
ENG-Premier League,2425,Wolves,Rodrigo Gomes,POR,"DF,FW",21-169,2003,10,354,35,23.1,3.9,4,73,0,6,11,7,1.0,7,10,-3,-0.76,0.0,3.0,7.2,-4.2,-1.06,-0.6
ENG-Premier League,2425,Wolves,Sam Johnstone,ENG,GK,31-273,1993,7,630,90,41.2,7.0,7,90,7,0,,4,0.14,9,17,-8,-1.14,-0.64,6.9,13.1,-6.2,-0.89,-0.49
ENG-Premier League,2425,Wolves,Santiago Bueno,URU,DF,26-044,1998,10,791,79,51.7,8.8,9,87,7,1,9,6,0.8,13,18,-5,-0.57,0.41,10.1,13.0,-2.9,-0.33,0.56
ENG-Premier League,2425,Wolves,Tom Edozie,ENG,MF,18-219,2006,0,,,,,0,,0,0,,1,,,,,,,,,,,
ENG-Premier League,2425,Wolves,Tommy Doyle,ENG,MF,23-067,2001,13,338,26,22.1,3.8,2,76,1,11,17,4,0.69,4,8,-4,-1.07,-0.39,3.8,7.7,-3.9,-1.04,-0.57
ENG-Premier League,2425,Wolves,Toti Gomes,POR,DF,25-342,1999,15,1174,78,76.7,13.0,14,83,11,1,14,0,0.8,20,28,-8,-0.61,0.65,13.2,21.8,-8.6,-0.66,-0.27
ENG-Premier League,2425,Wolves,Yerson Mosquera,COL,DF,23-235,2001,5,441,88,28.8,4.9,5,88,4,0,,0,0.2,5,12,-7,-1.43,-0.93,4.9,6.0,-1.1,-0.22,0.53
