league,season,game,week,day,date,time,home_team,home_xg,score,away_xg,away_team,attendance,venue,referee,match_report,notes,game_id
ENG-Premier League,2425,2024-08-16 Manchester Utd-Fulham,1,Fri,2024-08-16,20:00,Manchester Utd,2.4,1–0,0.4,Fulham,73297,Old Trafford,Robert Jones,/en/matches/cc5b4244/Manchester-United-Fulham-August-16-2024-Premier-League,,cc5b4244
ENG-Premier League,2425,2024-08-17 Arsenal-Wolves,1,Sat,2024-08-17,15:00,Arsenal,1.2,2–0,0.5,Wolves,60261,Emirates Stadium,Jarred Gillett,/en/matches/c0e3342a/Arsenal-Wolverhampton-Wanderers-August-17-2024-Premier-League,,c0e3342a
ENG-Premier League,2425,2024-08-17 Everton-Brighton,1,Sat,2024-08-17,15:00,Everton,0.5,0–3,1.4,Brighton,39217,Goodison Park,Simon Hooper,/en/matches/71618ace/Everton-Brighton-and-Hove-Albion-August-17-2024-Premier-League,,71618ace
ENG-Premier League,2425,2024-08-17 Ipswich Town-Liverpool,1,Sat,2024-08-17,12:30,Ipswich Town,0.5,0–2,2.6,Liverpool,30014,Portman Road Stadium,Tim Robinson,/en/matches/a1d0d529/Ipswich-Town-Liverpool-August-17-2024-Premier-League,,a1d0d529
ENG-Premier League,2425,2024-08-17 Newcastle Utd-Southampton,1,Sat,2024-08-17,15:00,Newcastle Utd,0.3,1–0,1.8,Southampton,52196,St James' Park,Craig Pawson,/en/matches/34557647/Newcastle-United-Southampton-August-17-2024-Premier-League,,34557647
ENG-Premier League,2425,2024-08-17 Nott'ham Forest-Bournemouth,1,Sat,2024-08-17,15:00,Nott'ham Forest,1.3,1–1,1.2,Bournemouth,29763,The City Ground,Michael Oliver,/en/matches/4efc72e4/Nottingham-Forest-Bournemouth-August-17-2024-Premier-League,,4efc72e4
ENG-Premier League,2425,2024-08-17 West Ham-Aston Villa,1,Sat,2024-08-17,17:30,West Ham,2.3,1–2,2.0,Aston Villa,62463,London Stadium,Tony Harrington,/en/matches/eac7c00b/West-Ham-United-Aston-Villa-August-17-2024-Premier-League,,eac7c00b
ENG-Premier League,2425,2024-08-18 Brentford-Crystal Palace,1,Sun,2024-08-18,14:00,Brentford,1.6,2–1,1.2,Crystal Palace,16988,Gtech Community Stadium,Samuel Barrott,/en/matches/b63822b9/Brentford-Crystal-Palace-August-18-2024-Premier-League,,b63822b9
ENG-Premier League,2425,2024-08-18 Chelsea-Manchester City,1,Sun,2024-08-18,16:30,Chelsea,1.0,0–2,0.8,Manchester City,39818,Stamford Bridge,Anthony Taylor,/en/matches/67a0c715/Chelsea-Manchester-City-August-18-2024-Premier-League,,67a0c715
ENG-Premier League,2425,2024-08-19 Leicester City-Tottenham,1,Mon,2024-08-19,20:00,Leicester City,1.0,1–1,1.2,Tottenham,31977,King Power Stadium,Chris Kavanagh,/en/matches/62eea1d6/Leicester-City-Tottenham-Hotspur-August-19-2024-Premier-League,,62eea1d6
ENG-Premier League,2425,2024-08-24 Aston Villa-Arsenal,2,Sat,2024-08-24,17:30,Aston Villa,1.2,0–2,0.9,Arsenal,41587,Villa Park,Michael Oliver,/en/matches/4692171a/Aston-Villa-Arsenal-August-24-2024-Premier-League,,4692171a
ENG-Premier League,2425,2024-08-24 Brighton-Manchester Utd,2,Sat,2024-08-24,12:30,Brighton,2.1,2–1,1.4,Manchester Utd,31537,The American Express Stadium,Craig Pawson,/en/matches/fc8ab8b2/Brighton-and-Hove-Albion-Manchester-United-August-24-2024-Premier-League,,fc8ab8b2
ENG-Premier League,2425,2024-08-24 Crystal Palace-West Ham,2,Sat,2024-08-24,15:00,Crystal Palace,1.3,0–2,1.4,West Ham,25099,Selhurst Park,Robert Jones,/en/matches/540cfb68/Crystal-Palace-West-Ham-United-August-24-2024-Premier-League,,540cfb68
ENG-Premier League,2425,2024-08-24 Fulham-Leicester City,2,Sat,2024-08-24,15:00,Fulham,1.8,2–1,0.6,Leicester City,25401,Craven Cottage,Darren Bond,/en/matches/4d0079fb/Fulham-Leicester-City-August-24-2024-Premier-League,,4d0079fb
ENG-Premier League,2425,2024-08-24 Manchester City-Ipswich Town,2,Sat,2024-08-24,15:00,Manchester City,3.3,4–1,0.3,Ipswich Town,53147,Etihad Stadium,Samuel Allison,/en/matches/a24b7a43/Manchester-City-Ipswich-Town-August-24-2024-Premier-League,,a24b7a43
ENG-Premier League,2425,2024-08-24 Southampton-Nott'ham Forest,2,Sat,2024-08-24,15:00,Southampton,0.1,0–1,2.2,Nott'ham Forest,31150,St Mary's Stadium,Samuel Barrott,/en/matches/a641f3a0/Southampton-Nottingham-Forest-August-24-2024-Premier-League,,a641f3a0
ENG-Premier League,2425,2024-08-24 Tottenham-Everton,2,Sat,2024-08-24,15:00,Tottenham,2.4,4–0,1.0,Everton,61357,Tottenham Hotspur Stadium,Anthony Taylor,/en/matches/1eef1717/Tottenham-Hotspur-Everton-August-24-2024-Premier-League,,1eef1717
ENG-Premier League,2425,2024-08-25 Bournemouth-Newcastle Utd,2,Sun,2024-08-25,14:00,Bournemouth,2.2,1–1,1.6,Newcastle Utd,11161,Vitality Stadium,David Coote,/en/matches/1934f267/Bournemouth-Newcastle-United-August-25-2024-Premier-League,,1934f267
ENG-Premier League,2425,2024-08-25 Liverpool-Brentford,2,Sun,2024-08-25,16:30,Liverpool,2.5,2–0,0.5,Brentford,60017,Anfield,Stuart Attwell,/en/matches/09b1742e/Liverpool-Brentford-August-25-2024-Premier-League,,09b1742e
ENG-Premier League,2425,2024-08-25 Wolves-Chelsea,2,Sun,2024-08-25,14:00,Wolves,1.9,2–6,1.6,Chelsea,31235,Molineux Stadium,Darren England,/en/matches/e76c15c9/Wolverhampton-Wanderers-Chelsea-August-25-2024-Premier-League,,e76c15c9
ENG-Premier League,2425,2024-08-31 Arsenal-Brighton,3,Sat,2024-08-31,12:30,Arsenal,2.1,1–1,1.7,Brighton,60326,Emirates Stadium,Chris Kavanagh,/en/matches/a843d023/Arsenal-Brighton-and-Hove-Albion-August-31-2024-Premier-League,,a843d023
ENG-Premier League,2425,2024-08-31 Brentford-Southampton,3,Sat,2024-08-31,15:00,Brentford,2.8,3–1,1.5,Southampton,16955,Gtech Community Stadium,Joshua Smith,/en/matches/fec3438b/Brentford-Southampton-August-31-2024-Premier-League,,fec3438b
ENG-Premier League,2425,2024-08-31 Everton-Bournemouth,3,Sat,2024-08-31,15:00,Everton,1.8,2–3,2.4,Bournemouth,38805,Goodison Park,Stuart Attwell,/en/matches/58bbe046/Everton-Bournemouth-August-31-2024-Premier-League,,58bbe046
ENG-Premier League,2425,2024-08-31 Ipswich Town-Fulham,3,Sat,2024-08-31,15:00,Ipswich Town,0.4,1–1,0.9,Fulham,29517,Portman Road Stadium,Lewis Smith,/en/matches/cec85838/Ipswich-Town-Fulham-August-31-2024-Premier-League,,cec85838
ENG-Premier League,2425,2024-08-31 Leicester City-Aston Villa,3,Sat,2024-08-31,15:00,Leicester City,0.4,1–2,1.4,Aston Villa,31725,King Power Stadium,David Coote,/en/matches/5af68b76/Leicester-City-Aston-Villa-August-31-2024-Premier-League,,5af68b76
ENG-Premier League,2425,2024-08-31 Nott'ham Forest-Wolves,3,Sat,2024-08-31,15:00,Nott'ham Forest,1.0,1–1,0.7,Wolves,29918,The City Ground,Simon Hooper,/en/matches/837f0304/Nottingham-Forest-Wolverhampton-Wanderers-August-31-2024-Premier-League,,837f0304
ENG-Premier League,2425,2024-08-31 West Ham-Manchester City,3,Sat,2024-08-31,17:30,West Ham,0.7,1–3,3.0,Manchester City,62469,London Stadium,Michael Oliver,/en/matches/97ce60d4/West-Ham-United-Manchester-City-August-31-2024-Premier-League,,97ce60d4
ENG-Premier League,2425,2024-09-01 Chelsea-Crystal Palace,3,Sun,2024-09-01,13:30,Chelsea,2.4,1–1,0.5,Crystal Palace,39298,Stamford Bridge,Jarred Gillett,/en/matches/3387c2c8/Chelsea-Crystal-Palace-September-1-2024-Premier-League,,3387c2c8
ENG-Premier League,2425,2024-09-01 Manchester Utd-Liverpool,3,Sun,2024-09-01,16:00,Manchester Utd,1.4,0–3,1.8,Liverpool,73738,Old Trafford,Anthony Taylor,/en/matches/a7ab7a12/North-West-Derby-Manchester-United-Liverpool-September-1-2024-Premier-League,,a7ab7a12
ENG-Premier League,2425,2024-09-01 Newcastle Utd-Tottenham,3,Sun,2024-09-01,13:30,Newcastle Utd,1.8,2–1,1.2,Tottenham,52211,St James' Park,Robert Jones,/en/matches/0c994746/Newcastle-United-Tottenham-Hotspur-September-1-2024-Premier-League,,0c994746
ENG-Premier League,2425,2024-09-14 Aston Villa-Everton,4,Sat,2024-09-14,17:30,Aston Villa,2.1,3–2,0.9,Everton,41573,Villa Park,Craig Pawson,/en/matches/cdb4c33b/Aston-Villa-Everton-September-14-2024-Premier-League,,cdb4c33b
ENG-Premier League,2425,2024-09-14 Bournemouth-Chelsea,4,Sat,2024-09-14,20:00,Bournemouth,1.7,0–1,0.8,Chelsea,11235,Vitality Stadium,Anthony Taylor,/en/matches/456b4762/Bournemouth-Chelsea-September-14-2024-Premier-League,,456b4762
ENG-Premier League,2425,2024-09-14 Brighton-Ipswich Town,4,Sat,2024-09-14,15:00,Brighton,1.6,0–0,0.3,Ipswich Town,41573,The American Express Stadium,Samuel Barrott,/en/matches/2ffa4354/Brighton-and-Hove-Albion-Ipswich-Town-September-14-2024-Premier-League,,2ffa4354
ENG-Premier League,2425,2024-09-14 Crystal Palace-Leicester City,4,Sat,2024-09-14,15:00,Crystal Palace,2.5,2–2,1.2,Leicester City,25147,Selhurst Park,Tony Harrington,/en/matches/430cce12/Crystal-Palace-Leicester-City-September-14-2024-Premier-League,,430cce12
ENG-Premier League,2425,2024-09-14 Fulham-West Ham,4,Sat,2024-09-14,15:00,Fulham,1.5,1–1,0.8,West Ham,26528,Craven Cottage,Tim Robinson,/en/matches/fa2b1777/Fulham-West-Ham-United-September-14-2024-Premier-League,,fa2b1777
ENG-Premier League,2425,2024-09-14 Liverpool-Nott'ham Forest,4,Sat,2024-09-14,15:00,Liverpool,0.9,0–1,0.4,Nott'ham Forest,60344,Anfield,Michael Oliver,/en/matches/674bfe9e/Liverpool-Nottingham-Forest-September-14-2024-Premier-League,,674bfe9e
ENG-Premier League,2425,2024-09-14 Manchester City-Brentford,4,Sat,2024-09-14,15:00,Manchester City,2.1,2–1,1.0,Brentford,52148,Etihad Stadium,Darren Bond,/en/matches/54405f8a/Manchester-City-Brentford-September-14-2024-Premier-League,,54405f8a
ENG-Premier League,2425,2024-09-14 Southampton-Manchester Utd,4,Sat,2024-09-14,12:30,Southampton,1.1,0–3,2.6,Manchester Utd,31144,St Mary's Stadium,Stuart Attwell,/en/matches/b96c3759/Southampton-Manchester-United-September-14-2024-Premier-League,,b96c3759
ENG-Premier League,2425,2024-09-15 Tottenham-Arsenal,4,Sun,2024-09-15,14:00,Tottenham,0.7,0–1,0.7,Arsenal,61645,Tottenham Hotspur Stadium,Jarred Gillett,/en/matches/17774a57/North-London-Derby-Tottenham-Hotspur-Arsenal-September-15-2024-Premier-League,,17774a57
ENG-Premier League,2425,2024-09-15 Wolves-Newcastle Utd,4,Sun,2024-09-15,16:30,Wolves,1.2,1–2,1.5,Newcastle Utd,30255,Molineux Stadium,Chris Kavanagh,/en/matches/4b01981e/Wolverhampton-Wanderers-Newcastle-United-September-15-2024-Premier-League,,4b01981e
ENG-Premier League,2425,2024-09-21 Aston Villa-Wolves,5,Sat,2024-09-21,15:00,Aston Villa,1.7,3–1,0.5,Wolves,39978,Villa Park,Tim Robinson,/en/matches/e2b62260/Aston-Villa-Wolverhampton-Wanderers-September-21-2024-Premier-League,,e2b62260
ENG-Premier League,2425,2024-09-21 Crystal Palace-Manchester Utd,5,Sat,2024-09-21,17:30,Crystal Palace,1.0,0–0,1.6,Manchester Utd,25172,Selhurst Park,David Coote,/en/matches/929e225f/Crystal-Palace-Manchester-United-September-21-2024-Premier-League,,929e225f
ENG-Premier League,2425,2024-09-21 Fulham-Newcastle Utd,5,Sat,2024-09-21,15:00,Fulham,2.2,3–1,1.5,Newcastle Utd,25700,Craven Cottage,Peter Bankes,/en/matches/de7298df/Fulham-Newcastle-United-September-21-2024-Premier-League,,de7298df
ENG-Premier League,2425,2024-09-21 Leicester City-Everton,5,Sat,2024-09-21,15:00,Leicester City,0.7,1–1,1.1,Everton,31765,King Power Stadium,Darren England,/en/matches/4e6e1cc7/Leicester-City-Everton-September-21-2024-Premier-League,,4e6e1cc7
ENG-Premier League,2425,2024-09-21 Liverpool-Bournemouth,5,Sat,2024-09-21,15:00,Liverpool,2.0,3–0,1.1,Bournemouth,60347,Anfield,Tony Harrington,/en/matches/32a9539b/Liverpool-Bournemouth-September-21-2024-Premier-League,,32a9539b
ENG-Premier League,2425,2024-09-21 Southampton-Ipswich Town,5,Sat,2024-09-21,15:00,Southampton,2.4,1–1,1.6,Ipswich Town,31117,St Mary's Stadium,Samuel Allison,/en/matches/948d52cc/Southampton-Ipswich-Town-September-21-2024-Premier-League,,948d52cc
ENG-Premier League,2425,2024-09-21 Tottenham-Brentford,5,Sat,2024-09-21,15:00,Tottenham,3.5,3–1,0.8,Brentford,61246,Tottenham Hotspur Stadium,John Brooks,/en/matches/9511708f/Tottenham-Hotspur-Brentford-September-21-2024-Premier-League,,9511708f
ENG-Premier League,2425,2024-09-21 West Ham-Chelsea,5,Sat,2024-09-21,12:30,West Ham,0.9,0–3,2.2,Chelsea,62473,London Stadium,Samuel Barrott,/en/matches/ce0fb1f5/West-Ham-United-Chelsea-September-21-2024-Premier-League,,ce0fb1f5
ENG-Premier League,2425,2024-09-22 Brighton-Nott'ham Forest,5,Sun,2024-09-22,14:00,Brighton,1.0,2–2,1.4,Nott'ham Forest,31444,The American Express Stadium,Robert Jones,/en/matches/d701a1df/Brighton-and-Hove-Albion-Nottingham-Forest-September-22-2024-Premier-League,,d701a1df
ENG-Premier League,2425,2024-09-22 Manchester City-Arsenal,5,Sun,2024-09-22,16:30,Manchester City,2.1,2–2,0.7,Arsenal,52846,Etihad Stadium,Michael Oliver,/en/matches/d7538020/Manchester-City-Arsenal-September-22-2024-Premier-League,,d7538020
ENG-Premier League,2425,2024-09-28 Arsenal-Leicester City,6,Sat,2024-09-28,15:00,Arsenal,4.4,4–2,0.3,Leicester City,60323,Emirates Stadium,Samuel Barrott,/en/matches/2ee60ac7/Arsenal-Leicester-City-September-28-2024-Premier-League,,2ee60ac7
ENG-Premier League,2425,2024-09-28 Brentford-West Ham,6,Sat,2024-09-28,15:00,Brentford,0.4,1–1,1.0,West Ham,17050,Gtech Community Stadium,Simon Hooper,/en/matches/9c4f2bcd/Brentford-West-Ham-United-September-28-2024-Premier-League,,9c4f2bcd
ENG-Premier League,2425,2024-09-28 Chelsea-Brighton,6,Sat,2024-09-28,15:00,Chelsea,4.2,4–2,1.1,Brighton,39495,Stamford Bridge,Peter Bankes,/en/matches/1714cebe/Chelsea-Brighton-and-Hove-Albion-September-28-2024-Premier-League,,1714cebe
ENG-Premier League,2425,2024-09-28 Everton-Crystal Palace,6,Sat,2024-09-28,15:00,Everton,0.9,2–1,0.9,Crystal Palace,38954,Goodison Park,Andy Madley,/en/matches/d47382cd/Everton-Crystal-Palace-September-28-2024-Premier-League,,d47382cd
ENG-Premier League,2425,2024-09-28 Newcastle Utd-Manchester City,6,Sat,2024-09-28,12:30,Newcastle Utd,1.6,1–1,0.9,Manchester City,52248,St James' Park,Jarred Gillett,/en/matches/b4df0bca/Newcastle-United-Manchester-City-September-28-2024-Premier-League,,b4df0bca
ENG-Premier League,2425,2024-09-28 Nott'ham Forest-Fulham,6,Sat,2024-09-28,15:00,Nott'ham Forest,0.8,0–1,1.3,Fulham,30139,The City Ground,Joshua Smith,/en/matches/ee7d3371/Nottingham-Forest-Fulham-September-28-2024-Premier-League,,ee7d3371
ENG-Premier League,2425,2024-09-28 Wolves-Liverpool,6,Sat,2024-09-28,17:30,Wolves,0.6,1–2,2.5,Liverpool,31413,Molineux Stadium,Anthony Taylor,/en/matches/f2633f1d/Wolverhampton-Wanderers-Liverpool-September-28-2024-Premier-League,,f2633f1d
ENG-Premier League,2425,2024-09-29 Ipswich Town-Aston Villa,6,Sun,2024-09-29,14:00,Ipswich Town,1.2,2–2,0.8,Aston Villa,29943,Portman Road Stadium,Stuart Attwell,/en/matches/ef742b9c/Ipswich-Town-Aston-Villa-September-29-2024-Premier-League,,ef742b9c
ENG-Premier League,2425,2024-09-29 Manchester Utd-Tottenham,6,Sun,2024-09-29,16:30,Manchester Utd,1.0,0–3,4.4,Tottenham,73587,Old Trafford,Chris Kavanagh,/en/matches/c4b97377/Manchester-United-Tottenham-Hotspur-September-29-2024-Premier-League,,c4b97377
ENG-Premier League,2425,2024-09-30 Bournemouth-Southampton,6,Mon,2024-09-30,20:00,Bournemouth,1.3,3–1,0.6,Southampton,11243,Vitality Stadium,Michael Oliver,/en/matches/04d2cc03/Bournemouth-Southampton-September-30-2024-Premier-League,,04d2cc03
ENG-Premier League,2425,2024-10-05 Arsenal-Southampton,7,Sat,2024-10-05,15:00,Arsenal,2.8,3–1,0.6,Southampton,60307,Emirates Stadium,Tony Harrington,/en/matches/c6439e5b/Arsenal-Southampton-October-5-2024-Premier-League,,c6439e5b
ENG-Premier League,2425,2024-10-05 Brentford-Wolves,7,Sat,2024-10-05,15:00,Brentford,4.2,5–3,1.0,Wolves,16960,Gtech Community Stadium,Andy Madley,/en/matches/909090f8/Brentford-Wolverhampton-Wanderers-October-5-2024-Premier-League,,909090f8
ENG-Premier League,2425,2024-10-05 Crystal Palace-Liverpool,7,Sat,2024-10-05,12:30,Crystal Palace,0.6,0–1,1.4,Liverpool,25185,Selhurst Park,Simon Hooper,/en/matches/49ea224b/Crystal-Palace-Liverpool-October-5-2024-Premier-League,,49ea224b
ENG-Premier League,2425,2024-10-05 Everton-Newcastle Utd,7,Sat,2024-10-05,17:30,Everton,0.7,0–0,2.1,Newcastle Utd,39265,Goodison Park,Craig Pawson,/en/matches/e99a7857/Everton-Newcastle-United-October-5-2024-Premier-League,,e99a7857
ENG-Premier League,2425,2024-10-05 Leicester City-Bournemouth,7,Sat,2024-10-05,15:00,Leicester City,0.8,1–0,2.1,Bournemouth,31706,King Power Stadium,Darren Bond,/en/matches/d153872e/Leicester-City-Bournemouth-October-5-2024-Premier-League,,d153872e
ENG-Premier League,2425,2024-10-05 Manchester City-Fulham,7,Sat,2024-10-05,15:00,Manchester City,1.6,3–2,2.6,Fulham,53017,Etihad Stadium,Peter Bankes,/en/matches/61d60f62/Manchester-City-Fulham-October-5-2024-Premier-League,,61d60f62
ENG-Premier League,2425,2024-10-05 West Ham-Ipswich Town,7,Sat,2024-10-05,15:00,West Ham,3.6,4–1,0.6,Ipswich Town,62467,London Stadium,Anthony Taylor,/en/matches/93e19c5e/West-Ham-United-Ipswich-Town-October-5-2024-Premier-League,,93e19c5e
ENG-Premier League,2425,2024-10-06 Aston Villa-Manchester Utd,7,Sun,2024-10-06,14:00,Aston Villa,0.5,0–0,0.6,Manchester Utd,42682,Villa Park,Robert Jones,/en/matches/abef5f2a/Aston-Villa-Manchester-United-October-6-2024-Premier-League,,abef5f2a
ENG-Premier League,2425,2024-10-06 Brighton-Tottenham,7,Sun,2024-10-06,16:30,Brighton,1.8,3–2,1.3,Tottenham,31487,The American Express Stadium,David Coote,/en/matches/dac142c7/Brighton-and-Hove-Albion-Tottenham-Hotspur-October-6-2024-Premier-League,,dac142c7
ENG-Premier League,2425,2024-10-06 Chelsea-Nott'ham Forest,7,Sun,2024-10-06,14:00,Chelsea,2.3,1–1,0.9,Nott'ham Forest,39501,Stamford Bridge,Chris Kavanagh,/en/matches/b9e00aac/Chelsea-Nottingham-Forest-October-6-2024-Premier-League,,b9e00aac
ENG-Premier League,2425,2024-10-19 Bournemouth-Arsenal,8,Sat,2024-10-19,17:30,Bournemouth,1.8,2–0,0.7,Arsenal,11235,Vitality Stadium,Robert Jones,/en/matches/01e63a1f/Bournemouth-Arsenal-October-19-2024-Premier-League,,01e63a1f
ENG-Premier League,2425,2024-10-19 Fulham-Aston Villa,8,Sat,2024-10-19,15:00,Fulham,1.8,1–3,1.6,Aston Villa,26743,Craven Cottage,Darren England,/en/matches/615d637e/Fulham-Aston-Villa-October-19-2024-Premier-League,,615d637e
ENG-Premier League,2425,2024-10-19 Ipswich Town-Everton,8,Sat,2024-10-19,15:00,Ipswich Town,1.3,0–2,1.7,Everton,29862,Portman Road Stadium,Michael Oliver,/en/matches/2273e126/Ipswich-Town-Everton-October-19-2024-Premier-League,,2273e126
ENG-Premier League,2425,2024-10-19 Manchester Utd-Brentford,8,Sat,2024-10-19,15:00,Manchester Utd,1.3,2–1,0.9,Brentford,73738,Old Trafford,Samuel Barrott,/en/matches/7f2c3291/Manchester-United-Brentford-October-19-2024-Premier-League,,7f2c3291
ENG-Premier League,2425,2024-10-19 Newcastle Utd-Brighton,8,Sat,2024-10-19,15:00,Newcastle Utd,2.0,0–1,1.1,Brighton,52220,St James' Park,Peter Bankes,/en/matches/48081db0/Newcastle-United-Brighton-and-Hove-Albion-October-19-2024-Premier-League,,48081db0
ENG-Premier League,2425,2024-10-19 Southampton-Leicester City,8,Sat,2024-10-19,15:00,Southampton,2.1,2–3,3.1,Leicester City,31145,St Mary's Stadium,Anthony Taylor,/en/matches/03d28c48/Southampton-Leicester-City-October-19-2024-Premier-League,,03d28c48
ENG-Premier League,2425,2024-10-19 Tottenham-West Ham,8,Sat,2024-10-19,12:30,Tottenham,1.9,4–1,0.8,West Ham,61381,Tottenham Hotspur Stadium,Andy Madley,/en/matches/923bfab0/Tottenham-Hotspur-West-Ham-United-October-19-2024-Premier-League,,923bfab0
ENG-Premier League,2425,2024-10-20 Liverpool-Chelsea,8,Sun,2024-10-20,16:30,Liverpool,1.9,2–1,1.0,Chelsea,60277,Anfield,John Brooks,/en/matches/99b4737c/Liverpool-Chelsea-October-20-2024-Premier-League,,99b4737c
ENG-Premier League,2425,2024-10-20 Wolves-Manchester City,8,Sun,2024-10-20,14:00,Wolves,0.8,1–2,1.6,Manchester City,31319,Molineux Stadium,Chris Kavanagh,/en/matches/90b22cd5/Wolverhampton-Wanderers-Manchester-City-October-20-2024-Premier-League,,90b22cd5
ENG-Premier League,2425,2024-10-21 Nott'ham Forest-Crystal Palace,8,Mon,2024-10-21,20:00,Nott'ham Forest,1.7,1–0,1.0,Crystal Palace,29443,The City Ground,Tim Robinson,/en/matches/5ed3894e/Nottingham-Forest-Crystal-Palace-October-21-2024-Premier-League,,5ed3894e
ENG-Premier League,2425,2024-10-25 Leicester City-Nott'ham Forest,9,Fri,2024-10-25,20:00,Leicester City,0.8,1–3,1.7,Nott'ham Forest,31879,King Power Stadium,Craig Pawson,/en/matches/292d8bc4/Leicester-City-Nottingham-Forest-October-25-2024-Premier-League,,292d8bc4
ENG-Premier League,2425,2024-10-26 Aston Villa-Bournemouth,9,Sat,2024-10-26,15:00,Aston Villa,1.8,1–1,0.3,Bournemouth,42165,Villa Park,Chris Kavanagh,/en/matches/bce300b2/Aston-Villa-Bournemouth-October-26-2024-Premier-League,,bce300b2
ENG-Premier League,2425,2024-10-26 Brentford-Ipswich Town,9,Sat,2024-10-26,15:00,Brentford,4.0,4–3,1.3,Ipswich Town,17109,Gtech Community Stadium,Lewis Smith,/en/matches/1fb2dcde/Brentford-Ipswich-Town-October-26-2024-Premier-League,,1fb2dcde
ENG-Premier League,2425,2024-10-26 Brighton-Wolves,9,Sat,2024-10-26,15:00,Brighton,1.3,2–2,1.3,Wolves,31840,The American Express Stadium,Michael Oliver,/en/matches/9487e056/Brighton-and-Hove-Albion-Wolverhampton-Wanderers-October-26-2024-Premier-League,,9487e056
ENG-Premier League,2425,2024-10-26 Everton-Fulham,9,Sat,2024-10-26,17:30,Everton,0.8,1–1,1.2,Fulham,38742,Goodison Park,John Brooks,/en/matches/1e5152bf/Everton-Fulham-October-26-2024-Premier-League,,1e5152bf
ENG-Premier League,2425,2024-10-26 Manchester City-Southampton,9,Sat,2024-10-26,15:00,Manchester City,2.9,1–0,0.2,Southampton,52844,Etihad Stadium,Tony Harrington,/en/matches/b66f6389/Manchester-City-Southampton-October-26-2024-Premier-League,,b66f6389
ENG-Premier League,2425,2024-10-27 Arsenal-Liverpool,9,Sun,2024-10-27,16:30,Arsenal,0.9,2–2,0.8,Liverpool,60383,Emirates Stadium,Anthony Taylor,/en/matches/68aa1099/Arsenal-Liverpool-October-27-2024-Premier-League,,68aa1099
ENG-Premier League,2425,2024-10-27 Chelsea-Newcastle Utd,9,Sun,2024-10-27,14:00,Chelsea,1.6,2–1,1.8,Newcastle Utd,39526,Stamford Bridge,Simon Hooper,/en/matches/33571b04/Chelsea-Newcastle-United-October-27-2024-Premier-League,,33571b04
ENG-Premier League,2425,2024-10-27 Crystal Palace-Tottenham,9,Sun,2024-10-27,14:00,Crystal Palace,0.8,1–0,0.7,Tottenham,25108,Selhurst Park,Darren Bond,/en/matches/e995d937/Crystal-Palace-Tottenham-Hotspur-October-27-2024-Premier-League,,e995d937
ENG-Premier League,2425,2024-10-27 West Ham-Manchester Utd,9,Sun,2024-10-27,14:00,West Ham,2.8,2–1,2.3,Manchester Utd,62474,London Stadium,David Coote,/en/matches/38c31a07/West-Ham-United-Manchester-United-October-27-2024-Premier-League,,38c31a07
ENG-Premier League,2425,2024-11-02 Bournemouth-Manchester City,10,Sat,2024-11-02,15:00,Bournemouth,2.0,2–1,1.6,Manchester City,11231,Vitality Stadium,Michael Oliver,/en/matches/ed970fef/Bournemouth-Manchester-City-November-2-2024-Premier-League,,ed970fef
ENG-Premier League,2425,2024-11-02 Ipswich Town-Leicester City,10,Sat,2024-11-02,15:00,Ipswich Town,1.0,1–1,1.5,Leicester City,29874,Portman Road Stadium,Tim Robinson,/en/matches/ed8f93a0/Ipswich-Town-Leicester-City-November-2-2024-Premier-League,,ed8f93a0
ENG-Premier League,2425,2024-11-02 Liverpool-Brighton,10,Sat,2024-11-02,15:00,Liverpool,1.6,2–1,1.0,Brighton,60331,Anfield,Tony Harrington,/en/matches/7d114c70/Liverpool-Brighton-and-Hove-Albion-November-2-2024-Premier-League,,7d114c70
ENG-Premier League,2425,2024-11-02 Newcastle Utd-Arsenal,10,Sat,2024-11-02,12:30,Newcastle Utd,0.5,1–0,1.1,Arsenal,52249,St James' Park,John Brooks,/en/matches/cc960c22/Newcastle-United-Arsenal-November-2-2024-Premier-League,,cc960c22
ENG-Premier League,2425,2024-11-02 Nott'ham Forest-West Ham,10,Sat,2024-11-02,15:00,Nott'ham Forest,2.2,3–0,0.1,West Ham,30112,The City Ground,Peter Bankes,/en/matches/c2505640/Nottingham-Forest-West-Ham-United-November-2-2024-Premier-League,,c2505640
ENG-Premier League,2425,2024-11-02 Southampton-Everton,10,Sat,2024-11-02,15:00,Southampton,0.7,1–0,1.6,Everton,31143,St Mary's Stadium,Andy Madley,/en/matches/2be42fdb/Southampton-Everton-November-2-2024-Premier-League,,2be42fdb
ENG-Premier League,2425,2024-11-02 Wolves-Crystal Palace,10,Sat,2024-11-02,17:30,Wolves,1.5,2–2,2.4,Crystal Palace,31124,Molineux Stadium,Anthony Taylor,/en/matches/a4251fae/Wolverhampton-Wanderers-Crystal-Palace-November-2-2024-Premier-League,,a4251fae
ENG-Premier League,2425,2024-11-03 Manchester Utd-Chelsea,10,Sun,2024-11-03,16:30,Manchester Utd,2.0,1–1,1.1,Chelsea,73813,Old Trafford,Robert Jones,/en/matches/1273ae28/Manchester-United-Chelsea-November-3-2024-Premier-League,,1273ae28
ENG-Premier League,2425,2024-11-03 Tottenham-Aston Villa,10,Sun,2024-11-03,14:00,Tottenham,2.4,4–1,1.8,Aston Villa,61253,Tottenham Hotspur Stadium,Craig Pawson,/en/matches/8fa951f9/Tottenham-Hotspur-Aston-Villa-November-3-2024-Premier-League,,8fa951f9
ENG-Premier League,2425,2024-11-04 Fulham-Brentford,10,Mon,2024-11-04,20:00,Fulham,1.3,2–1,0.6,Brentford,24931,Craven Cottage,Stuart Attwell,/en/matches/e1590847/Fulham-Brentford-November-4-2024-Premier-League,,e1590847
ENG-Premier League,2425,2024-11-09 Brentford-Bournemouth,11,Sat,2024-11-09,15:00,Brentford,1.5,3–2,2.6,Bournemouth,16587,Gtech Community Stadium,Darren Bond,/en/matches/1c998ef5/Brentford-Bournemouth-November-9-2024-Premier-League,,1c998ef5
ENG-Premier League,2425,2024-11-09 Brighton-Manchester City,11,Sat,2024-11-09,17:30,Brighton,2.3,2–1,2.1,Manchester City,31715,The American Express Stadium,Samuel Barrott,/en/matches/62aa7905/Brighton-and-Hove-Albion-Manchester-City-November-9-2024-Premier-League,,62aa7905
ENG-Premier League,2425,2024-11-09 Crystal Palace-Fulham,11,Sat,2024-11-09,15:00,Crystal Palace,1.5,0–2,1.8,Fulham,25142,Selhurst Park,Michael Salisbury,/en/matches/d5015ba4/Crystal-Palace-Fulham-November-9-2024-Premier-League,,d5015ba4
ENG-Premier League,2425,2024-11-09 Liverpool-Aston Villa,11,Sat,2024-11-09,20:00,Liverpool,2.0,2–0,1.2,Aston Villa,60292,Anfield,David Coote,/en/matches/737af5bf/Liverpool-Aston-Villa-November-9-2024-Premier-League,,737af5bf
ENG-Premier League,2425,2024-11-09 West Ham-Everton,11,Sat,2024-11-09,15:00,West Ham,0.8,0–0,1.1,Everton,62463,London Stadium,Stuart Attwell,/en/matches/a4cf40b4/West-Ham-United-Everton-November-9-2024-Premier-League,,a4cf40b4
ENG-Premier League,2425,2024-11-09 Wolves-Southampton,11,Sat,2024-11-09,15:00,Wolves,1.3,2–0,0.6,Southampton,31403,Molineux Stadium,Thomas Bramall,/en/matches/dbec2d40/Wolverhampton-Wanderers-Southampton-November-9-2024-Premier-League,,dbec2d40
ENG-Premier League,2425,2024-11-10 Chelsea-Arsenal,11,Sun,2024-11-10,16:30,Chelsea,1.5,1–1,1.5,Arsenal,39780,Stamford Bridge,Michael Oliver,/en/matches/2874d56e/North-West-London-Derby-Chelsea-Arsenal-November-10-2024-Premier-League,,2874d56e
ENG-Premier League,2425,2024-11-10 Manchester Utd-Leicester City,11,Sun,2024-11-10,14:00,Manchester Utd,0.8,3–0,0.6,Leicester City,73829,Old Trafford,Peter Bankes,/en/matches/35888afe/Manchester-United-Leicester-City-November-10-2024-Premier-League,,35888afe
ENG-Premier League,2425,2024-11-10 Nott'ham Forest-Newcastle Utd,11,Sun,2024-11-10,14:00,Nott'ham Forest,0.6,1–3,1.6,Newcastle Utd,30145,The City Ground,Anthony Taylor,/en/matches/a41ce5c3/Nottingham-Forest-Newcastle-United-November-10-2024-Premier-League,,a41ce5c3
ENG-Premier League,2425,2024-11-10 Tottenham-Ipswich Town,11,Sun,2024-11-10,14:00,Tottenham,1.5,1–2,1.6,Ipswich Town,61505,Tottenham Hotspur Stadium,Darren England,/en/matches/f9b9c3c4/Tottenham-Hotspur-Ipswich-Town-November-10-2024-Premier-League,,f9b9c3c4
ENG-Premier League,2425,2024-11-23 Arsenal-Nott'ham Forest,12,Sat,2024-11-23,15:00,Arsenal,1.2,3–0,0.3,Nott'ham Forest,60298,Emirates Stadium,Simon Hooper,/en/matches/0cb4129b/Arsenal-Nottingham-Forest-November-23-2024-Premier-League,,0cb4129b
ENG-Premier League,2425,2024-11-23 Aston Villa-Crystal Palace,12,Sat,2024-11-23,15:00,Aston Villa,3.0,2–2,1.3,Crystal Palace,42175,Villa Park,Tim Robinson,/en/matches/bf2e07a1/Aston-Villa-Crystal-Palace-November-23-2024-Premier-League,,bf2e07a1
ENG-Premier League,2425,2024-11-23 Bournemouth-Brighton,12,Sat,2024-11-23,15:00,Bournemouth,1.6,1–2,0.9,Brighton,11196,Vitality Stadium,Stuart Attwell,/en/matches/4708a5bf/Bournemouth-Brighton-and-Hove-Albion-November-23-2024-Premier-League,,4708a5bf
ENG-Premier League,2425,2024-11-23 Everton-Brentford,12,Sat,2024-11-23,15:00,Everton,1.2,0–0,1.1,Brentford,38915,Goodison Park,Chris Kavanagh,/en/matches/dd7675a7/Everton-Brentford-November-23-2024-Premier-League,,dd7675a7
ENG-Premier League,2425,2024-11-23 Fulham-Wolves,12,Sat,2024-11-23,15:00,Fulham,1.0,1–4,1.3,Wolves,26685,Craven Cottage,Robert Jones,/en/matches/ed24aeb8/Fulham-Wolverhampton-Wanderers-November-23-2024-Premier-League,,ed24aeb8
ENG-Premier League,2425,2024-11-23 Leicester City-Chelsea,12,Sat,2024-11-23,12:30,Leicester City,1.1,1–2,2.7,Chelsea,31880,King Power Stadium,Andy Madley,/en/matches/bb885467/Leicester-City-Chelsea-November-23-2024-Premier-League,,bb885467
ENG-Premier League,2425,2024-11-23 Manchester City-Tottenham,12,Sat,2024-11-23,17:30,Manchester City,2.1,0–4,2.5,Tottenham,52478,Etihad Stadium,John Brooks,/en/matches/c48b896c/Manchester-City-Tottenham-Hotspur-November-23-2024-Premier-League,,c48b896c
ENG-Premier League,2425,2024-11-24 Ipswich Town-Manchester Utd,12,Sun,2024-11-24,16:30,Ipswich Town,1.6,1–1,0.8,Manchester Utd,30017,Portman Road Stadium,Anthony Taylor,/en/matches/db1e4ea5/Ipswich-Town-Manchester-United-November-24-2024-Premier-League,,db1e4ea5
ENG-Premier League,2425,2024-11-24 Southampton-Liverpool,12,Sun,2024-11-24,14:00,Southampton,1.3,2–3,3.1,Liverpool,31278,St Mary's Stadium,Samuel Barrott,/en/matches/eb6f8e39/Southampton-Liverpool-November-24-2024-Premier-League,,eb6f8e39
ENG-Premier League,2425,2024-11-25 Newcastle Utd-West Ham,12,Mon,2024-11-25,20:00,Newcastle Utd,1.6,0–2,0.9,West Ham,52094,St James' Park,Craig Pawson,/en/matches/79f46eec/Newcastle-United-West-Ham-United-November-25-2024-Premier-League,,79f46eec
ENG-Premier League,2425,2024-11-29 Brighton-Southampton,13,Fri,2024-11-29,20:00,Brighton,1.7,1–1,1.0,Southampton,31542,The American Express Stadium,Robert Jones,/en/matches/d38c4a31/Brighton-and-Hove-Albion-Southampton-November-29-2024-Premier-League,,d38c4a31
ENG-Premier League,2425,2024-11-30 Brentford-Leicester City,13,Sat,2024-11-30,15:00,Brentford,2.4,4–1,1.1,Leicester City,17084,Gtech Community Stadium,Michael Oliver,/en/matches/f4f9a64f/Brentford-Leicester-City-November-30-2024-Premier-League,,f4f9a64f
ENG-Premier League,2425,2024-11-30 Crystal Palace-Newcastle Utd,13,Sat,2024-11-30,15:00,Crystal Palace,1.7,1–1,0.0,Newcastle Utd,25101,Selhurst Park,Darren England,/en/matches/a4f03af0/Crystal-Palace-Newcastle-United-November-30-2024-Premier-League,,a4f03af0
ENG-Premier League,2425,2024-11-30 Nott'ham Forest-Ipswich Town,13,Sat,2024-11-30,15:00,Nott'ham Forest,1.6,1–0,0.6,Ipswich Town,30237,The City Ground,Tony Harrington,/en/matches/ddc8856c/Nottingham-Forest-Ipswich-Town-November-30-2024-Premier-League,,ddc8856c
ENG-Premier League,2425,2024-11-30 West Ham-Arsenal,13,Sat,2024-11-30,17:30,West Ham,1.5,2–5,3.5,Arsenal,62475,London Stadium,Anthony Taylor,/en/matches/f78bee62/West-Ham-United-Arsenal-November-30-2024-Premier-League,,f78bee62
ENG-Premier League,2425,2024-11-30 Wolves-Bournemouth,13,Sat,2024-11-30,15:00,Wolves,0.5,2–4,3.3,Bournemouth,26685,Molineux Stadium,Peter Bankes,/en/matches/adfb1b89/Wolverhampton-Wanderers-Bournemouth-November-30-2024-Premier-League,,adfb1b89
ENG-Premier League,2425,2024-12-01 Chelsea-Aston Villa,13,Sun,2024-12-01,13:30,Chelsea,1.6,3–0,1.2,Aston Villa,40853,Stamford Bridge,Stuart Attwell,/en/matches/080b797b/Chelsea-Aston-Villa-December-1-2024-Premier-League,,080b797b
ENG-Premier League,2425,2024-12-01 Liverpool-Manchester City,13,Sun,2024-12-01,16:00,Liverpool,3.4,2–0,0.8,Manchester City,60248,Anfield,Chris Kavanagh,/en/matches/0bd6ad44/Liverpool-Manchester-City-December-1-2024-Premier-League,,0bd6ad44
ENG-Premier League,2425,2024-12-01 Manchester Utd-Everton,13,Sun,2024-12-01,13:30,Manchester Utd,1.1,4–0,0.6,Everton,73817,Old Trafford,John Brooks,/en/matches/e6eef20f/Manchester-United-Everton-December-1-2024-Premier-League,,e6eef20f
ENG-Premier League,2425,2024-12-01 Tottenham-Fulham,13,Sun,2024-12-01,13:30,Tottenham,0.8,1–1,1.5,Fulham,61141,Tottenham Hotspur Stadium,Darren Bond,/en/matches/9aaa6ed5/Tottenham-Hotspur-Fulham-December-1-2024-Premier-League,,9aaa6ed5
ENG-Premier League,2425,2024-12-03 Ipswich Town-Crystal Palace,14,Tue,2024-12-03,19:30,Ipswich Town,0.5,0–1,1.6,Crystal Palace,29533,Portman Road Stadium,Craig Pawson,/en/matches/f7a96e82/Ipswich-Town-Crystal-Palace-December-3-2024-Premier-League,,f7a96e82
ENG-Premier League,2425,2024-12-03 Leicester City-West Ham,14,Tue,2024-12-03,20:15,Leicester City,1.7,3–1,3.0,West Ham,30947,King Power Stadium,Joshua Smith,/en/matches/355fd8ce/Leicester-City-West-Ham-United-December-3-2024-Premier-League,,355fd8ce
ENG-Premier League,2425,2024-12-04 Arsenal-Manchester Utd,14,Wed,2024-12-04,20:15,Arsenal,2.1,2–0,0.2,Manchester Utd,60256,Emirates Stadium,Samuel Barrott,/en/matches/9938aa27/Arsenal-Manchester-United-December-4-2024-Premier-League,,9938aa27
ENG-Premier League,2425,2024-12-04 Aston Villa-Brentford,14,Wed,2024-12-04,20:15,Aston Villa,2.4,3–1,0.9,Brentford,42148,Villa Park,Lewis Smith,/en/matches/c24a734b/Aston-Villa-Brentford-December-4-2024-Premier-League,,c24a734b
ENG-Premier League,2425,2024-12-04 Everton-Wolves,14,Wed,2024-12-04,19:30,Everton,1.0,4–0,0.8,Wolves,38820,Goodison Park,Michael Salisbury,/en/matches/71f00b04/Everton-Wolverhampton-Wanderers-December-4-2024-Premier-League,,71f00b04
ENG-Premier League,2425,2024-12-04 Manchester City-Nott'ham Forest,14,Wed,2024-12-04,19:30,Manchester City,2.4,3–0,1.0,Nott'ham Forest,51764,Etihad Stadium,Michael Oliver,/en/matches/dedb0eee/Manchester-City-Nottingham-Forest-December-4-2024-Premier-League,,dedb0eee
ENG-Premier League,2425,2024-12-04 Newcastle Utd-Liverpool,14,Wed,2024-12-04,19:30,Newcastle Utd,2.1,3–3,1.9,Liverpool,52237,St James' Park,Andy Madley,/en/matches/ca898c29/Newcastle-United-Liverpool-December-4-2024-Premier-League,,ca898c29
ENG-Premier League,2425,2024-12-04 Southampton-Chelsea,14,Wed,2024-12-04,19:30,Southampton,1.6,1–5,5.2,Chelsea,31193,St Mary's Stadium,Tony Harrington,/en/matches/e4480630/Southampton-Chelsea-December-4-2024-Premier-League,,e4480630
ENG-Premier League,2425,2024-12-05 Bournemouth-Tottenham,14,Thu,2024-12-05,20:15,Bournemouth,3.5,1–0,0.9,Tottenham,11234,Vitality Stadium,Simon Hooper,/en/matches/c7e59a0a/Bournemouth-Tottenham-Hotspur-December-5-2024-Premier-League,,c7e59a0a
ENG-Premier League,2425,2024-12-05 Fulham-Brighton,14,Thu,2024-12-05,19:30,Fulham,1.1,3–1,1.4,Brighton,26368,Craven Cottage,Peter Bankes,/en/matches/32aaf579/Fulham-Brighton-and-Hove-Albion-December-5-2024-Premier-League,,32aaf579
ENG-Premier League,2425,2024-12-07 Aston Villa-Southampton,15,Sat,2024-12-07,15:00,Aston Villa,2.3,1–0,0.3,Southampton,42453,Villa Park,Darren Bond,/en/matches/92cfde2c/Aston-Villa-Southampton-December-7-2024-Premier-League,,92cfde2c
ENG-Premier League,2425,2024-12-07 Brentford-Newcastle Utd,15,Sat,2024-12-07,15:00,Brentford,1.2,4–2,1.5,Newcastle Utd,17078,Gtech Community Stadium,Simon Hooper,/en/matches/1042592d/Brentford-Newcastle-United-December-7-2024-Premier-League,,1042592d
ENG-Premier League,2425,2024-12-07 Crystal Palace-Manchester City,15,Sat,2024-12-07,15:00,Crystal Palace,1.3,2–2,1.4,Manchester City,25142,Selhurst Park,Robert Jones,/en/matches/6b7fbda1/Crystal-Palace-Manchester-City-December-7-2024-Premier-League,,6b7fbda1
ENG-Premier League,2425,2024-12-07 Manchester Utd-Nott'ham Forest,15,Sat,2024-12-07,17:30,Manchester Utd,1.6,2–3,0.8,Nott'ham Forest,73778,Old Trafford,Darren England,/en/matches/08966ea6/Manchester-United-Nottingham-Forest-December-7-2024-Premier-League,,08966ea6
ENG-Premier League,2425,2024-12-08 Fulham-Arsenal,15,Sun,2024-12-08,14:00,Fulham,0.2,1–1,1.8,Arsenal,26954,Craven Cottage,Chris Kavanagh,/en/matches/038dfa98/Fulham-Arsenal-December-8-2024-Premier-League,,038dfa98
ENG-Premier League,2425,2024-12-08 Ipswich Town-Bournemouth,15,Sun,2024-12-08,14:00,Ipswich Town,1.3,1–2,3.2,Bournemouth,29180,Portman Road Stadium,Michael Salisbury,/en/matches/392c7b1f/Ipswich-Town-Bournemouth-December-8-2024-Premier-League,,392c7b1f
ENG-Premier League,2425,2024-12-08 Leicester City-Brighton,15,Sun,2024-12-08,14:00,Leicester City,1.3,2–2,1.5,Brighton,31647,King Power Stadium,Stuart Attwell,/en/matches/7b549f8f/Leicester-City-Brighton-and-Hove-Albion-December-8-2024-Premier-League,,7b549f8f
ENG-Premier League,2425,2024-12-08 Tottenham-Chelsea,15,Sun,2024-12-08,16:30,Tottenham,2.8,3–4,2.8,Chelsea,61184,Tottenham Hotspur Stadium,Anthony Taylor,/en/matches/abff9b73/Tottenham-Hotspur-Chelsea-December-8-2024-Premier-League,,abff9b73
ENG-Premier League,2425,2024-12-09 West Ham-Wolves,15,Mon,2024-12-09,20:00,West Ham,1.0,2–1,1.4,Wolves,62474,London Stadium,John Brooks,/en/matches/4d72ec87/West-Ham-United-Wolverhampton-Wanderers-December-9-2024-Premier-League,,4d72ec87
ENG-Premier League,2425,2024-12-14 Arsenal-Everton,16,Sat,2024-12-14,15:00,Arsenal,1.2,0–0,0.1,Everton,60176,Emirates Stadium,Craig Pawson,/en/matches/32aa9e8e/Arsenal-Everton-December-14-2024-Premier-League,,32aa9e8e
ENG-Premier League,2425,2024-12-14 Liverpool-Fulham,16,Sat,2024-12-14,15:00,Liverpool,2.1,2–2,1.2,Fulham,60333,Anfield,Tony Harrington,/en/matches/a436996c/Liverpool-Fulham-December-14-2024-Premier-League,,a436996c
ENG-Premier League,2425,2024-12-14 Newcastle Utd-Leicester City,16,Sat,2024-12-14,15:00,Newcastle Utd,3.8,4–0,0.2,Leicester City,52235,St James' Park,Thomas Bramall,/en/matches/0b6fe43f/Newcastle-United-Leicester-City-December-14-2024-Premier-League,,0b6fe43f
ENG-Premier League,2425,2024-12-14 Nott'ham Forest-Aston Villa,16,Sat,2024-12-14,17:30,Nott'ham Forest,1.7,2–1,0.4,Aston Villa,30117,The City Ground,Samuel Barrott,/en/matches/26926fd3/Nottingham-Forest-Aston-Villa-December-14-2024-Premier-League,,26926fd3
ENG-Premier League,2425,2024-12-14 Wolves-Ipswich Town,16,Sat,2024-12-14,15:00,Wolves,1.3,1–2,1.1,Ipswich Town,30866,Molineux Stadium,Simon Hooper,/en/matches/46d52e33/Wolverhampton-Wanderers-Ipswich-Town-December-14-2024-Premier-League,,46d52e33
ENG-Premier League,2425,2024-12-15 Brighton-Crystal Palace,16,Sun,2024-12-15,14:00,Brighton,1.0,1–3,2.2,Crystal Palace,30893,The American Express Stadium,Michael Oliver,/en/matches/c8314a05/Brighton-and-Hove-Albion-Crystal-Palace-December-15-2024-Premier-League,,c8314a05
ENG-Premier League,2425,2024-12-15 Chelsea-Brentford,16,Sun,2024-12-15,19:00,Chelsea,2.2,2–1,1.6,Brentford,39571,Stamford Bridge,Peter Bankes,/en/matches/5f0803f7/Chelsea-Brentford-December-15-2024-Premier-League,,5f0803f7
ENG-Premier League,2425,2024-12-15 Manchester City-Manchester Utd,16,Sun,2024-12-15,16:30,Manchester City,0.9,1–2,2.1,Manchester Utd,53184,Etihad Stadium,Anthony Taylor,/en/matches/3d772028/Manchester-Derby-Manchester-City-Manchester-United-December-15-2024-Premier-League,,3d772028
ENG-Premier League,2425,2024-12-15 Southampton-Tottenham,16,Sun,2024-12-15,19:00,Southampton,0.8,0–5,2.3,Tottenham,31090,St Mary's Stadium,Darren England,/en/matches/37afd6da/Southampton-Tottenham-Hotspur-December-15-2024-Premier-League,,37afd6da
ENG-Premier League,2425,2024-12-16 Bournemouth-West Ham,16,Mon,2024-12-16,20:00,Bournemouth,1.9,1–1,2.1,West Ham,11204,Vitality Stadium,Chris Kavanagh,/en/matches/49cd674b/Bournemouth-West-Ham-United-December-16-2024-Premier-League,,49cd674b
ENG-Premier League,2425,2024-12-21 Aston Villa-Manchester City,17,Sat,2024-12-21,12:30,Aston Villa,1.6,2–1,1.0,Manchester City,42345,Villa Park,Peter Bankes,/en/matches/ce9dc982/Aston-Villa-Manchester-City-December-21-2024-Premier-League,,ce9dc982
ENG-Premier League,2425,2024-12-21 Brentford-Nott'ham Forest,17,Sat,2024-12-21,15:00,Brentford,0.7,0–2,0.9,Nott'ham Forest,17115,Gtech Community Stadium,Michael Oliver,/en/matches/1c60d037/Brentford-Nottingham-Forest-December-21-2024-Premier-League,,1c60d037
ENG-Premier League,2425,2024-12-21 Crystal Palace-Arsenal,17,Sat,2024-12-21,17:30,Crystal Palace,1.6,1–5,2.5,Arsenal,25167,Selhurst Park,Simon Hooper,/en/matches/5e7aa707/Crystal-Palace-Arsenal-December-21-2024-Premier-League,,5e7aa707
ENG-Premier League,2425,2024-12-21 Ipswich Town-Newcastle Utd,17,Sat,2024-12-21,15:00,Ipswich Town,0.7,0–4,2.3,Newcastle Utd,29774,Portman Road Stadium,Stuart Attwell,/en/matches/764fc51e/Ipswich-Town-Newcastle-United-December-21-2024-Premier-League,,764fc51e
ENG-Premier League,2425,2024-12-21 West Ham-Brighton,17,Sat,2024-12-21,15:00,West Ham,1.2,1–1,0.9,Brighton,62460,London Stadium,Robert Jones,/en/matches/04be8e87/West-Ham-United-Brighton-and-Hove-Albion-December-21-2024-Premier-League,,04be8e87
ENG-Premier League,2425,2024-12-22 Everton-Chelsea,17,Sun,2024-12-22,14:00,Everton,1.0,0–0,1.2,Chelsea,39358,Goodison Park,Chris Kavanagh,/en/matches/de72140c/Everton-Chelsea-December-22-2024-Premier-League,,de72140c
ENG-Premier League,2425,2024-12-22 Fulham-Southampton,17,Sun,2024-12-22,14:00,Fulham,0.9,0–0,0.3,Southampton,26819,Craven Cottage,Tim Robinson,/en/matches/ba3fcb1e/Fulham-Southampton-December-22-2024-Premier-League,,ba3fcb1e
ENG-Premier League,2425,2024-12-22 Leicester City-Wolves,17,Sun,2024-12-22,14:00,Leicester City,0.8,0–3,1.1,Wolves,31818,King Power Stadium,Anthony Taylor,/en/matches/ecd6cb1d/Leicester-City-Wolverhampton-Wanderers-December-22-2024-Premier-League,,ecd6cb1d
ENG-Premier League,2425,2024-12-22 Manchester Utd-Bournemouth,17,Sun,2024-12-22,14:00,Manchester Utd,2.2,0–3,1.6,Bournemouth,73720,Old Trafford,Craig Pawson,/en/matches/8381ba53/Manchester-United-Bournemouth-December-22-2024-Premier-League,,8381ba53
ENG-Premier League,2425,2024-12-22 Tottenham-Liverpool,17,Sun,2024-12-22,16:30,Tottenham,1.3,3–6,5.6,Liverpool,61439,Tottenham Hotspur Stadium,Samuel Barrott,/en/matches/1e1cea4c/Tottenham-Hotspur-Liverpool-December-22-2024-Premier-League,,1e1cea4c
ENG-Premier League,2425,2024-12-26 Bournemouth-Crystal Palace,18,Thu,2024-12-26,15:00,Bournemouth,1.4,0–0,0.4,Crystal Palace,11129,Vitality Stadium,Thomas Bramall,/en/matches/886ca6b3/Bournemouth-Crystal-Palace-December-26-2024-Premier-League,,886ca6b3
ENG-Premier League,2425,2024-12-26 Chelsea-Fulham,18,Thu,2024-12-26,15:00,Chelsea,1.1,1–2,1.8,Fulham,39687,Stamford Bridge,Samuel Barrott,/en/matches/03d6159c/Chelsea-Fulham-December-26-2024-Premier-League,,03d6159c
ENG-Premier League,2425,2024-12-26 Liverpool-Leicester City,18,Thu,2024-12-26,20:00,Liverpool,2.0,3–1,0.3,Leicester City,60300,Anfield,Darren Bond,/en/matches/1f604fbd/Liverpool-Leicester-City-December-26-2024-Premier-League,,1f604fbd
ENG-Premier League,2425,2024-12-26 Manchester City-Everton,18,Thu,2024-12-26,12:30,Manchester City,2.1,1–1,0.7,Everton,55527,Etihad Stadium,Simon Hooper,/en/matches/87f2d794/Manchester-City-Everton-December-26-2024-Premier-League,,87f2d794
ENG-Premier League,2425,2024-12-26 Newcastle Utd-Aston Villa,18,Thu,2024-12-26,15:00,Newcastle Utd,2.7,3–0,0.3,Aston Villa,52168,St James' Park,Anthony Taylor,/en/matches/9985f304/Newcastle-United-Aston-Villa-December-26-2024-Premier-League,,9985f304
ENG-Premier League,2425,2024-12-26 Nott'ham Forest-Tottenham,18,Thu,2024-12-26,15:00,Nott'ham Forest,1.1,1–0,0.9,Tottenham,30200,The City Ground,Craig Pawson,/en/matches/eb738106/Nottingham-Forest-Tottenham-Hotspur-December-26-2024-Premier-League,,eb738106
ENG-Premier League,2425,2024-12-26 Southampton-West Ham,18,Thu,2024-12-26,15:00,Southampton,1.4,0–1,1.7,West Ham,31059,St Mary's Stadium,Lewis Smith,/en/matches/8050686b/Southampton-West-Ham-United-December-26-2024-Premier-League,,8050686b
ENG-Premier League,2425,2024-12-26 Wolves-Manchester Utd,18,Thu,2024-12-26,17:30,Wolves,0.9,2–0,0.4,Manchester Utd,31407,Molineux Stadium,Tony Harrington,/en/matches/77bcad49/Wolverhampton-Wanderers-Manchester-United-December-26-2024-Premier-League,,77bcad49
ENG-Premier League,2425,2024-12-27 Arsenal-Ipswich Town,18,Fri,2024-12-27,20:15,Arsenal,1.8,1–0,0.2,Ipswich Town,60271,Emirates Stadium,Darren England,/en/matches/668dad03/Arsenal-Ipswich-Town-December-27-2024-Premier-League,,668dad03
ENG-Premier League,2425,2024-12-27 Brighton-Brentford,18,Fri,2024-12-27,19:30,Brighton,1.3,0–0,1.1,Brentford,31548,The American Express Stadium,Andy Madley,/en/matches/15b10b33/Brighton-and-Hove-Albion-Brentford-December-27-2024-Premier-League,,15b10b33
ENG-Premier League,2425,2024-12-29 Crystal Palace-Southampton,19,Sun,2024-12-29,15:00,Crystal Palace,2.0,2–1,0.9,Southampton,25130,Selhurst Park,Michael Salisbury,/en/matches/6d06b29c/Crystal-Palace-Southampton-December-29-2024-Premier-League,,6d06b29c
ENG-Premier League,2425,2024-12-29 Everton-Nott'ham Forest,19,Sun,2024-12-29,15:00,Everton,0.9,0–2,1.5,Nott'ham Forest,25414,Goodison Park,Tony Harrington,/en/matches/5fa986dc/Everton-Nottingham-Forest-December-29-2024-Premier-League,,5fa986dc
ENG-Premier League,2425,2024-12-29 Fulham-Bournemouth,19,Sun,2024-12-29,15:00,Fulham,1.1,2–2,2.0,Bournemouth,27301,Craven Cottage,Robert Jones,/en/matches/4b4023dc/Fulham-Bournemouth-December-29-2024-Premier-League,,4b4023dc
ENG-Premier League,2425,2024-12-29 Leicester City-Manchester City,19,Sun,2024-12-29,14:30,Leicester City,1.3,0–2,1.3,Manchester City,32057,King Power Stadium,Michael Oliver,/en/matches/8bbb6d95/Leicester-City-Manchester-City-December-29-2024-Premier-League,,8bbb6d95
ENG-Premier League,2425,2024-12-29 Tottenham-Wolves,19,Sun,2024-12-29,15:00,Tottenham,2.2,2–2,0.7,Wolves,61284,Tottenham Hotspur Stadium,Chris Kavanagh,/en/matches/3d2ef5b4/Tottenham-Hotspur-Wolverhampton-Wanderers-December-29-2024-Premier-League,,3d2ef5b4
ENG-Premier League,2425,2024-12-29 West Ham-Liverpool,19,Sun,2024-12-29,17:15,West Ham,0.4,0–5,3.1,Liverpool,62476,London Stadium,Anthony Taylor,/en/matches/c1a66ac0/West-Ham-United-Liverpool-December-29-2024-Premier-League,,c1a66ac0
ENG-Premier League,2425,2024-12-30 Aston Villa-Brighton,19,Mon,2024-12-30,19:45,Aston Villa,1.8,2–2,1.1,Brighton,41414,Villa Park,Craig Pawson,/en/matches/5e8340e9/Aston-Villa-Brighton-and-Hove-Albion-December-30-2024-Premier-League,,5e8340e9
ENG-Premier League,2425,2024-12-30 Ipswich Town-Chelsea,19,Mon,2024-12-30,19:45,Ipswich Town,1.6,2–0,2.0,Chelsea,29968,Portman Road Stadium,John Brooks,/en/matches/88073205/Ipswich-Town-Chelsea-December-30-2024-Premier-League,,88073205
ENG-Premier League,2425,2024-12-30 Manchester Utd-Newcastle Utd,19,Mon,2024-12-30,20:00,Manchester Utd,0.8,0–2,1.9,Newcastle Utd,73809,Old Trafford,Simon Hooper,/en/matches/8cff7a63/Manchester-United-Newcastle-United-December-30-2024-Premier-League,,8cff7a63
ENG-Premier League,2425,2025-01-01 Brentford-Arsenal,19,Wed,2025-01-01,17:30,Brentford,0.3,1–3,1.9,Arsenal,47190,Gtech Community Stadium,Peter Bankes,/en/matches/7e6892e4/Brentford-Arsenal-January-1-2025-Premier-League,,7e6892e4
ENG-Premier League,2425,2025-01-04 Aston Villa-Leicester City,20,Sat,2025-01-04,15:00,Aston Villa,1.4,2–1,0.4,Leicester City,42386,Villa Park,Jarred Gillett,/en/matches/f5ae8d7d/Aston-Villa-Leicester-City-January-4-2025-Premier-League,,f5ae8d7d
ENG-Premier League,2425,2025-01-04 Bournemouth-Everton,20,Sat,2025-01-04,15:00,Bournemouth,1.8,1–0,0.7,Everton,11223,Vitality Stadium,John Brooks,/en/matches/43f0c302/Bournemouth-Everton-January-4-2025-Premier-League,,43f0c302
ENG-Premier League,2425,2025-01-04 Brighton-Arsenal,20,Sat,2025-01-04,17:30,Brighton,1.5,1–1,0.9,Arsenal,31714,The American Express Stadium,Anthony Taylor,/en/matches/52186da4/Brighton-and-Hove-Albion-Arsenal-January-4-2025-Premier-League,,52186da4
ENG-Premier League,2425,2025-01-04 Crystal Palace-Chelsea,20,Sat,2025-01-04,15:00,Crystal Palace,1.1,1–1,1.2,Chelsea,25179,Selhurst Park,Tim Robinson,/en/matches/cd9861d5/Crystal-Palace-Chelsea-January-4-2025-Premier-League,,cd9861d5
ENG-Premier League,2425,2025-01-04 Manchester City-West Ham,20,Sat,2025-01-04,15:00,Manchester City,1.9,4–1,1.4,West Ham,52737,Etihad Stadium,Michael Salisbury,/en/matches/d7773a4c/Manchester-City-West-Ham-United-January-4-2025-Premier-League,,d7773a4c
ENG-Premier League,2425,2025-01-04 Southampton-Brentford,20,Sat,2025-01-04,15:00,Southampton,0.3,0–5,4.4,Brentford,31001,St Mary's Stadium,Stuart Attwell,/en/matches/36fc576a/Southampton-Brentford-January-4-2025-Premier-League,,36fc576a
ENG-Premier League,2425,2025-01-04 Tottenham-Newcastle Utd,20,Sat,2025-01-04,12:30,Tottenham,0.9,1–2,2.5,Newcastle Utd,61293,Tottenham Hotspur Stadium,Andy Madley,/en/matches/be247ac3/Tottenham-Hotspur-Newcastle-United-January-4-2025-Premier-League,,be247ac3
ENG-Premier League,2425,2025-01-05 Fulham-Ipswich Town,20,Sun,2025-01-05,14:00,Fulham,2.2,2–2,1.5,Ipswich Town,27042,Craven Cottage,Darren Bond,/en/matches/8b69ef69/Fulham-Ipswich-Town-January-5-2025-Premier-League,,8b69ef69
ENG-Premier League,2425,2025-01-05 Liverpool-Manchester Utd,20,Sun,2025-01-05,16:30,Liverpool,2.7,2–2,1.0,Manchester Utd,60275,Anfield,Michael Oliver,/en/matches/4cef863f/North-West-Derby-Liverpool-Manchester-United-January-5-2025-Premier-League,,4cef863f
ENG-Premier League,2425,2025-01-06 Wolves-Nott'ham Forest,20,Mon,2025-01-06,20:00,Wolves,1.5,0–3,2.1,Nott'ham Forest,29940,Molineux Stadium,Peter Bankes,/en/matches/56c4250a/Wolverhampton-Wanderers-Nottingham-Forest-January-6-2025-Premier-League,,56c4250a
ENG-Premier League,2425,2025-01-14 Brentford-Manchester City,21,Tue,2025-01-14,19:30,Brentford,2.5,2–2,2.2,Manchester City,17048,Gtech Community Stadium,Anthony Taylor,/en/matches/68c2e6b8/Brentford-Manchester-City-January-14-2025-Premier-League,,68c2e6b8
ENG-Premier League,2425,2025-01-14 Chelsea-Bournemouth,21,Tue,2025-01-14,19:30,Chelsea,2.5,2–2,1.2,Bournemouth,39092,Stamford Bridge,Robert Jones,/en/matches/fff671a9/Chelsea-Bournemouth-January-14-2025-Premier-League,,fff671a9
ENG-Premier League,2425,2025-01-14 Nott'ham Forest-Liverpool,21,Tue,2025-01-14,20:00,Nott'ham Forest,0.3,1–1,2.0,Liverpool,30249,The City Ground,Chris Kavanagh,/en/matches/118f8df8/Nottingham-Forest-Liverpool-January-14-2025-Premier-League,,118f8df8
ENG-Premier League,2425,2025-01-14 West Ham-Fulham,21,Tue,2025-01-14,19:30,West Ham,1.0,3–2,1.7,Fulham,62456,London Stadium,Craig Pawson,/en/matches/c6168c73/West-Ham-United-Fulham-January-14-2025-Premier-League,,c6168c73
ENG-Premier League,2425,2025-01-15 Arsenal-Tottenham,21,Wed,2025-01-15,20:00,Arsenal,1.4,2–1,0.8,Tottenham,60287,Emirates Stadium,Simon Hooper,/en/matches/ee9ce5e2/North-London-Derby-Arsenal-Tottenham-Hotspur-January-15-2025-Premier-League,,ee9ce5e2
ENG-Premier League,2425,2025-01-15 Everton-Aston Villa,21,Wed,2025-01-15,19:30,Everton,1.1,0–1,1.2,Aston Villa,39085,Goodison Park,Samuel Barrott,/en/matches/3e70b855/Everton-Aston-Villa-January-15-2025-Premier-League,,3e70b855
ENG-Premier League,2425,2025-01-15 Leicester City-Crystal Palace,21,Wed,2025-01-15,19:30,Leicester City,1.7,0–2,1.8,Crystal Palace,29766,King Power Stadium,Andy Madley,/en/matches/99eb6105/Leicester-City-Crystal-Palace-January-15-2025-Premier-League,,99eb6105
ENG-Premier League,2425,2025-01-15 Newcastle Utd-Wolves,21,Wed,2025-01-15,19:30,Newcastle Utd,2.1,3–0,1.6,Wolves,51975,St James' Park,Darren England,/en/matches/535d70d7/Newcastle-United-Wolverhampton-Wanderers-January-15-2025-Premier-League,,535d70d7
ENG-Premier League,2425,2025-01-16 Ipswich Town-Brighton,21,Thu,2025-01-16,19:30,Ipswich Town,0.3,0–2,1.0,Brighton,29403,Portman Road Stadium,Tony Harrington,/en/matches/ace86fcc/Ipswich-Town-Brighton-and-Hove-Albion-January-16-2025-Premier-League,,ace86fcc
ENG-Premier League,2425,2025-01-16 Manchester Utd-Southampton,21,Thu,2025-01-16,20:00,Manchester Utd,3.4,3–1,1.4,Southampton,73722,Old Trafford,John Brooks,/en/matches/f443a602/Manchester-United-Southampton-January-16-2025-Premier-League,,f443a602
ENG-Premier League,2425,2025-01-18 Arsenal-Aston Villa,22,Sat,2025-01-18,17:30,Arsenal,1.3,2–2,1.0,Aston Villa,60067,Emirates Stadium,Chris Kavanagh,/en/matches/1fdaaaba/Arsenal-Aston-Villa-January-18-2025-Premier-League,,1fdaaaba
ENG-Premier League,2425,2025-01-18 Brentford-Liverpool,22,Sat,2025-01-18,15:00,Brentford,0.7,0–2,3.4,Liverpool,17215,Gtech Community Stadium,Andy Madley,/en/matches/5e8445c1/Brentford-Liverpool-January-18-2025-Premier-League,,5e8445c1
ENG-Premier League,2425,2025-01-18 Leicester City-Fulham,22,Sat,2025-01-18,15:00,Leicester City,0.6,0–2,2.0,Fulham,31500,King Power Stadium,Michael Salisbury,/en/matches/bc3ae18e/Leicester-City-Fulham-January-18-2025-Premier-League,,bc3ae18e
ENG-Premier League,2425,2025-01-18 Newcastle Utd-Bournemouth,22,Sat,2025-01-18,12:30,Newcastle Utd,0.8,1–4,2.0,Bournemouth,52227,St James' Park,Stuart Attwell,/en/matches/99d11a39/Newcastle-United-Bournemouth-January-18-2025-Premier-League,,99d11a39
ENG-Premier League,2425,2025-01-18 West Ham-Crystal Palace,22,Sat,2025-01-18,15:00,West Ham,0.3,0–2,1.3,Crystal Palace,62469,London Stadium,Thomas Bramall,/en/matches/03ac4a9c/West-Ham-United-Crystal-Palace-January-18-2025-Premier-League,,03ac4a9c
ENG-Premier League,2425,2025-01-19 Everton-Tottenham,22,Sun,2025-01-19,14:00,Everton,1.8,3–2,1.1,Tottenham,39326,Goodison Park,Darren England,/en/matches/e9f61cb0/Everton-Tottenham-Hotspur-January-19-2025-Premier-League,,e9f61cb0
ENG-Premier League,2425,2025-01-19 Ipswich Town-Manchester City,22,Sun,2025-01-19,16:30,Ipswich Town,0.5,0–6,3.0,Manchester City,29841,Portman Road Stadium,Samuel Barrott,/en/matches/6c829b8f/Ipswich-Town-Manchester-City-January-19-2025-Premier-League,,6c829b8f
ENG-Premier League,2425,2025-01-19 Manchester Utd-Brighton,22,Sun,2025-01-19,14:00,Manchester Utd,1.5,1–3,1.9,Brighton,73758,Old Trafford,Peter Bankes,/en/matches/45028d5b/Manchester-United-Brighton-and-Hove-Albion-January-19-2025-Premier-League,,45028d5b
ENG-Premier League,2425,2025-01-19 Nott'ham Forest-Southampton,22,Sun,2025-01-19,14:00,Nott'ham Forest,1.8,3–2,0.9,Southampton,30180,The City Ground,Anthony Taylor,/en/matches/e0f90407/Nottingham-Forest-Southampton-January-19-2025-Premier-League,,e0f90407
ENG-Premier League,2425,2025-01-20 Chelsea-Wolves,22,Mon,2025-01-20,20:00,Chelsea,3.1,3–1,0.8,Wolves,39221,Stamford Bridge,Simon Hooper,/en/matches/e62cfa12/Chelsea-Wolverhampton-Wanderers-January-20-2025-Premier-League,,e62cfa12
ENG-Premier League,2425,2025-01-25 Bournemouth-Nott'ham Forest,23,Sat,2025-01-25,15:00,Bournemouth,,,,Nott'ham Forest,,Vitality Stadium,,,,
ENG-Premier League,2425,2025-01-25 Brighton-Everton,23,Sat,2025-01-25,15:00,Brighton,,,,Everton,,The American Express Stadium,,,,
ENG-Premier League,2425,2025-01-25 Liverpool-Ipswich Town,23,Sat,2025-01-25,15:00,Liverpool,,,,Ipswich Town,,Anfield,,,,
ENG-Premier League,2425,2025-01-25 Manchester City-Chelsea,23,Sat,2025-01-25,17:30,Manchester City,,,,Chelsea,,Etihad Stadium,,,,
ENG-Premier League,2425,2025-01-25 Southampton-Newcastle Utd,23,Sat,2025-01-25,15:00,Southampton,,,,Newcastle Utd,,St Mary's Stadium,,,,
ENG-Premier League,2425,2025-01-25 Wolves-Arsenal,23,Sat,2025-01-25,15:00,Wolves,,,,Arsenal,,Molineux Stadium,,,,
ENG-Premier League,2425,2025-01-26 Aston Villa-West Ham,23,Sun,2025-01-26,16:30,Aston Villa,,,,West Ham,,Villa Park,,,,
ENG-Premier League,2425,2025-01-26 Crystal Palace-Brentford,23,Sun,2025-01-26,14:00,Crystal Palace,,,,Brentford,,Selhurst Park,,,,
ENG-Premier League,2425,2025-01-26 Fulham-Manchester Utd,23,Sun,2025-01-26,19:00,Fulham,,,,Manchester Utd,,Craven Cottage,,,,
ENG-Premier League,2425,2025-01-26 Tottenham-Leicester City,23,Sun,2025-01-26,14:00,Tottenham,,,,Leicester City,,Tottenham Hotspur Stadium,,,,
ENG-Premier League,2425,2025-02-01 Bournemouth-Liverpool,24,Sat,2025-02-01,15:00,Bournemouth,,,,Liverpool,,Vitality Stadium,,,,
ENG-Premier League,2425,2025-02-01 Everton-Leicester City,24,Sat,2025-02-01,15:00,Everton,,,,Leicester City,,Goodison Park,,,,
ENG-Premier League,2425,2025-02-01 Ipswich Town-Southampton,24,Sat,2025-02-01,15:00,Ipswich Town,,,,Southampton,,Portman Road Stadium,,,,
ENG-Premier League,2425,2025-02-01 Newcastle Utd-Fulham,24,Sat,2025-02-01,15:00,Newcastle Utd,,,,Fulham,,St James' Park,,,,
ENG-Premier League,2425,2025-02-01 Nott'ham Forest-Brighton,24,Sat,2025-02-01,12:30,Nott'ham Forest,,,,Brighton,,The City Ground,,,,
ENG-Premier League,2425,2025-02-01 Wolves-Aston Villa,24,Sat,2025-02-01,17:30,Wolves,,,,Aston Villa,,Molineux Stadium,,,,
ENG-Premier League,2425,2025-02-02 Arsenal-Manchester City,24,Sun,2025-02-02,16:30,Arsenal,,,,Manchester City,,Emirates Stadium,,,,
ENG-Premier League,2425,2025-02-02 Brentford-Tottenham,24,Sun,2025-02-02,14:00,Brentford,,,,Tottenham,,Gtech Community Stadium,,,,
ENG-Premier League,2425,2025-02-02 Manchester Utd-Crystal Palace,24,Sun,2025-02-02,14:00,Manchester Utd,,,,Crystal Palace,,Old Trafford,,,,
ENG-Premier League,2425,2025-02-03 Chelsea-West Ham,24,Mon,2025-02-03,20:00,Chelsea,,,,West Ham,,Stamford Bridge,,,,
ENG-Premier League,2425,2025-02-12 Everton-Liverpool,15,Wed,2025-02-12,19:30,Everton,,,,Liverpool,,Goodison Park,,,,
ENG-Premier League,2425,2025-02-14 Brighton-Chelsea,25,Fri,2025-02-14,20:00,Brighton,,,,Chelsea,,The American Express Stadium,,,,
ENG-Premier League,2425,2025-02-15 Aston Villa-Ipswich Town,25,Sat,2025-02-15,15:00,Aston Villa,,,,Ipswich Town,,Villa Park,,,,
ENG-Premier League,2425,2025-02-15 Crystal Palace-Everton,25,Sat,2025-02-15,17:30,Crystal Palace,,,,Everton,,Selhurst Park,,,,
ENG-Premier League,2425,2025-02-15 Fulham-Nott'ham Forest,25,Sat,2025-02-15,15:00,Fulham,,,,Nott'ham Forest,,Craven Cottage,,,,
ENG-Premier League,2425,2025-02-15 Leicester City-Arsenal,25,Sat,2025-02-15,12:30,Leicester City,,,,Arsenal,,King Power Stadium,,,,
ENG-Premier League,2425,2025-02-15 Manchester City-Newcastle Utd,25,Sat,2025-02-15,15:00,Manchester City,,,,Newcastle Utd,,Etihad Stadium,,,,
ENG-Premier League,2425,2025-02-15 Southampton-Bournemouth,25,Sat,2025-02-15,15:00,Southampton,,,,Bournemouth,,St Mary's Stadium,,,,
ENG-Premier League,2425,2025-02-15 West Ham-Brentford,25,Sat,2025-02-15,15:00,West Ham,,,,Brentford,,London Stadium,,,,
ENG-Premier League,2425,2025-02-16 Liverpool-Wolves,25,Sun,2025-02-16,14:00,Liverpool,,,,Wolves,,Anfield,,,,
ENG-Premier League,2425,2025-02-16 Tottenham-Manchester Utd,25,Sun,2025-02-16,16:30,Tottenham,,,,Manchester Utd,,Tottenham Hotspur Stadium,,,,
ENG-Premier League,2425,2025-02-21 Leicester City-Brentford,26,Fri,2025-02-21,20:00,Leicester City,,,,Brentford,,King Power Stadium,,,,
ENG-Premier League,2425,2025-02-22 Arsenal-West Ham,26,Sat,2025-02-22,15:00,Arsenal,,,,West Ham,,Emirates Stadium,,,,
ENG-Premier League,2425,2025-02-22 Aston Villa-Chelsea,26,Sat,2025-02-22,17:30,Aston Villa,,,,Chelsea,,Villa Park,,,,
ENG-Premier League,2425,2025-02-22 Bournemouth-Wolves,26,Sat,2025-02-22,15:00,Bournemouth,,,,Wolves,,Vitality Stadium,,,,
ENG-Premier League,2425,2025-02-22 Everton-Manchester Utd,26,Sat,2025-02-22,12:30,Everton,,,,Manchester Utd,,Goodison Park,,,,
ENG-Premier League,2425,2025-02-22 Fulham-Crystal Palace,26,Sat,2025-02-22,15:00,Fulham,,,,Crystal Palace,,Craven Cottage,,,,
ENG-Premier League,2425,2025-02-22 Ipswich Town-Tottenham,26,Sat,2025-02-22,15:00,Ipswich Town,,,,Tottenham,,Portman Road Stadium,,,,
ENG-Premier League,2425,2025-02-22 Southampton-Brighton,26,Sat,2025-02-22,15:00,Southampton,,,,Brighton,,St Mary's Stadium,,,,
ENG-Premier League,2425,2025-02-23 Manchester City-Liverpool,26,Sun,2025-02-23,16:30,Manchester City,,,,Liverpool,,Etihad Stadium,,,,
ENG-Premier League,2425,2025-02-23 Newcastle Utd-Nott'ham Forest,26,Sun,2025-02-23,14:00,Newcastle Utd,,,,Nott'ham Forest,,St James' Park,,,,
ENG-Premier League,2425,2025-02-25 Brighton-Bournemouth,27,Tue,2025-02-25,19:30,Brighton,,,,Bournemouth,,The American Express Stadium,,,,
ENG-Premier League,2425,2025-02-25 Chelsea-Southampton,27,Tue,2025-02-25,20:15,Chelsea,,,,Southampton,,Stamford Bridge,,,,
ENG-Premier League,2425,2025-02-25 Crystal Palace-Aston Villa,27,Tue,2025-02-25,19:30,Crystal Palace,,,,Aston Villa,,Selhurst Park,,,,
ENG-Premier League,2425,2025-02-25 Wolves-Fulham,27,Tue,2025-02-25,19:30,Wolves,,,,Fulham,,Molineux Stadium,,,,
ENG-Premier League,2425,2025-02-26 Brentford-Everton,27,Wed,2025-02-26,19:30,Brentford,,,,Everton,,Gtech Community Stadium,,,,
ENG-Premier League,2425,2025-02-26 Liverpool-Newcastle Utd,27,Wed,2025-02-26,20:15,Liverpool,,,,Newcastle Utd,,Anfield,,,,
ENG-Premier League,2425,2025-02-26 Manchester Utd-Ipswich Town,27,Wed,2025-02-26,19:30,Manchester Utd,,,,Ipswich Town,,Old Trafford,,,,
ENG-Premier League,2425,2025-02-26 Nott'ham Forest-Arsenal,27,Wed,2025-02-26,19:30,Nott'ham Forest,,,,Arsenal,,The City Ground,,,,
ENG-Premier League,2425,2025-02-26 Tottenham-Manchester City,27,Wed,2025-02-26,19:30,Tottenham,,,,Manchester City,,Tottenham Hotspur Stadium,,,,
ENG-Premier League,2425,2025-02-27 West Ham-Leicester City,27,Thu,2025-02-27,20:00,West Ham,,,,Leicester City,,London Stadium,,,,
ENG-Premier League,2425,2025-03-08 Brentford-Aston Villa,28,Sat,2025-03-08,17:30,Brentford,,,,Aston Villa,,Gtech Community Stadium,,,,
ENG-Premier League,2425,2025-03-08 Brighton-Fulham,28,Sat,2025-03-08,15:00,Brighton,,,,Fulham,,The American Express Stadium,,,,
ENG-Premier League,2425,2025-03-08 Crystal Palace-Ipswich Town,28,Sat,2025-03-08,15:00,Crystal Palace,,,,Ipswich Town,,Selhurst Park,,,,
ENG-Premier League,2425,2025-03-08 Liverpool-Southampton,28,Sat,2025-03-08,15:00,Liverpool,,,,Southampton,,Anfield,,,,
ENG-Premier League,2425,2025-03-08 Nott'ham Forest-Manchester City,28,Sat,2025-03-08,12:30,Nott'ham Forest,,,,Manchester City,,The City Ground,,,,
ENG-Premier League,2425,2025-03-08 Wolves-Everton,28,Sat,2025-03-08,20:00,Wolves,,,,Everton,,Molineux Stadium,,,,
ENG-Premier League,2425,2025-03-09 Chelsea-Leicester City,28,Sun,2025-03-09,14:00,Chelsea,,,,Leicester City,,Stamford Bridge,,,,
ENG-Premier League,2425,2025-03-09 Manchester Utd-Arsenal,28,Sun,2025-03-09,16:30,Manchester Utd,,,,Arsenal,,Old Trafford,,,,
ENG-Premier League,2425,2025-03-09 Tottenham-Bournemouth,28,Sun,2025-03-09,14:00,Tottenham,,,,Bournemouth,,Tottenham Hotspur Stadium,,,,
ENG-Premier League,2425,2025-03-10 West Ham-Newcastle Utd,28,Mon,2025-03-10,20:00,West Ham,,,,Newcastle Utd,,London Stadium,,,,
ENG-Premier League,2425,2025-03-15 Aston Villa-Liverpool,29,Sat,2025-03-15,12:30,Aston Villa,,,,Liverpool,,Villa Park,,,,
ENG-Premier League,2425,2025-03-15 Bournemouth-Brentford,29,Sat,2025-03-15,17:30,Bournemouth,,,,Brentford,,Vitality Stadium,,,,
ENG-Premier League,2425,2025-03-15 Everton-West Ham,29,Sat,2025-03-15,15:00,Everton,,,,West Ham,,Goodison Park,,,,
ENG-Premier League,2425,2025-03-15 Fulham-Tottenham,29,Sat,2025-03-15,15:00,Fulham,,,,Tottenham,,Craven Cottage,,,,
ENG-Premier League,2425,2025-03-15 Ipswich Town-Nott'ham Forest,29,Sat,2025-03-15,15:00,Ipswich Town,,,,Nott'ham Forest,,Portman Road Stadium,,,,
ENG-Premier League,2425,2025-03-15 Manchester City-Brighton,29,Sat,2025-03-15,15:00,Manchester City,,,,Brighton,,Etihad Stadium,,,,
ENG-Premier League,2425,2025-03-15 Newcastle Utd-Crystal Palace,29,Sat,2025-03-15,15:00,Newcastle Utd,,,,Crystal Palace,,St James' Park,,,,
ENG-Premier League,2425,2025-03-15 Southampton-Wolves,29,Sat,2025-03-15,15:00,Southampton,,,,Wolves,,St Mary's Stadium,,,,
ENG-Premier League,2425,2025-03-16 Arsenal-Chelsea,29,Sun,2025-03-16,,Arsenal,,,,Chelsea,,Emirates Stadium,,,,
ENG-Premier League,2425,2025-03-16 Leicester City-Manchester Utd,29,Sun,2025-03-16,19:00,Leicester City,,,,Manchester Utd,,King Power Stadium,,,,
ENG-Premier League,2425,2025-04-01 Arsenal-Fulham,30,Tue,2025-04-01,19:45,Arsenal,,,,Fulham,,Emirates Stadium,,,,
ENG-Premier League,2425,2025-04-01 Bournemouth-Ipswich Town,30,Tue,2025-04-01,19:45,Bournemouth,,,,Ipswich Town,,Vitality Stadium,,,,
ENG-Premier League,2425,2025-04-01 Brighton-Aston Villa,30,Tue,2025-04-01,19:45,Brighton,,,,Aston Villa,,The American Express Stadium,,,,
ENG-Premier League,2425,2025-04-01 Nott'ham Forest-Manchester Utd,30,Tue,2025-04-01,19:45,Nott'ham Forest,,,,Manchester Utd,,The City Ground,,,,
ENG-Premier League,2425,2025-04-01 Wolves-West Ham,30,Tue,2025-04-01,19:45,Wolves,,,,West Ham,,Molineux Stadium,,,,
ENG-Premier League,2425,2025-04-02 Chelsea-Tottenham,30,Wed,2025-04-02,19:45,Chelsea,,,,Tottenham,,Stamford Bridge,,,,
ENG-Premier League,2425,2025-04-02 Liverpool-Everton,30,Wed,2025-04-02,20:00,Liverpool,,,,Everton,,Anfield,,,,
ENG-Premier League,2425,2025-04-02 Manchester City-Leicester City,30,Wed,2025-04-02,19:45,Manchester City,,,,Leicester City,,Etihad Stadium,,,,
ENG-Premier League,2425,2025-04-02 Newcastle Utd-Brentford,30,Wed,2025-04-02,19:45,Newcastle Utd,,,,Brentford,,St James' Park,,,,
ENG-Premier League,2425,2025-04-02 Southampton-Crystal Palace,30,Wed,2025-04-02,19:45,Southampton,,,,Crystal Palace,,St Mary's Stadium,,,,
ENG-Premier League,2425,2025-04-05 Aston Villa-Nott'ham Forest,31,Sat,2025-04-05,15:00,Aston Villa,,,,Nott'ham Forest,,Villa Park,,,,
ENG-Premier League,2425,2025-04-05 Brentford-Chelsea,31,Sat,2025-04-05,15:00,Brentford,,,,Chelsea,,Gtech Community Stadium,,,,
ENG-Premier League,2425,2025-04-05 Crystal Palace-Brighton,31,Sat,2025-04-05,15:00,Crystal Palace,,,,Brighton,,Selhurst Park,,,,
ENG-Premier League,2425,2025-04-05 Everton-Arsenal,31,Sat,2025-04-05,15:00,Everton,,,,Arsenal,,Goodison Park,,,,
ENG-Premier League,2425,2025-04-05 Fulham-Liverpool,31,Sat,2025-04-05,15:00,Fulham,,,,Liverpool,,Craven Cottage,,,,
ENG-Premier League,2425,2025-04-05 Ipswich Town-Wolves,31,Sat,2025-04-05,15:00,Ipswich Town,,,,Wolves,,Portman Road Stadium,,,,
ENG-Premier League,2425,2025-04-05 Leicester City-Newcastle Utd,31,Sat,2025-04-05,15:00,Leicester City,,,,Newcastle Utd,,King Power Stadium,,,,
ENG-Premier League,2425,2025-04-05 Manchester Utd-Manchester City,31,Sat,2025-04-05,15:00,Manchester Utd,,,,Manchester City,,Old Trafford,,,,
ENG-Premier League,2425,2025-04-05 Tottenham-Southampton,31,Sat,2025-04-05,15:00,Tottenham,,,,Southampton,,Tottenham Hotspur Stadium,,,,
ENG-Premier League,2425,2025-04-05 West Ham-Bournemouth,31,Sat,2025-04-05,15:00,West Ham,,,,Bournemouth,,London Stadium,,,,
ENG-Premier League,2425,2025-04-12 Arsenal-Brentford,32,Sat,2025-04-12,15:00,Arsenal,,,,Brentford,,Emirates Stadium,,,,
ENG-Premier League,2425,2025-04-12 Bournemouth-Fulham,32,Sat,2025-04-12,15:00,Bournemouth,,,,Fulham,,Vitality Stadium,,,,
ENG-Premier League,2425,2025-04-12 Brighton-Leicester City,32,Sat,2025-04-12,15:00,Brighton,,,,Leicester City,,The American Express Stadium,,,,
ENG-Premier League,2425,2025-04-12 Chelsea-Ipswich Town,32,Sat,2025-04-12,15:00,Chelsea,,,,Ipswich Town,,Stamford Bridge,,,,
ENG-Premier League,2425,2025-04-12 Liverpool-West Ham,32,Sat,2025-04-12,15:00,Liverpool,,,,West Ham,,Anfield,,,,
ENG-Premier League,2425,2025-04-12 Manchester City-Crystal Palace,32,Sat,2025-04-12,15:00,Manchester City,,,,Crystal Palace,,Etihad Stadium,,,,
ENG-Premier League,2425,2025-04-12 Newcastle Utd-Manchester Utd,32,Sat,2025-04-12,15:00,Newcastle Utd,,,,Manchester Utd,,St James' Park,,,,
ENG-Premier League,2425,2025-04-12 Nott'ham Forest-Everton,32,Sat,2025-04-12,15:00,Nott'ham Forest,,,,Everton,,The City Ground,,,,
ENG-Premier League,2425,2025-04-12 Southampton-Aston Villa,32,Sat,2025-04-12,15:00,Southampton,,,,Aston Villa,,St Mary's Stadium,,,,
ENG-Premier League,2425,2025-04-12 Wolves-Tottenham,32,Sat,2025-04-12,15:00,Wolves,,,,Tottenham,,Molineux Stadium,,,,
ENG-Premier League,2425,2025-04-19 Aston Villa-Newcastle Utd,33,Sat,2025-04-19,15:00,Aston Villa,,,,Newcastle Utd,,Villa Park,,,,
ENG-Premier League,2425,2025-04-19 Brentford-Brighton,33,Sat,2025-04-19,15:00,Brentford,,,,Brighton,,Gtech Community Stadium,,,,
ENG-Premier League,2425,2025-04-19 Crystal Palace-Bournemouth,33,Sat,2025-04-19,15:00,Crystal Palace,,,,Bournemouth,,Selhurst Park,,,,
ENG-Premier League,2425,2025-04-19 Everton-Manchester City,33,Sat,2025-04-19,15:00,Everton,,,,Manchester City,,Goodison Park,,,,
ENG-Premier League,2425,2025-04-19 Fulham-Chelsea,33,Sat,2025-04-19,15:00,Fulham,,,,Chelsea,,Craven Cottage,,,,
ENG-Premier League,2425,2025-04-19 Ipswich Town-Arsenal,33,Sat,2025-04-19,15:00,Ipswich Town,,,,Arsenal,,Portman Road Stadium,,,,
ENG-Premier League,2425,2025-04-19 Leicester City-Liverpool,33,Sat,2025-04-19,15:00,Leicester City,,,,Liverpool,,King Power Stadium,,,,
ENG-Premier League,2425,2025-04-19 Manchester Utd-Wolves,33,Sat,2025-04-19,15:00,Manchester Utd,,,,Wolves,,Old Trafford,,,,
ENG-Premier League,2425,2025-04-19 Tottenham-Nott'ham Forest,33,Sat,2025-04-19,15:00,Tottenham,,,,Nott'ham Forest,,Tottenham Hotspur Stadium,,,,
ENG-Premier League,2425,2025-04-19 West Ham-Southampton,33,Sat,2025-04-19,15:00,West Ham,,,,Southampton,,London Stadium,,,,
ENG-Premier League,2425,2025-04-26 Arsenal-Crystal Palace,34,Sat,2025-04-26,15:00,Arsenal,,,,Crystal Palace,,Emirates Stadium,,,,
ENG-Premier League,2425,2025-04-26 Bournemouth-Manchester Utd,34,Sat,2025-04-26,15:00,Bournemouth,,,,Manchester Utd,,Vitality Stadium,,,,
ENG-Premier League,2425,2025-04-26 Brighton-West Ham,34,Sat,2025-04-26,15:00,Brighton,,,,West Ham,,The American Express Stadium,,,,
ENG-Premier League,2425,2025-04-26 Chelsea-Everton,34,Sat,2025-04-26,15:00,Chelsea,,,,Everton,,Stamford Bridge,,,,
ENG-Premier League,2425,2025-04-26 Liverpool-Tottenham,34,Sat,2025-04-26,15:00,Liverpool,,,,Tottenham,,Anfield,,,,
ENG-Premier League,2425,2025-04-26 Manchester City-Aston Villa,34,Sat,2025-04-26,15:00,Manchester City,,,,Aston Villa,,Etihad Stadium,,,,
ENG-Premier League,2425,2025-04-26 Newcastle Utd-Ipswich Town,34,Sat,2025-04-26,15:00,Newcastle Utd,,,,Ipswich Town,,St James' Park,,,,
ENG-Premier League,2425,2025-04-26 Nott'ham Forest-Brentford,34,Sat,2025-04-26,15:00,Nott'ham Forest,,,,Brentford,,The City Ground,,,,
ENG-Premier League,2425,2025-04-26 Southampton-Fulham,34,Sat,2025-04-26,15:00,Southampton,,,,Fulham,,St Mary's Stadium,,,,
ENG-Premier League,2425,2025-04-26 Wolves-Leicester City,34,Sat,2025-04-26,15:00,Wolves,,,,Leicester City,,Molineux Stadium,,,,
ENG-Premier League,2425,2025-05-03 Arsenal-Bournemouth,35,Sat,2025-05-03,15:00,Arsenal,,,,Bournemouth,,Emirates Stadium,,,,
ENG-Premier League,2425,2025-05-03 Aston Villa-Fulham,35,Sat,2025-05-03,15:00,Aston Villa,,,,Fulham,,Villa Park,,,,
ENG-Premier League,2425,2025-05-03 Brentford-Manchester Utd,35,Sat,2025-05-03,15:00,Brentford,,,,Manchester Utd,,Gtech Community Stadium,,,,
ENG-Premier League,2425,2025-05-03 Brighton-Newcastle Utd,35,Sat,2025-05-03,15:00,Brighton,,,,Newcastle Utd,,The American Express Stadium,,,,
ENG-Premier League,2425,2025-05-03 Chelsea-Liverpool,35,Sat,2025-05-03,15:00,Chelsea,,,,Liverpool,,Stamford Bridge,,,,
ENG-Premier League,2425,2025-05-03 Crystal Palace-Nott'ham Forest,35,Sat,2025-05-03,15:00,Crystal Palace,,,,Nott'ham Forest,,Selhurst Park,,,,
ENG-Premier League,2425,2025-05-03 Everton-Ipswich Town,35,Sat,2025-05-03,15:00,Everton,,,,Ipswich Town,,Goodison Park,,,,
ENG-Premier League,2425,2025-05-03 Leicester City-Southampton,35,Sat,2025-05-03,15:00,Leicester City,,,,Southampton,,King Power Stadium,,,,
ENG-Premier League,2425,2025-05-03 Manchester City-Wolves,35,Sat,2025-05-03,15:00,Manchester City,,,,Wolves,,Etihad Stadium,,,,
ENG-Premier League,2425,2025-05-03 West Ham-Tottenham,35,Sat,2025-05-03,15:00,West Ham,,,,Tottenham,,London Stadium,,,,
ENG-Premier League,2425,2025-05-10 Bournemouth-Aston Villa,36,Sat,2025-05-10,15:00,Bournemouth,,,,Aston Villa,,Vitality Stadium,,,,
ENG-Premier League,2425,2025-05-10 Fulham-Everton,36,Sat,2025-05-10,15:00,Fulham,,,,Everton,,Craven Cottage,,,,
ENG-Premier League,2425,2025-05-10 Ipswich Town-Brentford,36,Sat,2025-05-10,15:00,Ipswich Town,,,,Brentford,,Portman Road Stadium,,,,
ENG-Premier League,2425,2025-05-10 Liverpool-Arsenal,36,Sat,2025-05-10,15:00,Liverpool,,,,Arsenal,,Anfield,,,,
ENG-Premier League,2425,2025-05-10 Manchester Utd-West Ham,36,Sat,2025-05-10,15:00,Manchester Utd,,,,West Ham,,Old Trafford,,,,
ENG-Premier League,2425,2025-05-10 Newcastle Utd-Chelsea,36,Sat,2025-05-10,15:00,Newcastle Utd,,,,Chelsea,,St James' Park,,,,
ENG-Premier League,2425,2025-05-10 Nott'ham Forest-Leicester City,36,Sat,2025-05-10,15:00,Nott'ham Forest,,,,Leicester City,,The City Ground,,,,
ENG-Premier League,2425,2025-05-10 Southampton-Manchester City,36,Sat,2025-05-10,15:00,Southampton,,,,Manchester City,,St Mary's Stadium,,,,
ENG-Premier League,2425,2025-05-10 Tottenham-Crystal Palace,36,Sat,2025-05-10,15:00,Tottenham,,,,Crystal Palace,,Tottenham Hotspur Stadium,,,,
ENG-Premier League,2425,2025-05-10 Wolves-Brighton,36,Sat,2025-05-10,15:00,Wolves,,,,Brighton,,Molineux Stadium,,,,
ENG-Premier League,2425,2025-05-18 Arsenal-Newcastle Utd,37,Sun,2025-05-18,15:00,Arsenal,,,,Newcastle Utd,,Emirates Stadium,,,,
ENG-Premier League,2425,2025-05-18 Aston Villa-Tottenham,37,Sun,2025-05-18,15:00,Aston Villa,,,,Tottenham,,Villa Park,,,,
ENG-Premier League,2425,2025-05-18 Brentford-Fulham,37,Sun,2025-05-18,15:00,Brentford,,,,Fulham,,Gtech Community Stadium,,,,
ENG-Premier League,2425,2025-05-18 Brighton-Liverpool,37,Sun,2025-05-18,15:00,Brighton,,,,Liverpool,,The American Express Stadium,,,,
ENG-Premier League,2425,2025-05-18 Chelsea-Manchester Utd,37,Sun,2025-05-18,15:00,Chelsea,,,,Manchester Utd,,Stamford Bridge,,,,
ENG-Premier League,2425,2025-05-18 Crystal Palace-Wolves,37,Sun,2025-05-18,15:00,Crystal Palace,,,,Wolves,,Selhurst Park,,,,
ENG-Premier League,2425,2025-05-18 Everton-Southampton,37,Sun,2025-05-18,15:00,Everton,,,,Southampton,,Goodison Park,,,,
ENG-Premier League,2425,2025-05-18 Leicester City-Ipswich Town,37,Sun,2025-05-18,15:00,Leicester City,,,,Ipswich Town,,King Power Stadium,,,,
ENG-Premier League,2425,2025-05-18 Manchester City-Bournemouth,37,Sun,2025-05-18,15:00,Manchester City,,,,Bournemouth,,Etihad Stadium,,,,
ENG-Premier League,2425,2025-05-18 West Ham-Nott'ham Forest,37,Sun,2025-05-18,15:00,West Ham,,,,Nott'ham Forest,,London Stadium,,,,
ENG-Premier League,2425,2025-05-25 Bournemouth-Leicester City,38,Sun,2025-05-25,16:00,Bournemouth,,,,Leicester City,,Vitality Stadium,,,,
ENG-Premier League,2425,2025-05-25 Fulham-Manchester City,38,Sun,2025-05-25,16:00,Fulham,,,,Manchester City,,Craven Cottage,,,,
ENG-Premier League,2425,2025-05-25 Ipswich Town-West Ham,38,Sun,2025-05-25,16:00,Ipswich Town,,,,West Ham,,Portman Road Stadium,,,,
ENG-Premier League,2425,2025-05-25 Liverpool-Crystal Palace,38,Sun,2025-05-25,16:00,Liverpool,,,,Crystal Palace,,Anfield,,,,
ENG-Premier League,2425,2025-05-25 Manchester Utd-Aston Villa,38,Sun,2025-05-25,16:00,Manchester Utd,,,,Aston Villa,,Old Trafford,,,,
ENG-Premier League,2425,2025-05-25 Newcastle Utd-Everton,38,Sun,2025-05-25,16:00,Newcastle Utd,,,,Everton,,St James' Park,,,,
ENG-Premier League,2425,2025-05-25 Nott'ham Forest-Chelsea,38,Sun,2025-05-25,16:00,Nott'ham Forest,,,,Chelsea,,The City Ground,,,,
ENG-Premier League,2425,2025-05-25 Southampton-Arsenal,38,Sun,2025-05-25,16:00,Southampton,,,,Arsenal,,St Mary's Stadium,,,,
ENG-Premier League,2425,2025-05-25 Tottenham-Brighton,38,Sun,2025-05-25,16:00,Tottenham,,,,Brighton,,Tottenham Hotspur Stadium,,,,
ENG-Premier League,2425,2025-05-25 Wolves-Brentford,38,Sun,2025-05-25,16:00,Wolves,,,,Brentford,,Molineux Stadium,,,,
