,,,,nation,pos,age,born,90s,SCA,SCA,SCA Types,SCA Types,SCA Types,SCA Types,SCA Types,SCA Types,GCA,GCA,GCA Types,GCA Types,GCA Types,GCA Types,GCA Types,GCA Types
,,,,,,,,,SCA,SCA90,PassLive,PassDead,TO,Sh,Fld,Def,GCA,GCA90,PassLive,PassDead,TO,Sh,Fld,Def
league,season,team,player,,,,,,,,,,,,,,,,,,,,,
ENG-Premier League,2425,Arsenal,Ben White,ENG,DF,27-076,1997,7.7,8,1.04,8,0,0,0,0,0,1,0.13,1,0,0,0,0,0
ENG-Premier League,2425,Arsenal,Bukayo Saka,ENG,"FW,MF",23-109,2001,14.1,89,6.32,52,17,9,8,3,0,21,1.49,12,5,2,1,1,0
ENG-Premier League,2425,Arsenal,David Raya,ESP,GK,29-099,1995,17.0,2,0.12,1,1,0,0,0,0,0,0.0,0,0,0,0,0,0
ENG-Premier League,2425,Arsenal,Declan Rice,ENG,MF,25-344,1999,13.3,45,3.39,24,16,2,2,1,0,4,0.3,1,2,0,1,0,0
ENG-Premier League,2425,Arsenal,Ethan Nwaneri,ENG,"MF,FW",17-277,2007,1.3,4,3.05,2,1,1,0,0,0,1,0.76,1,0,0,0,0,0
ENG-Premier League,2425,Arsenal,Gabriel Jesus,BRA,FW,27-264,1997,4.0,14,3.51,7,0,1,4,1,1,3,0.75,1,0,0,2,0,0
ENG-Premier League,2425,Arsenal,Gabriel Magalhães,BRA,DF,27-004,1997,14.1,17,1.21,13,0,0,3,1,0,2,0.14,0,0,0,1,1,0
ENG-Premier League,2425,Arsenal,Gabriel Martinelli,BRA,"FW,MF",23-188,2001,10.5,27,2.57,22,1,3,1,0,0,2,0.19,2,0,0,0,0,0
ENG-Premier League,2425,Arsenal,Jakub Kiwior,POL,DF,24-312,2000,3.6,1,0.28,1,0,0,0,0,0,0,0.0,0,0,0,0,0,0
ENG-Premier League,2425,Arsenal,Jorginho,ITA,MF,33-003,1991,4.4,6,1.37,5,0,0,0,1,0,0,0.0,0,0,0,0,0,0
ENG-Premier League,2425,Arsenal,Jurriën Timber,NED,DF,23-189,2001,13.5,28,2.07,25,0,2,0,1,0,3,0.22,3,0,0,0,0,0
ENG-Premier League,2425,Arsenal,Kai Havertz,GER,"FW,MF",25-195,1999,15.4,37,2.4,30,0,1,6,0,0,2,0.13,1,0,0,1,0,0
ENG-Premier League,2425,Arsenal,Leandro Trossard,BEL,FW,30-019,1994,10.2,35,3.43,29,1,2,1,1,1,2,0.2,2,0,0,0,0,0
ENG-Premier League,2425,Arsenal,Martin Ødegaard,NOR,MF,26-006,1998,9.1,46,5.09,41,2,2,1,0,0,8,0.88,8,0,0,0,0,0
ENG-Premier League,2425,Arsenal,Mikel Merino,ESP,MF,28-184,1996,5.3,11,2.06,9,0,0,1,1,0,0,0.0,0,0,0,0,0,0
ENG-Premier League,2425,Arsenal,Myles Lewis-Skelly,ENG,DF,18-088,2006,1.6,2,1.28,2,0,0,0,0,0,0,0.0,0,0,0,0,0,0
ENG-Premier League,2425,Arsenal,Oleksandr Zinchenko,UKR,"DF,MF",28-008,1996,2.6,6,2.27,5,0,0,1,0,0,1,0.38,1,0,0,0,0,0
ENG-Premier League,2425,Arsenal,Raheem Sterling,ENG,"MF,FW",30-015,1994,1.6,7,4.26,5,0,2,0,0,0,1,0.61,1,0,0,0,0,0
ENG-Premier League,2425,Arsenal,Reiss Nelson,ENG,FW,25-013,1999,0.0,0,0.0,0,0,0,0,0,0,0,0.0,0,0,0,0,0,0
ENG-Premier League,2425,Arsenal,Riccardo Calafiori,ITA,DF,22-218,2002,6.0,6,1.0,5,0,0,1,0,0,1,0.17,1,0,0,0,0,0
ENG-Premier League,2425,Arsenal,Takehiro Tomiyasu,JPN,DF,26-048,1998,0.1,1,12.86,1,0,0,0,0,0,0,0.0,0,0,0,0,0,0
ENG-Premier League,2425,Arsenal,Thomas Partey,GHA,"MF,DF",31-193,1993,14.5,22,1.51,17,2,0,1,1,1,7,0.48,4,2,0,0,1,0
ENG-Premier League,2425,Arsenal,William Saliba,FRA,DF,23-274,2001,15.3,11,0.72,10,0,0,0,0,1,0,0.0,0,0,0,0,0,0
ENG-Premier League,2425,Aston Villa,Amadou Onana,BEL,MF,23-129,2001,9.0,14,1.55,9,1,0,4,0,0,2,0.22,1,0,0,1,0,0
ENG-Premier League,2425,Aston Villa,Boubacar Kamara,FRA,MF,25-030,1999,4.8,4,0.83,3,0,0,0,0,1,1,0.21,1,0,0,0,0,0
ENG-Premier League,2425,Aston Villa,Diego Carlos,BRA,DF,31-283,1993,8.2,3,0.36,2,0,0,1,0,0,0,0.0,0,0,0,0,0,0
ENG-Premier League,2425,Aston Villa,Emi Buendía,ARG,"MF,FW",27-364,1996,0.5,2,4.09,2,0,0,0,0,0,0,0.0,0,0,0,0,0,0
ENG-Premier League,2425,Aston Villa,Emiliano Martínez,ARG,GK,32-112,1992,16.5,3,0.18,2,1,0,0,0,0,0,0.0,0,0,0,0,0,0
ENG-Premier League,2425,Aston Villa,Ezri Konsa,ENG,DF,27-061,1997,14.1,10,0.71,7,1,1,1,0,0,2,0.14,2,0,0,0,0,0
ENG-Premier League,2425,Aston Villa,Ian Maatsen,NED,DF,22-288,2002,3.2,22,6.8,16,2,1,2,0,1,4,1.24,4,0,0,0,0,0
ENG-Premier League,2425,Aston Villa,Jacob Ramsey,ENG,"FW,MF",23-209,2001,7.0,27,3.84,20,0,4,1,2,0,3,0.43,3,0,0,0,0,0
ENG-Premier League,2425,Aston Villa,Jaden Philogene Bidace,ENG,"FW,MF",22-319,2002,3.7,5,1.36,3,0,0,0,1,1,0,0.0,0,0,0,0,0,0
ENG-Premier League,2425,Aston Villa,Jhon Durán,COL,FW,21-010,2003,6.3,15,2.36,7,0,0,4,2,2,1,0.16,0,0,0,0,0,1
ENG-Premier League,2425,Aston Villa,John McGinn,SCO,"FW,MF",30-066,1994,11.9,39,3.29,31,3,0,3,1,1,4,0.34,4,0,0,0,0,0
ENG-Premier League,2425,Aston Villa,Kosta Nedeljković,SRB,DF,19-007,2005,1.1,0,0.0,0,0,0,0,0,0,0,0.0,0,0,0,0,0,0
ENG-Premier League,2425,Aston Villa,Lamare Bogarde,NED,DF,20-353,2004,2.4,7,2.96,5,1,0,0,0,1,0,0.0,0,0,0,0,0,0
ENG-Premier League,2425,Aston Villa,Leon Bailey,JAM,"FW,MF",27-136,1997,8.1,19,2.34,13,1,2,1,2,0,3,0.37,3,0,0,0,0,0
ENG-Premier League,2425,Aston Villa,Lucas Digne,FRA,DF,31-156,1993,13.9,36,2.58,21,11,0,3,0,1,3,0.22,3,0,0,0,0,0
ENG-Premier League,2425,Aston Villa,Matty Cash,POL,"DF,FW",27-138,1997,9.2,7,0.76,7,0,0,0,0,0,0,0.0,0,0,0,0,0,0
ENG-Premier League,2425,Aston Villa,Morgan Rogers,ENG,"MF,FW",22-150,2002,15.6,54,3.47,41,0,5,6,2,0,6,0.39,6,0,0,0,0,0
ENG-Premier League,2425,Aston Villa,Ollie Watkins,ENG,FW,28-359,1995,12.6,30,2.37,18,0,3,5,4,0,5,0.4,2,0,1,1,1,0
ENG-Premier League,2425,Aston Villa,Pau Torres,ESP,DF,27-342,1997,16.0,11,0.69,8,0,0,3,0,0,2,0.12,1,0,0,1,0,0
ENG-Premier League,2425,Aston Villa,Robin Olsen,SWE,GK,34-350,1990,0.5,1,2.0,0,1,0,0,0,0,0,0.0,0,0,0,0,0,0
ENG-Premier League,2425,Aston Villa,Ross Barkley,ENG,MF,31-018,1993,5.0,13,2.61,12,1,0,0,0,0,3,0.6,3,0,0,0,0,0
ENG-Premier League,2425,Aston Villa,Tyrone Mings,ENG,DF,31-285,1993,1.0,1,1.0,1,0,0,0,0,0,0,0.0,0,0,0,0,0,0
ENG-Premier League,2425,Aston Villa,Youri Tielemans,BEL,MF,27-230,1997,16.3,64,3.93,37,23,0,2,1,1,7,0.43,4,3,0,0,0,0
ENG-Premier League,2425,Bournemouth,Adam Smith,ENG,DF,33-238,1991,11.5,12,1.04,8,1,1,0,1,1,1,0.09,0,0,0,0,1,0
ENG-Premier League,2425,Bournemouth,Alex Scott,ENG,MF,21-124,2003,2.9,11,3.75,8,0,0,0,1,2,0,0.0,0,0,0,0,0,0
ENG-Premier League,2425,Bournemouth,Antoine Semenyo,GHA,FW,24-351,2000,15.4,58,3.77,39,0,8,7,3,1,4,0.26,2,0,1,0,1,0
ENG-Premier League,2425,Bournemouth,Dango Ouattara,BFA,"FW,DF",22-316,2002,7.8,26,3.33,23,0,0,3,0,0,3,0.38,2,0,0,1,0,0
ENG-Premier League,2425,Bournemouth,Daniel Jebbison,ENG,FW,21-132,2003,0.3,2,6.43,2,0,0,0,0,0,0,0.0,0,0,0,0,0,0
ENG-Premier League,2425,Bournemouth,David Brooks,WAL,"FW,MF",27-168,1997,2.0,12,6.17,10,0,1,1,0,0,1,0.51,0,0,0,1,0,0
ENG-Premier League,2425,Bournemouth,Dean Huijsen,ESP,DF,19-253,2005,6.8,15,2.2,14,0,0,1,0,0,1,0.15,1,0,0,0,0,0
ENG-Premier League,2425,Bournemouth,Enes Ünal,TUR,"FW,MF",27-227,1997,2.7,6,2.21,3,0,0,2,1,0,2,0.74,1,0,0,0,1,0
ENG-Premier League,2425,Bournemouth,Evanilson,BRA,FW,25-078,1999,13.1,38,2.9,21,0,3,6,8,0,7,0.53,1,0,1,1,4,0
ENG-Premier League,2425,Bournemouth,Illia Zabarnyi,UKR,DF,22-113,2002,17.0,18,1.06,16,1,0,0,0,1,0,0.0,0,0,0,0,0,0
ENG-Premier League,2425,Bournemouth,James Hill,ENG,MF,22-348,2002,0.1,0,0.0,0,0,0,0,0,0,0,0.0,0,0,0,0,0,0
ENG-Premier League,2425,Bournemouth,Julian Araujo,MEX,DF,23-132,2001,3.9,2,0.51,2,0,0,0,0,0,0,0.0,0,0,0,0,0,0
ENG-Premier League,2425,Bournemouth,Justin Kluivert,NED,"MF,FW",25-232,1999,11.7,39,3.32,35,0,2,0,1,1,6,0.51,5,0,0,0,1,0
ENG-Premier League,2425,Bournemouth,Kepa Arrizabalaga,ESP,GK,30-081,1994,12.0,3,0.25,1,2,0,0,0,0,0,0.0,0,0,0,0,0,0
ENG-Premier League,2425,Bournemouth,Lewis Cook,ENG,"MF,DF",27-324,1997,14.6,45,3.09,34,10,0,1,0,0,4,0.27,2,1,0,1,0,0
ENG-Premier League,2425,Bournemouth,Luis Sinisterra,COL,"FW,MF",25-189,1999,2.3,13,5.57,10,0,1,2,0,0,1,0.43,1,0,0,0,0,0
ENG-Premier League,2425,Bournemouth,Marcos Senesi,ARG,DF,27-227,1997,10.2,16,1.57,16,0,0,0,0,0,1,0.1,1,0,0,0,0,0
ENG-Premier League,2425,Bournemouth,Marcus Tavernier,ENG,"FW,MF",25-276,1999,12.7,61,4.82,43,10,3,2,3,0,8,0.63,4,3,0,0,1,0
ENG-Premier League,2425,Bournemouth,Mark Travers,IRL,GK,25-219,1999,3.0,0,0.0,0,0,0,0,0,0,0,0.0,0,0,0,0,0,0
ENG-Premier League,2425,Bournemouth,Max Aarons,ENG,DF,24-354,2000,0.2,2,11.25,2,0,0,0,0,0,0,0.0,0,0,0,0,0,0
ENG-Premier League,2425,Bournemouth,Milos Kerkez,HUN,DF,21-046,2003,16.2,41,2.53,36,1,1,1,0,2,4,0.25,3,0,1,0,0,0
ENG-Premier League,2425,Bournemouth,Neto,BRA,GK,35-157,1989,2.0,0,0.0,0,0,0,0,0,0,0,0.0,0,0,0,0,0,0
ENG-Premier League,2425,Bournemouth,Philip Billing,DEN,MF,28-195,1996,0.9,12,12.86,9,0,0,1,0,2,0,0.0,0,0,0,0,0,0
ENG-Premier League,2425,Bournemouth,Ryan Christie,SCO,MF,29-305,1995,12.6,50,3.97,40,4,0,3,2,1,3,0.24,2,1,0,0,0,0
ENG-Premier League,2425,Bournemouth,Tyler Adams,USA,MF,25-313,1999,5.1,12,2.37,9,0,0,0,0,3,0,0.0,0,0,0,0,0,0
ENG-Premier League,2425,Brentford,Ben Mee,ENG,DF,35-093,1989,1.1,0,0.0,0,0,0,0,0,0,0,0.0,0,0,0,0,0,0
ENG-Premier League,2425,Brentford,Bryan Mbeumo,CMR,FW,25-138,1999,16.9,61,3.6,43,10,6,1,1,0,8,0.47,6,0,2,0,0,0
ENG-Premier League,2425,Brentford,Christian Nørgaard,DEN,MF,30-288,1994,12.8,21,1.64,16,0,0,3,2,0,7,0.55,6,0,0,0,1,0
ENG-Premier League,2425,Brentford,Edmond-Paris Maghoma,ENG,MF,23-229,2001,0.6,0,0.0,0,0,0,0,0,0,0,0.0,0,0,0,0,0,0
ENG-Premier League,2425,Brentford,Ethan Pinnock,JAM,DF,31-208,1993,16.0,19,1.19,12,4,0,2,1,0,0,0.0,0,0,0,0,0,0
ENG-Premier League,2425,Brentford,Fabio Carvalho,POR,"FW,MF",22-115,2002,4.8,9,1.88,6,0,1,2,0,0,1,0.21,1,0,0,0,0,0
ENG-Premier League,2425,Brentford,Frank Onyeka,NGA,MF,26-357,1998,0.3,0,0.0,0,0,0,0,0,0,0,0.0,0,0,0,0,0,0
ENG-Premier League,2425,Brentford,Jayden Meghoma,ENG,DF,18-178,2006,0.1,0,0.0,0,0,0,0,0,0,0,0.0,0,0,0,0,0,0
ENG-Premier League,2425,Brentford,Keane Lewis-Potter,ENG,"DF,FW",23-305,2001,14.3,28,1.96,19,0,3,1,4,1,5,0.35,4,0,0,0,1,0
ENG-Premier League,2425,Brentford,Kevin Schade,GER,FW,23-026,2001,8.4,14,1.66,6,0,2,3,2,1,4,0.47,2,0,0,2,0,0
ENG-Premier League,2425,Brentford,Kristoffer Ajer,NOR,DF,26-250,1998,8.0,9,1.13,9,0,0,0,0,0,2,0.25,2,0,0,0,0,0
ENG-Premier League,2425,Brentford,Mads Roerslev,DEN,DF,25-182,1999,6.3,13,2.07,12,0,1,0,0,0,1,0.16,1,0,0,0,0,0
ENG-Premier League,2425,Brentford,Mark Flekken,NED,GK,31-193,1993,17.0,2,0.12,0,2,0,0,0,0,1,0.06,0,1,0,0,0,0
ENG-Premier League,2425,Brentford,Mathias Jensen,DEN,MF,28-357,1996,5.3,21,3.95,14,6,1,0,0,0,3,0.56,1,1,1,0,0,0
ENG-Premier League,2425,Brentford,Mikkel Damsgaard,DEN,"MF,FW",24-173,2000,13.2,45,3.41,31,7,2,2,1,2,10,0.76,7,2,0,0,1,0
ENG-Premier League,2425,Brentford,Nathan Collins,IRL,DF,23-237,2001,17.0,19,1.12,13,2,1,2,1,0,5,0.29,2,1,0,1,1,0
ENG-Premier League,2425,Brentford,Ryan Trevitt,ENG,MF,21-286,2003,0.0,0,0.0,0,0,0,0,0,0,0,0.0,0,0,0,0,0,0
ENG-Premier League,2425,Brentford,Sepp van den Berg,NED,DF,23-003,2001,13.0,10,0.77,10,0,0,0,0,0,1,0.08,1,0,0,0,0,0
ENG-Premier League,2425,Brentford,Thiago,BRA,FW,23-180,2001,1.5,2,1.36,1,0,0,0,0,1,0,0.0,0,0,0,0,0,0
ENG-Premier League,2425,Brentford,Vitaly Janelt,GER,MF,26-227,1998,13.6,18,1.33,17,1,0,0,0,0,3,0.22,3,0,0,0,0,0
ENG-Premier League,2425,Brentford,Yehor Yarmoliuk,UKR,MF,20-297,2004,4.4,8,1.82,7,0,1,0,0,0,2,0.46,2,0,0,0,0,0
ENG-Premier League,2425,Brentford,Yoane Wissa,COD,FW,28-111,1996,11.6,26,2.23,21,0,1,1,3,0,5,0.43,5,0,0,0,0,0
ENG-Premier League,2425,Brentford,Yunus Emre Konak,TUR,"MF,FW",18-348,2006,0.2,0,0.0,0,0,0,0,0,0,0,0.0,0,0,0,0,0,0
ENG-Premier League,2425,Brighton,Adam Webster,ENG,DF,29-354,1995,0.9,1,1.14,1,0,0,0,0,0,0,0.0,0,0,0,0,0,0
ENG-Premier League,2425,Brighton,Bart Verbruggen,NED,GK,22-127,2002,15.0,2,0.13,2,0,0,0,0,0,0,0.0,0,0,0,0,0,0
ENG-Premier League,2425,Brighton,Billy Gilmour,SCO,MF,23-195,2001,1.1,3,2.76,3,0,0,0,0,0,0,0.0,0,0,0,0,0,0
ENG-Premier League,2425,Brighton,Brajan Gruda,GER,"MF,FW",20-206,2004,1.7,3,1.75,3,0,0,0,0,0,0,0.0,0,0,0,0,0,0
ENG-Premier League,2425,Brighton,Carlos Baleba,CMR,MF,20-355,2004,11.0,27,2.46,24,0,1,1,0,1,2,0.18,1,0,0,0,0,1
ENG-Premier League,2425,Brighton,Danny Welbeck,ENG,FW,34-027,1990,12.4,29,2.35,19,0,3,1,6,0,4,0.32,4,0,0,0,0,0
ENG-Premier League,2425,Brighton,Evan Ferguson,IRL,FW,20-065,2004,2.5,4,1.59,3,0,1,0,0,0,0,0.0,0,0,0,0,0,0
ENG-Premier League,2425,Brighton,Ferdi Kadioglu,TUR,"DF,MF",25-077,1999,4.3,13,3.03,11,0,0,0,1,1,2,0.47,2,0,0,0,0,0
ENG-Premier League,2425,Brighton,Georginio Rutter,FRA,"FW,MF",22-247,2002,11.0,37,3.35,20,0,4,7,5,1,4,0.36,2,0,1,1,0,0
ENG-Premier League,2425,Brighton,Igor,BRA,DF,26-320,1998,8.3,9,1.08,8,0,0,0,1,0,0,0.0,0,0,0,0,0,0
ENG-Premier League,2425,Brighton,Jack Hinshelwood,ENG,"MF,DF",19-256,2005,9.3,20,2.15,14,4,0,1,1,0,2,0.21,2,0,0,0,0,0
ENG-Premier League,2425,Brighton,Jakub Moder,POL,MF,25-260,1999,0.1,1,18.0,1,0,0,0,0,0,0,0.0,0,0,0,0,0,0
ENG-Premier League,2425,Brighton,James Milner,ENG,MF,38-354,1986,1.9,8,4.26,5,2,0,0,1,0,0,0.0,0,0,0,0,0,0
ENG-Premier League,2425,Brighton,Jan Paul van Hecke,NED,DF,24-198,2000,13.9,26,1.87,24,0,0,2,0,0,2,0.14,2,0,0,0,0,0
ENG-Premier League,2425,Brighton,Jason Steele,ENG,GK,34-127,1990,2.0,0,0.0,0,0,0,0,0,0,0,0.0,0,0,0,0,0,0
ENG-Premier League,2425,Brighton,Jeremy Sarmiento,ECU,MF,22-190,2002,0.1,0,0.0,0,0,0,0,0,0,0,0.0,0,0,0,0,0,0
ENG-Premier League,2425,Brighton,João Pedro,BRA,"MF,FW",23-088,2001,8.5,24,2.81,19,0,2,0,3,0,4,0.47,4,0,0,0,0,0
ENG-Premier League,2425,Brighton,Joël Veltman,NED,DF,32-343,1992,11.4,10,0.88,5,1,1,1,2,0,1,0.09,0,1,0,0,0,0
ENG-Premier League,2425,Brighton,Julio Enciso,PAR,"MF,FW",20-335,2004,1.8,11,6.27,5,1,3,0,2,0,0,0.0,0,0,0,0,0,0
ENG-Premier League,2425,Brighton,Kaoru Mitoma,JPN,"FW,MF",27-217,1997,16.1,59,3.67,48,0,3,3,4,1,6,0.37,5,0,0,0,1,0
ENG-Premier League,2425,Brighton,Lewis Dunk,ENG,DF,33-032,1991,12.0,12,1.0,10,0,0,2,0,0,2,0.17,1,0,0,1,0,0
ENG-Premier League,2425,Brighton,Mats Wieffer,NED,MF,25-037,1999,5.2,13,2.48,13,0,0,0,0,0,2,0.38,2,0,0,0,0,0
ENG-Premier League,2425,Brighton,Matt O'Riley,DEN,MF,24-032,2000,2.5,8,3.27,6,2,0,0,0,0,1,0.41,1,0,0,0,0,0
ENG-Premier League,2425,Brighton,Pervis Estupiñán,ECU,DF,26-337,1998,11.8,32,2.71,21,9,0,2,0,0,3,0.25,3,0,0,0,0,0
ENG-Premier League,2425,Brighton,Simon Adingra,CIV,"FW,MF",22-357,2002,3.9,12,3.09,10,0,1,1,0,0,2,0.52,2,0,0,0,0,0
ENG-Premier League,2425,Brighton,Tariq Lamptey,GHA,DF,24-084,2000,2.9,6,2.08,6,0,0,0,0,0,2,0.69,2,0,0,0,0,0
ENG-Premier League,2425,Brighton,Yankuba Minteh,GAM,"FW,MF",20-154,2004,5.9,20,3.38,9,4,5,1,1,0,4,0.68,1,0,2,1,0,0
ENG-Premier League,2425,Brighton,Yasin Ayari,SWE,MF,21-078,2003,9.2,32,3.46,13,9,3,3,3,1,1,0.11,1,0,0,0,0,0
ENG-Premier League,2425,Chelsea,Axel Disasi,FRA,DF,26-287,1998,3.0,0,0.0,0,0,0,0,0,0,0,0.0,0,0,0,0,0,0
ENG-Premier League,2425,Chelsea,Benoît Badiashile,FRA,DF,23-272,2001,2.8,0,0.0,0,0,0,0,0,0,0,0.0,0,0,0,0,0,0
ENG-Premier League,2425,Chelsea,Christopher Nkunku,FRA,FW,27-039,1997,3.6,17,4.77,11,0,4,2,0,0,2,0.56,0,0,1,1,0,0
ENG-Premier League,2425,Chelsea,Cole Palmer,ENG,MF,22-231,2002,16.4,91,5.55,61,8,7,10,4,1,10,0.61,7,0,1,1,1,0
ENG-Premier League,2425,Chelsea,Enzo Fernández,ARG,MF,23-341,2001,12.8,53,4.14,40,7,0,2,0,4,11,0.86,9,2,0,0,0,0
ENG-Premier League,2425,Chelsea,Filip Jørgensen,DEN,GK,22-251,2002,1.0,0,0.0,0,0,0,0,0,0,0,0.0,0,0,0,0,0,0
ENG-Premier League,2425,Chelsea,Jadon Sancho,ENG,FW,24-273,2000,7.4,34,4.57,30,0,2,0,2,0,9,1.21,8,0,0,0,1,0
ENG-Premier League,2425,Chelsea,João Félix,POR,"FW,MF",25-043,1999,3.3,12,3.61,10,0,1,1,0,0,1,0.3,1,0,0,0,0,0
ENG-Premier League,2425,Chelsea,Kiernan Dewsbury-Hall,ENG,MF,26-108,1998,0.7,1,1.5,1,0,0,0,0,0,0,0.0,0,0,0,0,0,0
ENG-Premier League,2425,Chelsea,Levi Colwill,ENG,DF,21-301,2003,16.0,19,1.19,16,2,0,0,0,1,1,0.06,0,0,0,0,0,1
ENG-Premier League,2425,Chelsea,Malo Gusto,FRA,DF,21-218,2003,11.6,25,2.15,24,0,0,1,0,0,3,0.26,3,0,0,0,0,0
ENG-Premier League,2425,Chelsea,Marc Cucurella,ESP,DF,26-154,1998,13.0,22,1.69,21,0,0,1,0,0,2,0.15,2,0,0,0,0,0
ENG-Premier League,2425,Chelsea,Marc Guiu,ESP,FW,18-354,2006,0.3,0,0.0,0,0,0,0,0,0,0,0.0,0,0,0,0,0,0
ENG-Premier League,2425,Chelsea,Moisés Caicedo,ECU,MF,23-051,2001,16.7,47,2.81,42,0,0,0,2,3,6,0.36,5,0,0,0,1,0
ENG-Premier League,2425,Chelsea,Mykhailo Mudryk,UKR,FW,23-353,2001,1.7,6,3.6,4,1,0,0,1,0,0,0.0,0,0,0,0,0,0
ENG-Premier League,2425,Chelsea,Nicolas Jackson,SEN,FW,23-186,2001,14.0,40,2.87,25,0,6,6,2,1,7,0.5,5,0,1,1,0,0
ENG-Premier League,2425,Chelsea,Noni Madueke,ENG,FW,22-288,2002,11.5,40,3.46,27,0,5,5,2,1,7,0.61,4,0,0,1,1,1
ENG-Premier League,2425,Chelsea,Pedro Neto,POR,FW,24-289,2000,9.0,33,3.68,25,2,4,0,2,0,5,0.56,3,0,2,0,0,0
ENG-Premier League,2425,Chelsea,Reece James,ENG,DF,25-015,1999,2.7,3,1.12,3,0,0,0,0,0,0,0.0,0,0,0,0,0,0
ENG-Premier League,2425,Chelsea,Renato Veiga,POR,"DF,MF",21-147,2003,2.0,1,0.49,0,0,0,1,0,0,0,0.0,0,0,0,0,0,0
ENG-Premier League,2425,Chelsea,Robert Sánchez,ESP,GK,27-035,1997,16.0,2,0.12,1,1,0,0,0,0,1,0.06,0,1,0,0,0,0
ENG-Premier League,2425,Chelsea,Roméo Lavia,BEL,MF,20-352,2004,5.3,10,1.89,10,0,0,0,0,0,2,0.38,2,0,0,0,0,0
ENG-Premier League,2425,Chelsea,Tosin Adarabioyo,ENG,DF,27-090,1997,4.9,6,1.22,4,0,0,2,0,0,0,0.0,0,0,0,0,0,0
ENG-Premier League,2425,Chelsea,Wesley Fofana,FRA,DF,24-006,2000,11.3,11,0.98,9,1,1,0,0,0,0,0.0,0,0,0,0,0,0
ENG-Premier League,2425,Crystal Palace,Adam Wharton,ENG,MF,20-204,2004,6.9,26,3.77,20,4,0,1,0,1,1,0.14,1,0,0,0,0,0
ENG-Premier League,2425,Crystal Palace,Asher Agbinone,ENG,MF,19-086,2005,0.1,1,15.0,1,0,0,0,0,0,0,0.0,0,0,0,0,0,0
ENG-Premier League,2425,Crystal Palace,Caleb Kporha,ENG,DF,18-161,2006,0.1,0,0.0,0,0,0,0,0,0,0,0.0,0,0,0,0,0,0
ENG-Premier League,2425,Crystal Palace,Chadi Riad,MAR,DF,21-189,2003,1.0,0,0.0,0,0,0,0,0,0,0,0.0,0,0,0,0,0,0
ENG-Premier League,2425,Crystal Palace,Cheick Doucouré,MLI,MF,24-350,2000,3.0,5,1.67,3,0,0,2,0,0,2,0.67,1,0,0,1,0,0
ENG-Premier League,2425,Crystal Palace,Chris Richards,USA,DF,24-270,2000,4.9,1,0.2,1,0,0,0,0,0,0,0.0,0,0,0,0,0,0
ENG-Premier League,2425,Crystal Palace,Daichi Kamada,JPN,MF,28-140,1996,7.9,28,3.54,23,3,0,1,0,1,1,0.13,0,1,0,0,0,0
ENG-Premier League,2425,Crystal Palace,Daniel Muñoz,COL,DF,28-211,1996,15.0,35,2.33,27,2,1,5,0,0,2,0.13,1,0,0,1,0,0
ENG-Premier League,2425,Crystal Palace,Dean Henderson,ENG,GK,27-286,1997,17.0,0,0.0,0,0,0,0,0,0,0,0.0,0,0,0,0,0,0
ENG-Premier League,2425,Crystal Palace,Eberechi Eze,ENG,"MF,FW",26-177,1998,12.0,54,4.51,29,12,4,6,3,0,3,0.25,3,0,0,0,0,0
ENG-Premier League,2425,Crystal Palace,Eddie Nketiah,ENG,"MF,FW",25-207,1999,6.4,19,2.95,12,0,3,1,3,0,1,0.16,1,0,0,0,0,0
ENG-Premier League,2425,Crystal Palace,Ismaila Sarr,SEN,"MF,FW",26-302,1998,11.2,45,4.03,30,0,5,4,6,0,4,0.36,1,0,1,0,2,0
ENG-Premier League,2425,Crystal Palace,Jean-Philippe Mateta,FRA,FW,27-178,1997,13.9,28,2.01,19,0,1,6,2,0,3,0.22,1,0,1,1,0,0
ENG-Premier League,2425,Crystal Palace,Jefferson Lerma,COL,MF,30-059,1994,9.2,13,1.42,12,0,0,1,0,0,1,0.11,1,0,0,0,0,0
ENG-Premier League,2425,Crystal Palace,Jeffrey Schlupp,GHA,"MF,DF",32-000,1992,1.1,6,5.24,4,0,1,1,0,0,0,0.0,0,0,0,0,0,0
ENG-Premier League,2425,Crystal Palace,Joachim Andersen,DEN,DF,28-206,1996,1.0,1,1.0,1,0,0,0,0,0,0,0.0,0,0,0,0,0,0
ENG-Premier League,2425,Crystal Palace,Jordan Ayew,GHA,"FW,MF",33-103,1991,0.2,1,4.29,1,0,0,0,0,0,0,0.0,0,0,0,0,0,0
ENG-Premier League,2425,Crystal Palace,Justin Devenny,NIR,MF,21-073,2003,2.5,9,3.52,7,2,0,0,0,0,0,0.0,0,0,0,0,0,0
ENG-Premier League,2425,Crystal Palace,Marc Guéhi,ENG,DF,24-163,2000,17.0,18,1.06,14,0,0,3,1,0,2,0.12,2,0,0,0,0,0
ENG-Premier League,2425,Crystal Palace,Maxence Lacroix,FRA,DF,24-261,2000,14.0,16,1.14,14,1,0,1,0,0,3,0.21,2,1,0,0,0,0
ENG-Premier League,2425,Crystal Palace,Nathaniel Clyne,ENG,"DF,MF",33-262,1991,4.2,2,0.47,2,0,0,0,0,0,0,0.0,0,0,0,0,0,0
ENG-Premier League,2425,Crystal Palace,Odsonne Édouard,FRA,"MF,FW",26-342,1998,1.3,1,0.78,1,0,0,0,0,0,0,0.0,0,0,0,0,0,0
ENG-Premier League,2425,Crystal Palace,Trevoh Chalobah,ENG,DF,25-171,1999,9.8,7,0.72,7,0,0,0,0,0,0,0.0,0,0,0,0,0,0
ENG-Premier League,2425,Crystal Palace,Tyrick Mitchell,ENG,DF,25-113,1999,16.4,41,2.5,38,1,0,1,1,0,3,0.18,3,0,0,0,0,0
ENG-Premier League,2425,Crystal Palace,Will Hughes,ENG,MF,29-250,1995,10.6,42,3.97,28,10,1,2,1,0,5,0.47,2,2,0,1,0,0
ENG-Premier League,2425,Everton,Abdoulaye Doucouré,MLI,MF,31-357,1993,11.9,26,2.18,24,0,0,1,0,1,1,0.08,0,0,0,0,0,1
ENG-Premier League,2425,Everton,Armando Broja,ALB,FW,23-104,2001,0.4,1,2.73,1,0,0,0,0,0,0,0.0,0,0,0,0,0,0
ENG-Premier League,2425,Everton,Ashley Young,ENG,DF,39-167,1985,13.3,30,2.25,25,3,0,0,1,1,5,0.38,4,0,0,0,0,1
ENG-Premier League,2425,Everton,Beto,GNB,FW,26-327,1998,2.3,4,1.76,0,0,2,0,2,0,0,0.0,0,0,0,0,0,0
ENG-Premier League,2425,Everton,Dominic Calvert-Lewin,ENG,FW,27-282,1997,13.7,17,1.24,10,0,2,2,2,1,2,0.15,1,0,0,0,1,0
ENG-Premier League,2425,Everton,Dwight McNeil,ENG,"MF,FW",25-031,1999,12.7,60,4.74,33,18,4,2,2,1,6,0.47,3,1,1,0,0,1
ENG-Premier League,2425,Everton,Harrison Armstrong,ENG,MF,17-339,2007,0.0,0,0.0,0,0,0,0,0,0,0,0.0,0,0,0,0,0,0
ENG-Premier League,2425,Everton,Idrissa Gana Gueye,SEN,MF,35-088,1989,12.9,26,2.02,21,0,0,2,2,1,0,0.0,0,0,0,0,0,0
ENG-Premier League,2425,Everton,Iliman Ndiaye,SEN,FW,24-292,2000,14.0,36,2.58,29,0,3,0,4,0,3,0.22,3,0,0,0,0,0
ENG-Premier League,2425,Everton,Jack Harrison,ENG,FW,28-033,1996,8.9,16,1.79,13,0,0,1,2,0,2,0.22,1,0,0,0,1,0
ENG-Premier League,2425,Everton,Jake O'Brien,IRL,DF,23-222,2001,0.4,1,2.5,1,0,0,0,0,0,0,0.0,0,0,0,0,0,0
ENG-Premier League,2425,Everton,James Garner,ENG,"DF,MF",23-285,2001,2.8,5,1.78,4,1,0,0,0,0,0,0.0,0,0,0,0,0,0
ENG-Premier League,2425,Everton,James Tarkowski,ENG,DF,32-034,1992,15.9,22,1.38,17,2,0,3,0,0,1,0.06,1,0,0,0,0,0
ENG-Premier League,2425,Everton,Jarrad Branthwaite,ENG,DF,22-179,2002,7.1,6,0.85,6,0,0,0,0,0,0,0.0,0,0,0,0,0,0
ENG-Premier League,2425,Everton,Jesper Lindstrøm,DEN,FW,24-298,2000,6.0,24,4.04,15,5,1,2,1,0,0,0.0,0,0,0,0,0,0
ENG-Premier League,2425,Everton,Jordan Pickford,ENG,GK,30-291,1994,16.0,4,0.25,4,0,0,0,0,0,0,0.0,0,0,0,0,0,0
ENG-Premier League,2425,Everton,Mason Holgate,ENG,"FW,DF",28-062,1996,0.1,0,0.0,0,0,0,0,0,0,0,0.0,0,0,0,0,0,0
ENG-Premier League,2425,Everton,Michael Keane,ENG,DF,31-347,1993,9.0,6,0.67,6,0,0,0,0,0,0,0.0,0,0,0,0,0,0
ENG-Premier League,2425,Everton,Nathan Patterson,SCO,DF,23-068,2001,0.2,1,5.0,1,0,0,0,0,0,0,0.0,0,0,0,0,0,0
ENG-Premier League,2425,Everton,Orel Mangala,BEL,MF,26-280,1998,8.5,17,1.99,12,1,2,1,1,0,1,0.12,0,0,0,0,1,0
ENG-Premier League,2425,Everton,Roman Dixon,ENG,DF,19-363,2004,1.0,0,0.0,0,0,0,0,0,0,0,0.0,0,0,0,0,0,0
ENG-Premier League,2425,Everton,Séamus Coleman,IRL,DF,36-073,1988,1.2,1,0.83,0,0,1,0,0,0,0,0.0,0,0,0,0,0,0
ENG-Premier League,2425,Everton,Tim Iroegbunam,ENG,MF,21-176,2003,4.3,9,2.11,5,0,1,0,1,2,0,0.0,0,0,0,0,0,0
ENG-Premier League,2425,Everton,Vitaliy Mykolenko,UKR,DF,25-208,1999,13.3,15,1.13,14,0,0,1,0,0,1,0.08,0,0,0,1,0,0
ENG-Premier League,2425,Fulham,Adama Traoré,ESP,"FW,MF",28-333,1996,9.4,41,4.34,32,0,4,3,0,2,3,0.32,3,0,0,0,0,0
ENG-Premier League,2425,Fulham,Alex Iwobi,NGA,"FW,MF",28-234,1996,16.4,65,3.96,57,0,4,3,1,0,10,0.61,8,0,2,0,0,0
ENG-Premier League,2425,Fulham,Andreas Pereira,BRA,MF,28-357,1996,11.2,62,5.52,33,25,0,2,2,0,2,0.18,1,0,0,0,1,0
ENG-Premier League,2425,Fulham,Antonee Robinson,USA,DF,27-137,1997,17.0,37,2.18,36,0,1,0,0,0,7,0.41,7,0,0,0,0,0
ENG-Premier League,2425,Fulham,Bernd Leno,GER,GK,32-294,1992,17.0,3,0.18,3,0,0,0,0,0,1,0.06,1,0,0,0,0,0
ENG-Premier League,2425,Fulham,Calvin Bassey,NGA,DF,24-358,1999,16.0,7,0.44,6,1,0,0,0,0,1,0.06,1,0,0,0,0,0
ENG-Premier League,2425,Fulham,Carlos Vinícius,BRA,MF,29-273,1995,0.0,1,22.5,0,0,1,0,0,0,0,0.0,0,0,0,0,0,0
ENG-Premier League,2425,Fulham,Emile Smith Rowe,ENG,MF,24-148,2000,12.1,40,3.3,30,0,2,5,0,3,8,0.66,6,0,1,0,0,1
ENG-Premier League,2425,Fulham,Harrison Reed,ENG,MF,29-331,1995,0.7,1,1.48,0,1,0,0,0,0,0,0.0,0,0,0,0,0,0
ENG-Premier League,2425,Fulham,Harry Wilson,WAL,"FW,MF",27-276,1997,4.7,8,1.7,5,2,0,0,1,0,0,0.0,0,0,0,0,0,0
ENG-Premier League,2425,Fulham,Issa Diop,FRA,DF,27-349,1997,9.4,5,0.53,4,0,0,1,0,0,0,0.0,0,0,0,0,0,0
ENG-Premier League,2425,Fulham,Jay Stansfield,ENG,MF,22-029,2002,0.0,0,0.0,0,0,0,0,0,0,0,0.0,0,0,0,0,0,0
ENG-Premier League,2425,Fulham,Joachim Andersen,DEN,DF,28-206,1996,7.7,6,0.79,3,0,0,3,0,0,0,0.0,0,0,0,0,0,0
ENG-Premier League,2425,Fulham,Jorge Cuenca,ESP,DF,25-036,1999,1.0,0,0.0,0,0,0,0,0,0,0,0.0,0,0,0,0,0,0
ENG-Premier League,2425,Fulham,Joshua King,ENG,MF,17-355,2007,0.8,2,2.5,2,0,0,0,0,0,0,0.0,0,0,0,0,0,0
ENG-Premier League,2425,Fulham,Kenny Tete,NED,DF,29-075,1995,14.0,23,1.64,16,0,2,3,2,0,3,0.21,3,0,0,0,0,0
ENG-Premier League,2425,Fulham,Martial Godo,ENG,FW,21-284,2003,0.2,0,0.0,0,0,0,0,0,0,0,0.0,0,0,0,0,0,0
ENG-Premier League,2425,Fulham,Raúl Jiménez,MEX,FW,33-232,1991,11.1,23,2.08,15,1,0,3,3,1,4,0.36,3,0,0,0,0,1
ENG-Premier League,2425,Fulham,Reiss Nelson,ENG,FW,25-013,1999,5.4,31,5.73,21,2,3,4,0,1,1,0.18,1,0,0,0,0,0
ENG-Premier League,2425,Fulham,Rodrigo Muniz,BRA,FW,23-233,2001,5.9,9,1.52,6,0,1,0,1,1,0,0.0,0,0,0,0,0,0
ENG-Premier League,2425,Fulham,Ryan Sessegnon,ENG,MF,24-219,2000,0.1,0,0.0,0,0,0,0,0,0,0,0.0,0,0,0,0,0,0
ENG-Premier League,2425,Fulham,Sander Berge,NOR,MF,26-313,1998,10.6,17,1.6,15,0,0,0,0,2,1,0.09,1,0,0,0,0,0
ENG-Premier League,2425,Fulham,Saša Lukić,SRB,MF,28-132,1996,9.9,18,1.82,13,3,0,1,0,1,0,0.0,0,0,0,0,0,0
ENG-Premier League,2425,Fulham,Timothy Castagne,BEL,DF,29-018,1995,3.0,3,0.99,2,0,0,1,0,0,0,0.0,0,0,0,0,0,0
ENG-Premier League,2425,Fulham,Tom Cairney,SCO,MF,33-338,1991,2.8,17,6.05,16,1,0,0,0,0,2,0.71,2,0,0,0,0,0
ENG-Premier League,2425,Ipswich Town,Ali Al Hamadi,IRQ,FW,22-297,2002,1.3,8,6.05,4,0,3,0,1,0,0,0.0,0,0,0,0,0,0
ENG-Premier League,2425,Ipswich Town,Arijanet Muric,KVX,GK,26-046,1998,16.0,1,0.06,0,1,0,0,0,0,0,0.0,0,0,0,0,0,0
ENG-Premier League,2425,Ipswich Town,Axel Tuanzebe,COD,DF,27-039,1997,8.6,6,0.7,5,1,0,0,0,0,0,0.0,0,0,0,0,0,0
ENG-Premier League,2425,Ipswich Town,Ben Johnson,ENG,"DF,FW",24-334,2000,5.7,10,1.75,6,2,0,0,2,0,2,0.35,2,0,0,0,0,0
ENG-Premier League,2425,Ipswich Town,Cameron Burgess,AUS,DF,29-063,1995,9.0,5,0.56,5,0,0,0,0,0,2,0.22,2,0,0,0,0,0
ENG-Premier League,2425,Ipswich Town,Chiedozie Ogbene,IRL,FW,27-236,1997,2.6,3,1.13,2,0,0,0,1,0,0,0.0,0,0,0,0,0,0
ENG-Premier League,2425,Ipswich Town,Christian Walton,ENG,GK,29-044,1995,1.0,0,0.0,0,0,0,0,0,0,0,0.0,0,0,0,0,0,0
ENG-Premier League,2425,Ipswich Town,Conor Chaplin,ENG,"MF,FW",27-311,1997,6.8,18,2.65,17,1,0,0,0,0,1,0.15,1,0,0,0,0,0
ENG-Premier League,2425,Ipswich Town,Conor Townsend,ENG,MF,31-294,1993,0.0,0,0.0,0,0,0,0,0,0,0,0.0,0,0,0,0,0,0
ENG-Premier League,2425,Ipswich Town,Dara O'Shea,IRL,DF,25-294,1999,13.7,10,0.73,8,0,0,1,0,1,1,0.07,1,0,0,0,0,0
ENG-Premier League,2425,Ipswich Town,George Edmundson,ENG,DF,27-114,1997,0.0,0,0.0,0,0,0,0,0,0,0,0.0,0,0,0,0,0,0
ENG-Premier League,2425,Ipswich Town,George Hirst,ENG,FW,25-312,1999,2.0,6,3.0,5,0,0,1,0,0,2,1.0,1,0,0,1,0,0
ENG-Premier League,2425,Ipswich Town,Harry Clarke,ENG,DF,23-296,2001,4.2,1,0.24,1,0,0,0,0,0,0,0.0,0,0,0,0,0,0
ENG-Premier League,2425,Ipswich Town,Jack Clarke,ENG,FW,24-030,2000,5.6,17,3.04,15,1,1,0,0,0,2,0.36,1,1,0,0,0,0
ENG-Premier League,2425,Ipswich Town,Jack Taylor,IRL,MF,26-183,1998,3.7,17,4.55,12,1,1,2,0,1,1,0.27,1,0,0,0,0,0
ENG-Premier League,2425,Ipswich Town,Jacob Greaves,ENG,DF,24-102,2000,8.0,0,0.0,0,0,0,0,0,0,0,0.0,0,0,0,0,0,0
ENG-Premier League,2425,Ipswich Town,Jens Cajuste,SWE,MF,25-135,1999,6.7,11,1.63,9,0,2,0,0,0,0,0.0,0,0,0,0,0,0
ENG-Premier League,2425,Ipswich Town,Kalvin Phillips,ENG,MF,29-021,1995,6.3,10,1.59,8,1,0,1,0,0,2,0.32,2,0,0,0,0,0
ENG-Premier League,2425,Ipswich Town,Leif Davis,ENG,DF,24-346,2000,17.0,61,3.59,27,29,3,2,0,0,3,0.18,2,0,1,0,0,0
ENG-Premier League,2425,Ipswich Town,Liam Delap,ENG,FW,21-319,2003,13.2,32,2.43,18,0,5,1,6,2,2,0.15,1,0,1,0,0,0
ENG-Premier League,2425,Ipswich Town,Luke Woolfenden,ENG,DF,26-063,1998,4.2,0,0.0,0,0,0,0,0,0,0,0.0,0,0,0,0,0,0
ENG-Premier League,2425,Ipswich Town,Marcus Harness,ENG,MF,28-303,1996,0.5,2,4.0,2,0,0,0,0,0,0,0.0,0,0,0,0,0,0
ENG-Premier League,2425,Ipswich Town,Massimo Luongo,AUS,MF,32-089,1992,1.6,0,0.0,0,0,0,0,0,0,0,0.0,0,0,0,0,0,0
ENG-Premier League,2425,Ipswich Town,Nathan Broadhead,WAL,"FW,MF",26-262,1998,0.6,2,3.6,2,0,0,0,0,0,0,0.0,0,0,0,0,0,0
ENG-Premier League,2425,Ipswich Town,Omari Hutchinson,ENG,"MF,FW",21-054,2003,15.1,39,2.59,27,0,7,2,2,1,4,0.27,4,0,0,0,0,0
ENG-Premier League,2425,Ipswich Town,Sam Morsy,EGY,MF,33-104,1991,15.9,27,1.7,25,2,0,0,0,0,1,0.06,1,0,0,0,0,0
ENG-Premier League,2425,Ipswich Town,Sammie Szmodics,IRL,FW,29-090,1995,9.1,9,0.98,7,0,1,1,0,0,0,0.0,0,0,0,0,0,0
ENG-Premier League,2425,Ipswich Town,Wes Burns,WAL,FW,30-030,1994,8.1,13,1.6,10,0,0,1,2,0,1,0.12,1,0,0,0,0,0
ENG-Premier League,2425,Leicester City,Abdul Fatawu Issahaku,GHA,FW,20-290,2004,6.4,17,2.64,10,0,2,1,4,0,3,0.47,2,0,0,1,0,0
ENG-Premier League,2425,Leicester City,Bilal El Khannouss,MAR,"MF,FW",20-227,2004,6.3,15,2.39,13,2,0,0,0,0,1,0.16,1,0,0,0,0,0
ENG-Premier League,2425,Leicester City,Bobby Reid,JAM,"FW,MF",31-325,1993,3.1,6,1.95,2,0,0,2,2,0,2,0.65,0,0,0,1,1,0
ENG-Premier League,2425,Leicester City,Boubakary Soumaré,FRA,MF,25-300,1999,6.3,12,1.91,9,0,1,0,2,0,0,0.0,0,0,0,0,0,0
ENG-Premier League,2425,Leicester City,Caleb Okoli,ITA,DF,23-163,2001,8.7,2,0.23,2,0,0,0,0,0,0,0.0,0,0,0,0,0,0
ENG-Premier League,2425,Leicester City,Conor Coady,ENG,DF,31-302,1993,5.1,3,0.59,3,0,0,0,0,0,0,0.0,0,0,0,0,0,0
ENG-Premier League,2425,Leicester City,Danny Ward,WAL,GK,31-184,1993,1.5,0,0.0,0,0,0,0,0,0,0,0.0,0,0,0,0,0,0
ENG-Premier League,2425,Leicester City,Facundo Buonanotte,ARG,"MF,FW",20-000,2004,10.2,37,3.61,19,9,8,1,0,0,4,0.39,1,2,1,0,0,0
ENG-Premier League,2425,Leicester City,Hamza Choudhury,ENG,"MF,DF",27-083,1997,1.2,3,2.43,2,0,1,0,0,0,0,0.0,0,0,0,0,0,0
ENG-Premier League,2425,Leicester City,Harry Winks,ENG,MF,28-325,1996,10.1,28,2.77,21,7,0,0,0,0,3,0.3,2,1,0,0,0,0
ENG-Premier League,2425,Leicester City,James Justin,ENG,DF,26-304,1998,15.5,17,1.1,12,1,0,0,4,0,1,0.06,1,0,0,0,0,0
ENG-Premier League,2425,Leicester City,Jamie Vardy,ENG,FW,37-347,1987,14.2,22,1.55,15,0,3,1,3,0,8,0.56,4,0,2,0,2,0
ENG-Premier League,2425,Leicester City,Jannik Vestergaard,DEN,DF,32-142,1992,7.7,1,0.13,1,0,0,0,0,0,0,0.0,0,0,0,0,0,0
ENG-Premier League,2425,Leicester City,Jordan Ayew,GHA,"FW,MF",33-103,1991,8.2,11,1.34,8,2,0,1,0,0,1,0.12,1,0,0,0,0,0
ENG-Premier League,2425,Leicester City,Kasey McAteer,IRL,"FW,MF",23-031,2001,3.7,8,2.16,7,0,0,0,1,0,1,0.27,1,0,0,0,0,0
ENG-Premier League,2425,Leicester City,Luke Thomas,ENG,DF,23-196,2001,1.0,1,1.0,1,0,0,0,0,0,0,0.0,0,0,0,0,0,0
ENG-Premier League,2425,Leicester City,Mads Hermansen,DEN,GK,24-165,2000,15.5,2,0.13,2,0,0,0,0,0,0,0.0,0,0,0,0,0,0
ENG-Premier League,2425,Leicester City,Odsonne Édouard,FRA,FW,26-342,1998,0.3,2,6.21,2,0,0,0,0,0,0,0.0,0,0,0,0,0,0
ENG-Premier League,2425,Leicester City,Oliver Skipp,ENG,MF,24-098,2000,7.6,9,1.19,7,1,0,0,1,0,0,0.0,0,0,0,0,0,0
ENG-Premier League,2425,Leicester City,Patson Daka,ZAM,"FW,MF",26-075,1998,1.2,1,0.8,0,0,1,0,0,0,1,0.8,0,0,1,0,0,0
ENG-Premier League,2425,Leicester City,Ricardo Pereira,POR,DF,31-078,1993,1.6,2,1.23,2,0,0,0,0,0,0,0.0,0,0,0,0,0,0
ENG-Premier League,2425,Leicester City,Stephy Mavididi,ENG,FW,26-206,1998,9.4,30,3.17,25,2,2,1,0,0,6,0.63,5,0,1,0,0,0
ENG-Premier League,2425,Leicester City,Victor Bernth Kristiansen,DEN,DF,22-007,2002,14.5,23,1.58,16,5,0,0,2,0,3,0.21,3,0,0,0,0,0
ENG-Premier League,2425,Leicester City,Wilfred Ndidi,NGA,MF,28-007,1996,13.5,16,1.19,14,0,1,1,0,0,3,0.22,3,0,0,0,0,0
ENG-Premier League,2425,Leicester City,Wout Faes,BEL,DF,26-264,1998,14.0,5,0.36,3,0,0,1,0,1,0,0.0,0,0,0,0,0,0
ENG-Premier League,2425,Liverpool,Alexis Mac Allister,ARG,MF,25-365,1998,11.7,45,3.85,36,5,1,1,1,1,3,0.26,3,0,0,0,0,0
ENG-Premier League,2425,Liverpool,Alisson,BRA,GK,32-082,1992,7.9,2,0.25,2,0,0,0,0,0,0,0.0,0,0,0,0,0,0
ENG-Premier League,2425,Liverpool,Andrew Robertson,SCO,DF,30-287,1994,12.6,32,2.54,27,4,0,0,0,1,0,0.0,0,0,0,0,0,0
ENG-Premier League,2425,Liverpool,Caoimhín Kelleher,IRL,GK,26-030,1998,8.0,3,0.37,3,0,0,0,0,0,1,0.12,1,0,0,0,0,0
ENG-Premier League,2425,Liverpool,Cody Gakpo,NED,FW,25-230,1999,8.4,31,3.69,23,0,1,4,2,1,1,0.12,1,0,0,0,0,0
ENG-Premier League,2425,Liverpool,Conor Bradley,NIR,DF,21-167,2003,2.6,6,2.3,4,0,1,0,1,0,1,0.38,1,0,0,0,0,0
ENG-Premier League,2425,Liverpool,Curtis Jones,ENG,MF,23-328,2001,7.3,12,1.64,11,0,0,0,1,0,3,0.41,2,0,0,0,1,0
ENG-Premier League,2425,Liverpool,Darwin Núñez,URU,FW,25-182,1999,7.2,18,2.5,11,0,4,0,1,2,3,0.42,3,0,0,0,0,0
ENG-Premier League,2425,Liverpool,Diogo Jota,POR,FW,28-019,1996,5.9,15,2.56,9,0,3,2,1,0,4,0.68,2,0,1,0,1,0
ENG-Premier League,2425,Liverpool,Dominik Szoboszlai,HUN,MF,24-059,2000,12.4,51,4.11,39,3,2,5,1,1,8,0.64,6,0,0,2,0,0
ENG-Premier League,2425,Liverpool,Federico Chiesa,ITA,FW,27-059,1997,0.2,2,9.47,2,0,0,0,0,0,0,0.0,0,0,0,0,0,0
ENG-Premier League,2425,Liverpool,Harvey Elliott,ENG,"FW,DF",21-263,2003,0.3,2,7.2,0,2,0,0,0,0,0,0.0,0,0,0,0,0,0
ENG-Premier League,2425,Liverpool,Ibrahima Konaté,FRA,DF,25-212,1999,10.8,8,0.74,6,0,0,2,0,0,2,0.18,2,0,0,0,0,0
ENG-Premier League,2425,Liverpool,Jarell Quansah,ENG,DF,21-329,2003,1.9,0,0.0,0,0,0,0,0,0,0,0.0,0,0,0,0,0,0
ENG-Premier League,2425,Liverpool,Joe Gomez,ENG,DF,27-214,1997,4.4,3,0.69,3,0,0,0,0,0,1,0.23,1,0,0,0,0,0
ENG-Premier League,2425,Liverpool,Kostas Tsimikas,GRE,DF,28-225,1996,2.6,8,3.1,5,3,0,0,0,0,1,0.39,1,0,0,0,0,0
ENG-Premier League,2425,Liverpool,Luis Díaz,COL,FW,27-345,1997,10.7,55,5.12,39,0,9,5,2,0,9,0.84,7,0,1,0,1,0
ENG-Premier League,2425,Liverpool,Mohamed Salah,EGY,FW,32-191,1992,15.6,70,4.49,48,1,9,7,3,2,12,0.77,11,0,0,1,0,0
ENG-Premier League,2425,Liverpool,Ryan Gravenberch,NED,MF,22-221,2002,15.7,24,1.53,21,0,1,1,0,1,5,0.32,5,0,0,0,0,0
ENG-Premier League,2425,Liverpool,Trent Alexander-Arnold,ENG,DF,26-077,1998,12.6,45,3.58,34,10,1,0,0,0,8,0.64,7,1,0,0,0,0
ENG-Premier League,2425,Liverpool,Virgil van Dijk,NED,DF,33-168,1991,16.0,18,1.13,14,0,0,1,1,2,3,0.19,3,0,0,0,0,0
ENG-Premier League,2425,Liverpool,Vitezslav Jaros,CZE,GK,23-153,2001,0.1,0,0.0,0,0,0,0,0,0,0,0.0,0,0,0,0,0,0
ENG-Premier League,2425,Liverpool,Wataru Endo,JPN,MF,31-318,1993,0.3,1,3.91,1,0,0,0,0,0,0,0.0,0,0,0,0,0,0
ENG-Premier League,2425,Manchester City,Bernardo Silva,POR,"MF,FW",30-135,1994,15.3,59,3.86,53,1,4,0,1,0,7,0.46,7,0,0,0,0,0
ENG-Premier League,2425,Manchester City,Ederson,BRA,GK,31-128,1993,13.0,3,0.23,3,0,0,0,0,0,1,0.08,1,0,0,0,0,0
ENG-Premier League,2425,Manchester City,Erling Haaland,NOR,FW,24-155,2000,17.0,32,1.88,21,0,4,6,1,0,5,0.29,2,0,2,1,0,0
ENG-Premier League,2425,Manchester City,Jack Grealish,ENG,"FW,MF",29-104,1995,6.4,39,6.11,34,1,3,0,0,1,2,0.31,1,0,0,0,0,1
ENG-Premier League,2425,Manchester City,Jahmai Simpson-Pusey,ENG,DF,19-049,2005,1.0,0,0.0,0,0,0,0,0,0,0,0.0,0,0,0,0,0,0
ENG-Premier League,2425,Manchester City,James Mcatee,ENG,"FW,MF",22-066,2002,0.0,0,0.0,0,0,0,0,0,0,0,0.0,0,0,0,0,0,0
ENG-Premier League,2425,Manchester City,Jeremy Doku,BEL,"FW,MF",22-210,2002,6.9,28,4.04,22,1,4,1,0,0,3,0.43,2,0,1,0,0,0
ENG-Premier League,2425,Manchester City,John Stones,ENG,"DF,MF",30-209,1994,3.7,7,1.9,7,0,0,0,0,0,1,0.27,1,0,0,0,0,0
ENG-Premier League,2425,Manchester City,Joško Gvardiol,CRO,DF,22-335,2002,15.5,37,2.39,35,0,1,1,0,0,3,0.19,2,0,1,0,0,0
ENG-Premier League,2425,Manchester City,Kevin De Bruyne,BEL,MF,33-178,1991,7.0,51,7.31,33,14,1,2,0,1,4,0.57,2,1,0,1,0,0
ENG-Premier League,2425,Manchester City,Kyle Walker,ENG,DF,34-209,1990,10.2,16,1.57,16,0,0,0,0,0,0,0.0,0,0,0,0,0,0
ENG-Premier League,2425,Manchester City,Manuel Akanji,SUI,DF,29-157,1995,12.2,25,2.05,25,0,0,0,0,0,1,0.08,1,0,0,0,0,0
ENG-Premier League,2425,Manchester City,Mateo Kovačić,CRO,MF,30-231,1994,10.9,34,3.11,27,0,3,3,1,0,4,0.37,2,0,1,1,0,0
ENG-Premier League,2425,Manchester City,Matheus Nunes,POR,"MF,FW",26-118,1998,5.9,23,3.91,17,1,2,1,2,0,4,0.68,3,0,1,0,0,0
ENG-Premier League,2425,Manchester City,Nathan Aké,NED,DF,29-309,1995,3.3,4,1.2,4,0,0,0,0,0,0,0.0,0,0,0,0,0,0
ENG-Premier League,2425,Manchester City,Phil Foden,ENG,"MF,FW",24-209,2000,9.0,49,5.44,30,11,2,4,2,0,4,0.44,1,1,0,2,0,0
ENG-Premier League,2425,Manchester City,Rico Lewis,ENG,"DF,MF",20-032,2004,12.4,20,1.62,19,0,0,0,1,0,2,0.16,2,0,0,0,0,0
ENG-Premier League,2425,Manchester City,Rodri,ESP,MF,28-184,1996,0.7,2,2.77,2,0,0,0,0,0,0,0.0,0,0,0,0,0,0
ENG-Premier League,2425,Manchester City,Rúben Dias,POR,DF,27-223,1997,12.1,17,1.41,11,0,0,4,0,2,0,0.0,0,0,0,0,0,0
ENG-Premier League,2425,Manchester City,Stefan Ortega,GER,GK,32-047,1992,4.0,0,0.0,0,0,0,0,0,0,0,0.0,0,0,0,0,0,0
ENG-Premier League,2425,Manchester City,Sávio,BRA,"FW,MF",20-257,2004,8.1,53,6.53,37,2,6,2,5,1,5,0.62,2,0,1,0,1,1
ENG-Premier League,2425,Manchester City,İlkay Gündoğan,GER,MF,34-060,1990,12.4,40,3.23,33,3,3,1,0,0,3,0.24,3,0,0,0,0,0
ENG-Premier League,2425,Manchester Utd,Alejandro Garnacho,ARG,"FW,MF",20-175,2004,10.9,31,2.86,24,1,2,2,2,0,2,0.18,1,0,0,1,0,0
ENG-Premier League,2425,Manchester Utd,Amad Diallo,CIV,"FW,DF",22-165,2002,10.8,57,5.26,38,6,5,1,4,3,13,1.2,6,0,3,0,1,3
ENG-Premier League,2425,Manchester Utd,André Onana,CMR,GK,28-265,1996,17.0,4,0.24,3,1,0,0,0,0,0,0.0,0,0,0,0,0,0
ENG-Premier League,2425,Manchester Utd,Antony,BRA,"FW,MF",24-303,2000,0.6,3,5.09,2,0,0,0,1,0,0,0.0,0,0,0,0,0,0
ENG-Premier League,2425,Manchester Utd,Bruno Fernandes,POR,"MF,FW",30-106,1994,15.9,77,4.85,58,10,3,1,4,1,6,0.38,5,1,0,0,0,0
ENG-Premier League,2425,Manchester Utd,Casemiro,BRA,MF,32-304,1992,8.3,36,4.35,33,1,0,2,0,0,3,0.36,3,0,0,0,0,0
ENG-Premier League,2425,Manchester Utd,Christian Eriksen,DEN,MF,32-313,1992,5.6,25,4.43,16,9,0,0,0,0,5,0.89,3,2,0,0,0,0
ENG-Premier League,2425,Manchester Utd,Diogo Dalot,POR,DF,25-280,1999,16.6,30,1.8,25,1,3,0,0,1,1,0.06,1,0,0,0,0,0
ENG-Premier League,2425,Manchester Utd,Harry Maguire,ENG,DF,31-293,1993,6.0,5,0.83,5,0,0,0,0,0,0,0.0,0,0,0,0,0,0
ENG-Premier League,2425,Manchester Utd,Jonny Evans,NIR,DF,36-355,1988,3.2,2,0.62,2,0,0,0,0,0,0,0.0,0,0,0,0,0,0
ENG-Premier League,2425,Manchester Utd,Joshua Zirkzee,NED,"FW,MF",23-215,2001,7.3,19,2.59,18,0,0,1,0,0,2,0.27,1,0,0,1,0,0
ENG-Premier League,2425,Manchester Utd,Kobbie Mainoo,ENG,MF,19-248,2005,10.1,17,1.69,13,0,3,0,1,0,1,0.1,1,0,0,0,0,0
ENG-Premier League,2425,Manchester Utd,Leny Yoro,FRA,DF,19-040,2005,1.7,1,0.58,0,0,0,1,0,0,0,0.0,0,0,0,0,0,0
ENG-Premier League,2425,Manchester Utd,Lisandro Martínez,ARG,DF,26-340,1998,13.8,18,1.3,16,0,0,1,0,1,1,0.07,1,0,0,0,0,0
ENG-Premier League,2425,Manchester Utd,Luke Shaw,ENG,DF,29-164,1995,0.8,0,0.0,0,0,0,0,0,0,0,0.0,0,0,0,0,0,0
ENG-Premier League,2425,Manchester Utd,Manuel Ugarte Ribeiro,URU,MF,23-256,2001,7.2,15,2.08,11,0,0,1,1,2,0,0.0,0,0,0,0,0,0
ENG-Premier League,2425,Manchester Utd,Marcus Rashford,ENG,"FW,MF",27-053,1997,10.9,29,2.67,24,1,2,2,0,0,1,0.09,1,0,0,0,0,0
ENG-Premier League,2425,Manchester Utd,Mason Mount,ENG,"MF,FW",25-348,1999,2.7,8,2.91,5,2,0,1,0,0,0,0.0,0,0,0,0,0,0
ENG-Premier League,2425,Manchester Utd,Matthijs de Ligt,NED,DF,25-133,1999,12.7,5,0.4,5,0,0,0,0,0,0,0.0,0,0,0,0,0,0
ENG-Premier League,2425,Manchester Utd,Noussair Mazraoui,MAR,DF,27-039,1997,13.9,18,1.3,17,0,0,0,1,0,1,0.07,1,0,0,0,0,0
ENG-Premier League,2425,Manchester Utd,Rasmus Højlund,DEN,FW,21-323,2003,8.0,17,2.12,11,0,2,1,3,0,1,0.12,0,0,0,0,1,0
ENG-Premier League,2425,Manchester Utd,Scott McTominay,SCO,MF,28-015,1996,0.2,1,4.74,0,0,0,1,0,0,0,0.0,0,0,0,0,0,0
ENG-Premier League,2425,Manchester Utd,Toby Collyer,ENG,MF,20-355,2004,0.5,2,4.0,2,0,0,0,0,0,0,0.0,0,0,0,0,0,0
ENG-Premier League,2425,Manchester Utd,Tyrell Malacia,NED,DF,25-128,1999,1.0,2,2.0,1,0,0,0,1,0,0,0.0,0,0,0,0,0,0
ENG-Premier League,2425,Manchester Utd,Victor Lindelöf,SWE,"DF,MF",30-159,1994,0.7,2,2.9,2,0,0,0,0,0,0,0.0,0,0,0,0,0,0
ENG-Premier League,2425,Newcastle Utd,Alexander Isak,SWE,FW,25-093,1999,13.3,48,3.6,36,1,4,4,1,2,6,0.45,5,0,0,0,0,1
ENG-Premier League,2425,Newcastle Utd,Anthony Gordon,ENG,FW,23-303,2001,14.1,68,4.81,48,7,7,2,4,0,9,0.64,6,1,1,0,1,0
ENG-Premier League,2425,Newcastle Utd,Bruno Guimarães,BRA,MF,27-037,1997,16.4,50,3.05,43,1,2,0,3,1,6,0.37,5,1,0,0,0,0
ENG-Premier League,2425,Newcastle Utd,Callum Wilson,ENG,"FW,MF",32-300,1992,0.7,1,1.48,0,0,0,0,1,0,0,0.0,0,0,0,0,0,0
ENG-Premier League,2425,Newcastle Utd,Dan Burn,ENG,DF,32-228,1992,16.0,8,0.5,5,1,0,1,1,0,2,0.12,1,1,0,0,0,0
ENG-Premier League,2425,Newcastle Utd,Emil Krafth,SWE,DF,30-143,1994,2.7,3,1.12,2,0,0,1,0,0,0,0.0,0,0,0,0,0,0
ENG-Premier League,2425,Newcastle Utd,Fabian Schär,SUI,DF,33-003,1991,14.3,11,0.77,9,0,0,0,1,1,2,0.14,2,0,0,0,0,0
ENG-Premier League,2425,Newcastle Utd,Harvey Barnes,ENG,FW,27-014,1997,8.3,30,3.59,20,1,3,2,4,0,4,0.48,2,0,1,0,1,0
ENG-Premier League,2425,Newcastle Utd,Jacob Murphy,ENG,FW,29-303,1995,8.6,31,3.6,25,4,1,0,1,0,6,0.7,6,0,0,0,0,0
ENG-Premier League,2425,Newcastle Utd,Joe Willock,ENG,"MF,FW",25-125,1999,5.8,21,3.61,19,0,1,1,0,0,2,0.34,2,0,0,0,0,0
ENG-Premier League,2425,Newcastle Utd,Joelinton,BRA,"MF,FW",28-131,1996,14.7,36,2.45,29,2,0,3,0,2,3,0.2,3,0,0,0,0,0
ENG-Premier League,2425,Newcastle Utd,Kieran Trippier,ENG,DF,34-095,1990,3.9,16,4.13,9,6,0,1,0,0,0,0.0,0,0,0,0,0,0
ENG-Premier League,2425,Newcastle Utd,Lewis Hall,ENG,DF,20-106,2004,14.6,41,2.8,31,9,0,0,1,0,3,0.2,3,0,0,0,0,0
ENG-Premier League,2425,Newcastle Utd,Lewis Miley,ENG,MF,18-236,2006,0.1,0,0.0,0,0,0,0,0,0,0,0.0,0,0,0,0,0,0
ENG-Premier League,2425,Newcastle Utd,Lloyd Kelly,ENG,DF,26-078,1998,3.3,2,0.6,2,0,0,0,0,0,1,0.3,1,0,0,0,0,0
ENG-Premier League,2425,Newcastle Utd,Martin Dúbravka,SVK,GK,35-343,1989,2.0,0,0.0,0,0,0,0,0,0,0,0.0,0,0,0,0,0,0
ENG-Premier League,2425,Newcastle Utd,Miguel Almirón,PAR,FW,30-317,1994,1.6,4,2.55,4,0,0,0,0,0,0,0.0,0,0,0,0,0,0
ENG-Premier League,2425,Newcastle Utd,Nick Pope,ENG,GK,32-248,1992,15.0,3,0.2,3,0,0,0,0,0,0,0.0,0,0,0,0,0,0
ENG-Premier League,2425,Newcastle Utd,Sandro Tonali,ITA,MF,24-229,2000,9.2,21,2.27,14,1,1,2,2,1,3,0.32,3,0,0,0,0,0
ENG-Premier League,2425,Newcastle Utd,Sean Longstaff,ENG,MF,27-054,1997,7.9,14,1.76,12,0,1,1,0,0,2,0.25,1,0,0,1,0,0
ENG-Premier League,2425,Newcastle Utd,Valentino Livramento,ENG,DF,22-041,2002,13.3,17,1.28,17,0,0,0,0,0,0,0.0,0,0,0,0,0,0
ENG-Premier League,2425,Newcastle Utd,William Osula,DEN,"FW,MF",21-141,2003,0.3,1,3.0,1,0,0,0,0,0,0,0.0,0,0,0,0,0,0
ENG-Premier League,2425,Nott'ham Forest,Anthony Elanga,SWE,"FW,MF",22-240,2002,9.8,30,3.05,17,8,0,1,4,0,3,0.31,1,1,0,0,1,0
ENG-Premier League,2425,Nott'ham Forest,Callum Hudson-Odoi,ENG,"FW,MF",24-046,2000,13.7,63,4.61,47,3,7,3,3,0,5,0.37,3,0,0,0,2,0
ENG-Premier League,2425,Nott'ham Forest,Chris Wood,NZL,FW,33-016,1991,14.7,15,1.02,11,0,1,2,0,1,0,0.0,0,0,0,0,0,0
ENG-Premier League,2425,Nott'ham Forest,Danilo,BRA,MF,23-238,2001,0.2,0,0.0,0,0,0,0,0,0,0,0.0,0,0,0,0,0,0
ENG-Premier League,2425,Nott'ham Forest,Elliot Anderson,ENG,"MF,FW",22-047,2002,10.8,51,4.73,22,13,7,6,1,2,9,0.84,3,3,0,1,1,1
ENG-Premier League,2425,Nott'ham Forest,Eric da Silva Moreira,GER,"MF,DF",18-234,2006,0.3,0,0.0,0,0,0,0,0,0,0,0.0,0,0,0,0,0,0
ENG-Premier League,2425,Nott'ham Forest,Harry Toffolo,ENG,DF,29-126,1995,0.4,0,0.0,0,0,0,0,0,0,0,0.0,0,0,0,0,0,0
ENG-Premier League,2425,Nott'ham Forest,Ibrahim Sangaré,CIV,MF,27-021,1997,2.4,4,1.7,3,0,0,1,0,0,0,0.0,0,0,0,0,0,0
ENG-Premier League,2425,Nott'ham Forest,James Ward-Prowse,ENG,MF,30-052,1994,4.2,9,2.14,5,4,0,0,0,0,1,0.24,0,1,0,0,0,0
ENG-Premier League,2425,Nott'ham Forest,Jota Silva,POR,"FW,MF",25-144,1999,5.8,23,4.0,17,0,1,2,3,0,3,0.52,2,0,0,0,1,0
ENG-Premier League,2425,Nott'ham Forest,Matz Sels,BEL,GK,32-301,1992,17.0,3,0.18,1,2,0,0,0,0,0,0.0,0,0,0,0,0,0
ENG-Premier League,2425,Nott'ham Forest,Morato,BRA,DF,23-176,2001,2.9,2,0.68,2,0,0,0,0,0,0,0.0,0,0,0,0,0,0
ENG-Premier League,2425,Nott'ham Forest,Morgan Gibbs-White,ENG,MF,24-331,2000,11.2,46,4.11,40,0,2,3,1,0,6,0.54,5,0,0,1,0,0
ENG-Premier League,2425,Nott'ham Forest,Murillo,BRA,DF,22-172,2002,16.7,23,1.37,17,3,0,2,0,1,1,0.06,1,0,0,0,0,0
ENG-Premier League,2425,Nott'ham Forest,Neco Williams,WAL,DF,23-254,2001,8.2,19,2.32,16,0,0,2,1,0,2,0.24,2,0,0,0,0,0
ENG-Premier League,2425,Nott'ham Forest,Nicolás Domínguez,ARG,"MF,FW",26-178,1998,9.0,11,1.23,7,1,0,2,1,0,0,0.0,0,0,0,0,0,0
ENG-Premier League,2425,Nott'ham Forest,Nikola Milenković,SRB,DF,27-072,1997,16.0,10,0.62,8,0,0,1,0,1,2,0.12,2,0,0,0,0,0
ENG-Premier League,2425,Nott'ham Forest,Ola Aina,NGA,DF,28-076,1996,16.3,33,2.03,26,4,1,1,0,1,1,0.06,0,0,0,0,0,1
ENG-Premier League,2425,Nott'ham Forest,Ramón Sosa,PAR,"FW,MF",25-114,1999,1.7,11,6.6,9,0,2,0,0,0,0,0.0,0,0,0,0,0,0
ENG-Premier League,2425,Nott'ham Forest,Ryan Yates,ENG,MF,27-032,1997,13.5,26,1.92,18,0,0,6,1,1,1,0.07,0,0,0,1,0,0
ENG-Premier League,2425,Nott'ham Forest,Taiwo Awoniyi,NGA,FW,27-133,1997,2.3,4,1.75,3,0,0,0,1,0,0,0.0,0,0,0,0,0,0
ENG-Premier League,2425,Nott'ham Forest,Willy Boly,CIV,DF,33-324,1991,1.0,0,0.0,0,0,0,0,0,0,0,0.0,0,0,0,0,0,0
ENG-Premier League,2425,Nott'ham Forest,Álex Moreno,ESP,DF,31-198,1993,8.8,10,1.14,10,0,0,0,0,0,2,0.23,2,0,0,0,0,0
ENG-Premier League,2425,Southampton,Aaron Ramsdale,ENG,GK,26-223,1998,10.0,1,0.1,1,0,0,0,0,0,0,0.0,0,0,0,0,0,0
ENG-Premier League,2425,Southampton,Adam Armstrong,ENG,"FW,MF",27-317,1997,10.5,14,1.34,9,1,1,3,0,0,3,0.29,1,0,0,2,0,0
ENG-Premier League,2425,Southampton,Adam Lallana,ENG,MF,36-227,1988,3.5,7,2.0,6,0,0,0,1,0,2,0.57,2,0,0,0,0,0
ENG-Premier League,2425,Southampton,Alex McCarthy,ENG,GK,35-020,1989,4.0,0,0.0,0,0,0,0,0,0,0,0.0,0,0,0,0,0,0
ENG-Premier League,2425,Southampton,Ben Brereton,CHI,FW,25-249,1999,5.0,9,1.8,7,0,0,0,2,0,0,0.0,0,0,0,0,0,0
ENG-Premier League,2425,Southampton,Cameron Archer,ENG,FW,23-155,2001,10.0,10,1.01,4,0,2,3,1,0,0,0.0,0,0,0,0,0,0
ENG-Premier League,2425,Southampton,Carlos Alcaraz,ARG,MF,22-023,2002,0.1,1,9.0,1,0,0,0,0,0,0,0.0,0,0,0,0,0,0
ENG-Premier League,2425,Southampton,Charlie Taylor,ENG,DF,31-096,1993,2.5,2,0.81,2,0,0,0,0,0,1,0.41,1,0,0,0,0,0
ENG-Premier League,2425,Southampton,Flynn Downes,ENG,MF,25-338,1999,14.5,23,1.58,19,2,0,1,0,1,1,0.07,0,1,0,0,0,0
ENG-Premier League,2425,Southampton,Jack Stephens,ENG,DF,30-331,1994,8.8,10,1.13,10,0,0,0,0,0,0,0.0,0,0,0,0,0,0
ENG-Premier League,2425,Southampton,James Bree,ENG,DF,27-073,1997,1.6,3,1.84,1,2,0,0,0,0,0,0.0,0,0,0,0,0,0
ENG-Premier League,2425,Southampton,Jan Bednarek,POL,DF,28-255,1996,12.9,10,0.78,10,0,0,0,0,0,0,0.0,0,0,0,0,0,0
ENG-Premier League,2425,Southampton,Joe Aribo,NGA,MF,28-155,1996,10.7,18,1.69,16,0,0,1,1,0,0,0.0,0,0,0,0,0,0
ENG-Premier League,2425,Southampton,Joe Lumley,ENG,GK,29-312,1995,3.0,0,0.0,0,0,0,0,0,0,0,0.0,0,0,0,0,0,0
ENG-Premier League,2425,Southampton,Kamaldeen Sulemana,GHA,"FW,MF",22-312,2002,0.7,0,0.0,0,0,0,0,0,0,0,0.0,0,0,0,0,0,0
ENG-Premier League,2425,Southampton,Kyle Walker-Peters,ENG,DF,27-254,1997,14.9,22,1.48,11,1,3,3,2,2,4,0.27,3,0,1,0,0,0
ENG-Premier League,2425,Southampton,Lesley Ugochukwu,FRA,MF,20-272,2004,2.7,5,1.84,4,0,0,0,1,0,0,0.0,0,0,0,0,0,0
ENG-Premier League,2425,Southampton,Mateus Fernandes,POR,MF,20-166,2004,13.7,27,1.97,19,3,1,3,0,1,3,0.22,2,0,0,0,0,1
ENG-Premier League,2425,Southampton,Maxwel Cornet,CIV,FW,28-087,1996,0.8,0,0.0,0,0,0,0,0,0,0,0.0,0,0,0,0,0,0
ENG-Premier League,2425,Southampton,Nathan Wood-Gordon,ENG,DF,22-206,2002,3.8,1,0.26,1,0,0,0,0,0,0,0.0,0,0,0,0,0,0
ENG-Premier League,2425,Southampton,Paul Onuachu,NGA,FW,30-209,1994,1.3,1,0.78,1,0,0,0,0,0,0,0.0,0,0,0,0,0,0
ENG-Premier League,2425,Southampton,Ronnie Edwards,ENG,DF,21-270,2003,0.1,0,0.0,0,0,0,0,0,0,0,0.0,0,0,0,0,0,0
ENG-Premier League,2425,Southampton,Ross Stewart,SCO,"FW,MF",28-165,1996,1.5,2,1.36,1,0,0,1,0,0,0,0.0,0,0,0,0,0,0
ENG-Premier League,2425,Southampton,Ryan Fraser,SCO,"FW,DF",30-303,1994,3.4,5,1.49,5,0,0,0,0,0,0,0.0,0,0,0,0,0,0
ENG-Premier League,2425,Southampton,Ryan Manning,IRL,DF,28-192,1996,7.3,16,2.19,9,6,0,0,0,1,0,0.0,0,0,0,0,0,0
ENG-Premier League,2425,Southampton,Samuel Amo-Ameyaw,ENG,"FW,DF",18-158,2006,0.3,2,6.43,1,0,0,0,1,0,0,0.0,0,0,0,0,0,0
ENG-Premier League,2425,Southampton,Samuel Edozie,ENG,"DF,FW",21-330,2003,0.7,4,5.54,3,0,0,0,1,0,0,0.0,0,0,0,0,0,0
ENG-Premier League,2425,Southampton,Taylor Harwood-Bellis,ENG,DF,22-328,2002,14.6,15,1.03,12,0,0,2,1,0,2,0.14,1,0,0,1,0,0
ENG-Premier League,2425,Southampton,Tyler Dibling,ENG,"FW,MF",18-286,2006,10.8,36,3.32,21,1,8,2,4,0,3,0.28,2,0,1,0,0,0
ENG-Premier League,2425,Southampton,William Smallbone,IRL,MF,24-306,2000,2.7,9,3.36,7,1,0,1,0,0,0,0.0,0,0,0,0,0,0
ENG-Premier League,2425,Southampton,Yukinari Sugawara,JPN,DF,24-178,2000,9.7,27,2.78,21,4,1,1,0,0,1,0.1,1,0,0,0,0,0
ENG-Premier League,2425,Tottenham,Alfie Dorrington,ENG,DF,19-247,2005,0.2,0,0.0,0,0,0,0,0,0,0,0.0,0,0,0,0,0,0
ENG-Premier League,2425,Tottenham,Archie Gray,ENG,"DF,MF",18-286,2006,3.7,1,0.27,1,0,0,0,0,0,0,0.0,0,0,0,0,0,0
ENG-Premier League,2425,Tottenham,Ben Davies,WAL,DF,31-243,1993,3.0,0,0.0,0,0,0,0,0,0,0,0.0,0,0,0,0,0,0
ENG-Premier League,2425,Tottenham,Brennan Johnson,WAL,FW,23-214,2001,13.4,26,1.94,21,0,3,2,0,0,4,0.3,3,0,1,0,0,0
ENG-Premier League,2425,Tottenham,Cristian Romero,ARG,DF,26-240,1998,10.8,16,1.48,13,0,0,3,0,0,2,0.18,2,0,0,0,0,0
ENG-Premier League,2425,Tottenham,Dejan Kulusevski,SWE,"MF,FW",24-242,2000,14.7,80,5.45,58,10,8,1,3,0,6,0.41,5,0,1,0,0,0
ENG-Premier League,2425,Tottenham,Destiny Udogie,ITA,DF,22-025,2002,14.5,25,1.73,23,0,0,1,0,1,3,0.21,2,0,0,0,0,1
ENG-Premier League,2425,Tottenham,Djed Spence,ENG,DF,24-136,2000,2.6,5,1.95,3,0,1,1,0,0,3,1.17,2,0,1,0,0,0
ENG-Premier League,2425,Tottenham,Dominic Solanke,ENG,FW,27-100,1997,13.8,26,1.89,20,0,0,4,1,1,7,0.51,5,0,0,1,1,0
ENG-Premier League,2425,Tottenham,Fraser Forster,ENG,GK,36-281,1988,5.0,0,0.0,0,0,0,0,0,0,0,0.0,0,0,0,0,0,0
ENG-Premier League,2425,Tottenham,Guglielmo Vicario,ITA,GK,28-077,1996,12.0,3,0.25,3,0,0,0,0,0,0,0.0,0,0,0,0,0,0
ENG-Premier League,2425,Tottenham,James Maddison,ENG,MF,28-030,1996,12.0,61,5.08,43,7,4,3,4,0,13,1.08,9,1,2,1,0,0
ENG-Premier League,2425,Tottenham,Lucas Bergvall,SWE,MF,18-325,2006,2.3,5,2.2,3,2,0,0,0,0,1,0.44,1,0,0,0,0,0
ENG-Premier League,2425,Tottenham,Micky van de Ven,NED,DF,23-248,2001,8.8,9,1.03,6,0,0,2,1,0,2,0.23,2,0,0,0,0,0
ENG-Premier League,2425,Tottenham,Mikey Moore,ENG,FW,17-134,2007,0.9,5,5.29,3,2,0,0,0,0,0,0.0,0,0,0,0,0,0
ENG-Premier League,2425,Tottenham,Pape Matar Sarr,SEN,MF,22-100,2002,10.1,23,2.27,19,1,1,1,0,1,5,0.49,3,0,1,1,0,0
ENG-Premier League,2425,Tottenham,Pedro Porro,ESP,DF,25-101,1999,16.0,52,3.25,36,8,1,4,3,0,3,0.19,1,1,1,0,0,0
ENG-Premier League,2425,Tottenham,Radu Drăgușin,ROU,DF,22-324,2002,9.0,3,0.33,3,0,0,0,0,0,1,0.11,1,0,0,0,0,0
ENG-Premier League,2425,Tottenham,Richarlison,BRA,FW,27-227,1997,1.0,3,2.97,2,0,0,0,1,0,1,0.99,1,0,0,0,0,0
ENG-Premier League,2425,Tottenham,Rodrigo Bentancur,URU,MF,27-181,1997,5.9,15,2.52,10,0,1,3,0,1,0,0.0,0,0,0,0,0,0
ENG-Premier League,2425,Tottenham,Son Heung-min,KOR,FW,32-168,1992,11.8,65,5.49,51,3,8,1,2,0,9,0.76,9,0,0,0,0,0
ENG-Premier League,2425,Tottenham,Timo Werner,GER,"FW,MF",28-292,1996,4.5,14,3.07,11,0,1,1,1,0,3,0.66,3,0,0,0,0,0
ENG-Premier League,2425,Tottenham,Will Lankshear,ENG,FW,19-247,2005,0.1,0,0.0,0,0,0,0,0,0,0,0.0,0,0,0,0,0,0
ENG-Premier League,2425,Tottenham,Wilson Odobert,FRA,FW,20-025,2004,1.8,4,2.24,3,0,0,1,0,0,0,0.0,0,0,0,0,0,0
ENG-Premier League,2425,Tottenham,Yves Bissouma,MLI,MF,28-115,1996,9.2,12,1.31,11,0,0,0,0,1,0,0.0,0,0,0,0,0,0
ENG-Premier League,2425,West Ham,Aaron Cresswell,ENG,DF,35-008,1989,0.4,2,5.63,1,1,0,0,0,0,0,0.0,0,0,0,0,0,0
ENG-Premier League,2425,West Ham,Aaron Wan-Bissaka,ENG,DF,27-027,1997,15.0,44,2.92,34,2,4,2,0,2,3,0.2,2,0,0,1,0,0
ENG-Premier League,2425,West Ham,Alphonse Areola,FRA,GK,31-300,1993,7.5,1,0.13,0,1,0,0,0,0,0,0.0,0,0,0,0,0,0
ENG-Premier League,2425,West Ham,Andy Irving,SCO,MF,24-224,2000,0.6,1,1.73,1,0,0,0,0,0,0,0.0,0,0,0,0,0,0
ENG-Premier League,2425,West Ham,Carlos Soler,ESP,MF,27-356,1997,6.7,29,4.3,18,5,1,3,1,1,1,0.15,1,0,0,0,0,0
ENG-Premier League,2425,West Ham,Crysencio Summerville,NED,"FW,MF",23-054,2001,7.1,26,3.65,17,3,2,0,3,1,1,0.14,1,0,0,0,0,0
ENG-Premier League,2425,West Ham,Danny Ings,ENG,FW,32-153,1992,2.0,10,5.0,5,0,1,3,1,0,2,1.0,0,0,0,1,1,0
ENG-Premier League,2425,West Ham,Edson Álvarez,MEX,MF,27-060,1997,8.8,15,1.7,13,0,1,1,0,0,0,0.0,0,0,0,0,0,0
ENG-Premier League,2425,West Ham,Emerson Palmieri,ITA,DF,30-142,1994,13.1,28,2.14,15,10,0,2,1,0,1,0.08,0,1,0,0,0,0
ENG-Premier League,2425,West Ham,Guido Rodríguez,ARG,MF,30-255,1994,9.2,9,0.98,7,0,0,2,0,0,0,0.0,0,0,0,0,0,0
ENG-Premier League,2425,West Ham,James Ward-Prowse,ENG,MF,30-052,1994,0.2,0,0.0,0,0,0,0,0,0,0,0.0,0,0,0,0,0,0
ENG-Premier League,2425,West Ham,Jarrod Bowen,ENG,"FW,MF",28-003,1996,16.7,73,4.36,42,12,5,8,4,2,9,0.54,5,2,1,1,0,0
ENG-Premier League,2425,West Ham,Jean-Clair Todibo,FRA,DF,24-359,1999,7.7,4,0.52,3,0,0,0,0,1,0,0.0,0,0,0,0,0,0
ENG-Premier League,2425,West Ham,Kaelan Casey,ENG,DF,20-056,2004,0.0,0,0.0,0,0,0,0,0,0,0,0.0,0,0,0,0,0,0
ENG-Premier League,2425,West Ham,Konstantinos Mavropanos,GRE,DF,27-012,1997,11.1,11,0.99,8,0,0,2,0,1,0,0.0,0,0,0,0,0,0
ENG-Premier League,2425,West Ham,Lucas Paquetá,BRA,MF,27-118,1997,13.3,46,3.47,37,2,1,3,3,0,5,0.38,2,0,0,2,1,0
ENG-Premier League,2425,West Ham,Luis Guilherme,BRA,MF,18-318,2006,0.1,1,6.92,0,0,0,0,1,0,0,0.0,0,0,0,0,0,0
ENG-Premier League,2425,West Ham,Max Kilman,ENG,DF,27-214,1997,17.0,15,0.88,13,0,2,0,0,0,3,0.18,2,0,1,0,0,0
ENG-Premier League,2425,West Ham,Michail Antonio,JAM,FW,34-270,1990,9.3,22,2.37,14,0,1,5,1,1,4,0.43,0,0,0,4,0,0
ENG-Premier League,2425,West Ham,Mohammed Kudus,GHA,"MF,FW",24-143,2000,11.0,47,4.27,34,0,8,3,0,2,1,0.09,1,0,0,0,0,0
ENG-Premier League,2425,West Ham,Niclas Füllkrug,GER,FW,31-318,1993,1.9,4,2.13,4,0,0,0,0,0,0,0.0,0,0,0,0,0,0
ENG-Premier League,2425,West Ham,Oliver Scarles,ENG,DF,19-011,2005,0.4,0,0.0,0,0,0,0,0,0,0,0.0,0,0,0,0,0,0
ENG-Premier League,2425,West Ham,Tomáš Souček,CZE,MF,29-300,1995,12.9,29,2.24,21,0,0,5,2,1,2,0.15,1,0,0,0,1,0
ENG-Premier League,2425,West Ham,Vladimír Coufal,CZE,DF,32-123,1992,4.9,8,1.65,5,3,0,0,0,0,1,0.21,0,1,0,0,0,0
ENG-Premier League,2425,West Ham,Łukasz Fabiański,POL,GK,39-249,1985,9.5,3,0.32,2,1,0,0,0,0,0,0.0,0,0,0,0,0,0
ENG-Premier League,2425,Wolves,Alfie Pond,ENG,DF,20-297,2004,0.0,0,0.0,0,0,0,0,0,0,0,0.0,0,0,0,0,0,0
ENG-Premier League,2425,Wolves,André,BRA,MF,23-160,2001,9.1,14,1.54,13,0,0,0,0,1,1,0.11,1,0,0,0,0,0
ENG-Premier League,2425,Wolves,Carlos Forbs,POR,"MF,FW",20-279,2004,2.3,4,1.74,3,0,1,0,0,0,1,0.43,1,0,0,0,0,0
ENG-Premier League,2425,Wolves,Chiquinho,POR,MF,24-322,2000,0.1,2,25.71,2,0,0,0,0,0,0,0.0,0,0,0,0,0,0
ENG-Premier League,2425,Wolves,Craig Dawson,ENG,DF,34-231,1990,9.9,6,0.6,5,0,0,1,0,0,2,0.2,1,0,0,1,0,0
ENG-Premier League,2425,Wolves,Daniel Podence,POR,"MF,FW",29-063,1995,0.5,0,0.0,0,0,0,0,0,0,0,0.0,0,0,0,0,0,0
ENG-Premier League,2425,Wolves,Gonçalo Guedes,POR,"FW,MF",28-024,1996,3.8,13,3.42,12,0,1,0,0,0,6,1.58,5,0,1,0,0,0
ENG-Premier League,2425,Wolves,Hwang Hee-chan,KOR,"MF,FW",28-332,1996,3.7,6,1.6,6,0,0,0,0,0,1,0.27,1,0,0,0,0,0
ENG-Premier League,2425,Wolves,Jean-Ricner Bellegarde,FRA,"MF,FW",26-179,1998,8.1,23,2.85,13,1,2,2,3,2,4,0.5,3,0,0,0,0,1
ENG-Premier League,2425,Wolves,José Sá,POR,GK,31-341,1993,10.0,2,0.2,2,0,0,0,0,0,0,0.0,0,0,0,0,0,0
ENG-Premier League,2425,Wolves,João Gomes,BRA,MF,23-315,2001,15.1,25,1.66,21,1,2,0,0,1,2,0.13,2,0,0,0,0,0
ENG-Premier League,2425,Wolves,Jørgen Strand Larsen,NOR,FW,24-321,2000,15.5,21,1.35,16,1,0,2,2,0,3,0.19,3,0,0,0,0,0
ENG-Premier League,2425,Wolves,Mario Lemina,GAB,"MF,DF",31-113,1993,14.8,25,1.69,20,0,2,2,0,1,5,0.34,5,0,0,0,0,0
ENG-Premier League,2425,Wolves,Matheus Cunha,BRA,"MF,FW",25-210,1999,15.8,62,3.92,39,9,7,3,2,2,7,0.44,6,0,1,0,0,0
ENG-Premier League,2425,Wolves,Matt Doherty,IRL,DF,32-342,1992,5.9,12,2.02,8,2,0,1,1,0,2,0.34,2,0,0,0,0,0
ENG-Premier League,2425,Wolves,Nélson Semedo,POR,DF,31-037,1993,13.6,23,1.69,17,1,2,0,2,1,4,0.29,4,0,0,0,0,0
ENG-Premier League,2425,Wolves,Pablo Sarabia,ESP,"MF,FW",32-226,1992,2.0,5,2.49,1,3,1,0,0,0,1,0.5,0,0,1,0,0,0
ENG-Premier League,2425,Wolves,Rayan Aït-Nouri,ALG,DF,23-200,2001,15.2,35,2.3,24,2,4,3,1,1,5,0.33,3,1,0,0,0,1
ENG-Premier League,2425,Wolves,Rodrigo Gomes,POR,"DF,FW",21-169,2003,3.9,5,1.27,5,0,0,0,0,0,0,0.0,0,0,0,0,0,0
ENG-Premier League,2425,Wolves,Sam Johnstone,ENG,GK,31-273,1993,7.0,2,0.29,2,0,0,0,0,0,0,0.0,0,0,0,0,0,0
ENG-Premier League,2425,Wolves,Santiago Bueno,URU,DF,26-044,1998,8.8,6,0.68,5,1,0,0,0,0,2,0.23,2,0,0,0,0,0
ENG-Premier League,2425,Wolves,Tommy Doyle,ENG,MF,23-067,2001,3.8,14,3.73,9,3,1,1,0,0,2,0.53,1,0,1,0,0,0
ENG-Premier League,2425,Wolves,Toti Gomes,POR,DF,25-342,1999,13.0,9,0.69,9,0,0,0,0,0,1,0.08,1,0,0,0,0,0
ENG-Premier League,2425,Wolves,Yerson Mosquera,COL,DF,23-235,2001,4.9,5,1.02,5,0,0,0,0,0,0,0.0,0,0,0,0,0,0
