,,,,nation,pos,age,born,90s,Touches,Touches,Touches,Touches,Touches,Touches,Touches,Take-Ons,Take-Ons,Take-Ons,Take-Ons,Take-Ons,Carries,Carries,Carries,Carries,Carries,Carries,Carries,Carries,Receiving,Receiving
,,,,,,,,,Touches,Def Pen,Def 3rd,Mid 3rd,Att 3rd,Att Pen,Live,Att,Succ,Succ%,Tkld,Tkld%,Carries,TotDist,PrgDist,PrgC,1/3,CPA,Mis,Dis,Rec,PrgR
league,season,team,player,,,,,,,,,,,,,,,,,,,,,,,,,,,
ENG-Premier League,2425,Arsenal,Ben White,ENG,DF,27-076,1997,7.7,419,37,137,191,93,7,419,2,0,0.0,1,50.0,193,672,332,4,7,1,7,3,245,15
ENG-Premier League,2425,Arsenal,Bukayo Saka,ENG,"FW,MF",23-109,2001,14.1,733,6,40,163,536,115,732,73,33,45.2,29,39.7,463,3196,1846,72,19,37,24,35,526,195
ENG-Premier League,2425,Arsenal,David Raya,ESP,GK,29-099,1995,17.0,654,410,622,32,0,0,654,0,0,,0,,417,2072,1253,0,0,0,1,0,375,0
ENG-Premier League,2425,Arsenal,Declan Rice,ENG,MF,25-344,1999,13.3,849,34,151,399,306,29,849,14,6,42.9,7,50.0,437,2851,1542,41,27,7,13,12,550,40
ENG-Premier League,2425,Arsenal,Ethan Nwaneri,ENG,"MF,FW",17-277,2007,1.3,75,1,12,29,35,4,75,5,4,80.0,0,0.0,53,423,232,8,8,2,4,4,55,8
ENG-Premier League,2425,Arsenal,Gabriel Jesus,BRA,FW,27-264,1997,4.0,185,6,19,71,96,30,185,15,4,26.7,8,53.3,116,630,289,8,5,6,6,10,135,35
ENG-Premier League,2425,Arsenal,Gabriel Magalhães,BRA,DF,27-004,1997,14.1,1004,114,387,504,117,25,1004,4,4,100.0,0,0.0,580,2311,1417,5,8,0,3,2,747,8
ENG-Premier League,2425,Arsenal,Gabriel Martinelli,BRA,"FW,MF",23-188,2001,10.5,428,8,47,120,269,77,428,55,16,29.1,29,52.7,269,2159,1173,57,18,26,22,20,307,129
ENG-Premier League,2425,Arsenal,Jakub Kiwior,POL,DF,24-312,2000,3.6,202,31,91,103,8,0,202,2,1,50.0,1,50.0,94,333,153,1,0,0,0,0,138,0
ENG-Premier League,2425,Arsenal,Jorginho,ITA,MF,33-003,1991,4.4,288,2,47,177,68,1,288,2,1,50.0,0,0.0,166,916,538,8,7,0,4,7,215,2
ENG-Premier League,2425,Arsenal,Jurriën Timber,NED,DF,23-189,2001,13.5,764,30,157,386,226,36,764,26,13,50.0,11,42.3,380,1767,922,23,10,5,15,12,454,42
ENG-Premier League,2425,Arsenal,Kai Havertz,GER,"FW,MF",25-195,1999,15.4,564,27,77,210,282,72,564,31,7,22.6,19,61.3,286,1385,665,24,21,12,30,16,416,79
ENG-Premier League,2425,Arsenal,Leandro Trossard,BEL,FW,30-019,1994,10.2,437,11,66,138,243,57,437,35,13,37.1,19,54.3,266,1857,822,31,23,11,21,20,314,75
ENG-Premier League,2425,Arsenal,Martin Ødegaard,NOR,MF,26-006,1998,9.1,545,3,33,248,271,41,544,27,14,51.9,12,44.4,388,2168,1062,27,23,8,13,22,438,51
ENG-Premier League,2425,Arsenal,Mikel Merino,ESP,MF,28-184,1996,5.3,276,13,57,133,92,20,276,4,3,75.0,0,0.0,144,520,219,2,3,1,9,8,181,25
ENG-Premier League,2425,Arsenal,Myles Lewis-Skelly,ENG,DF,18-088,2006,1.6,108,1,21,61,28,1,108,2,1,50.0,0,0.0,65,275,135,2,0,0,1,1,84,2
ENG-Premier League,2425,Arsenal,Oleksandr Zinchenko,UKR,"DF,MF",28-008,1996,2.6,220,8,52,124,45,8,220,1,1,100.0,0,0.0,123,661,280,5,3,2,2,2,140,6
ENG-Premier League,2425,Arsenal,Raheem Sterling,ENG,"MF,FW",30-015,1994,1.6,70,0,1,17,52,15,70,9,6,66.7,1,11.1,51,424,263,10,4,10,2,6,54,19
ENG-Premier League,2425,Arsenal,Reiss Nelson,ENG,FW,25-013,1999,0.0,2,0,1,1,0,0,2,0,0,,0,,1,4,4,0,0,0,0,0,1,0
ENG-Premier League,2425,Arsenal,Riccardo Calafiori,ITA,DF,22-218,2002,6.0,367,24,111,144,115,14,367,8,6,75.0,1,12.5,159,859,457,8,6,2,9,1,205,13
ENG-Premier League,2425,Arsenal,Takehiro Tomiyasu,JPN,DF,26-048,1998,0.1,7,1,4,1,2,1,7,0,0,,0,,1,7,5,0,0,0,0,0,2,0
ENG-Premier League,2425,Arsenal,Thomas Partey,GHA,"MF,DF",31-193,1993,14.5,1024,40,216,562,251,14,1024,13,6,46.2,6,46.2,552,2547,1237,8,13,1,14,10,715,13
ENG-Premier League,2425,Arsenal,William Saliba,FRA,DF,23-274,2001,15.3,1240,87,505,693,47,11,1240,8,5,62.5,3,37.5,734,3307,1692,8,5,0,8,2,924,2
ENG-Premier League,2425,Aston Villa,Amadou Onana,BEL,MF,23-129,2001,9.0,488,38,141,273,84,14,488,11,7,63.6,3,27.3,261,1240,591,9,11,0,6,7,314,9
ENG-Premier League,2425,Aston Villa,Boubacar Kamara,FRA,MF,25-030,1999,4.8,280,18,76,174,34,1,280,8,2,25.0,3,37.5,130,615,279,4,3,0,3,3,192,2
ENG-Premier League,2425,Aston Villa,Diego Carlos,BRA,DF,31-283,1993,8.2,599,76,285,305,11,5,599,2,2,100.0,0,0.0,383,2002,1095,3,2,0,1,2,428,0
ENG-Premier League,2425,Aston Villa,Emi Buendía,ARG,"MF,FW",27-364,1996,0.5,48,0,8,25,16,0,48,0,0,,0,,32,121,85,2,5,0,2,1,38,5
ENG-Premier League,2425,Aston Villa,Emiliano Martínez,ARG,GK,32-112,1992,16.5,640,480,636,4,0,0,640,1,1,100.0,0,0.0,396,2098,1253,0,0,0,1,0,348,0
ENG-Premier League,2425,Aston Villa,Ezri Konsa,ENG,DF,27-061,1997,14.1,824,83,375,387,66,11,824,10,6,60.0,3,30.0,483,2507,1164,11,7,2,7,3,574,7
ENG-Premier League,2425,Aston Villa,Ian Maatsen,NED,DF,22-288,2002,3.2,244,12,60,96,91,15,244,8,3,37.5,5,62.5,126,687,355,8,4,4,9,6,141,26
ENG-Premier League,2425,Aston Villa,Jacob Ramsey,ENG,"FW,MF",23-209,2001,7.0,323,6,55,111,163,28,323,22,16,72.7,6,27.3,231,1575,761,28,17,11,11,7,258,54
ENG-Premier League,2425,Aston Villa,Jaden Philogene Bidace,ENG,"FW,MF",22-319,2002,3.7,145,4,27,54,66,14,145,15,4,26.7,8,53.3,75,520,239,7,5,7,7,3,83,17
ENG-Premier League,2425,Aston Villa,Jhon Durán,COL,FW,21-010,2003,6.3,236,12,33,98,110,44,236,13,3,23.1,8,61.5,118,490,258,7,6,2,14,13,168,36
ENG-Premier League,2425,Aston Villa,John McGinn,SCO,"FW,MF",30-066,1994,11.9,438,7,61,204,175,34,438,20,7,35.0,6,30.0,239,1310,590,19,9,3,20,14,315,49
ENG-Premier League,2425,Aston Villa,Kosta Nedeljković,SRB,DF,19-007,2005,1.1,49,4,10,24,15,0,49,2,1,50.0,1,50.0,20,75,28,1,0,0,1,0,23,0
ENG-Premier League,2425,Aston Villa,Lamare Bogarde,NED,DF,20-353,2004,2.4,158,6,38,99,22,1,158,3,2,66.7,0,0.0,95,496,288,7,4,1,2,6,108,7
ENG-Premier League,2425,Aston Villa,Leon Bailey,JAM,"FW,MF",27-136,1997,8.1,337,12,51,91,202,39,337,30,7,23.3,15,50.0,218,1560,752,35,13,21,25,18,242,67
ENG-Premier League,2425,Aston Villa,Lucas Digne,FRA,DF,31-156,1993,13.9,813,47,282,222,316,18,813,11,5,45.5,6,54.5,384,1623,697,12,9,3,7,8,459,85
ENG-Premier League,2425,Aston Villa,Matty Cash,POL,"DF,FW",27-138,1997,9.2,481,37,183,199,105,18,481,12,8,66.7,4,33.3,234,1394,702,16,20,1,5,4,273,25
ENG-Premier League,2425,Aston Villa,Morgan Rogers,ENG,"MF,FW",22-150,2002,15.6,629,16,94,283,267,67,629,72,31,43.1,31,43.1,362,2682,1637,54,34,16,46,34,439,85
ENG-Premier League,2425,Aston Villa,Ollie Watkins,ENG,FW,28-359,1995,12.6,296,4,12,101,186,88,295,23,5,21.7,16,69.6,197,1002,506,24,13,19,29,23,254,80
ENG-Premier League,2425,Aston Villa,Pau Torres,ESP,DF,27-342,1997,16.0,1091,157,488,539,70,12,1091,14,13,92.9,1,7.1,700,4735,3161,30,18,0,3,3,792,4
ENG-Premier League,2425,Aston Villa,Robin Olsen,SWE,GK,34-350,1990,0.5,25,20,25,0,0,0,25,0,0,,0,,11,45,33,0,0,0,0,0,16,0
ENG-Premier League,2425,Aston Villa,Ross Barkley,ENG,MF,31-018,1993,5.0,341,13,60,199,86,15,341,7,5,71.4,2,28.6,200,1030,496,11,8,1,5,5,233,8
ENG-Premier League,2425,Aston Villa,Tyrone Mings,ENG,DF,31-285,1993,1.0,50,13,34,15,2,2,50,0,0,,0,,20,123,44,0,0,0,0,0,35,0
ENG-Premier League,2425,Aston Villa,Youri Tielemans,BEL,MF,27-230,1997,16.3,1144,44,235,658,260,13,1143,24,12,50.0,8,33.3,631,2589,1252,20,13,4,16,11,817,17
ENG-Premier League,2425,Bournemouth,Adam Smith,ENG,DF,33-238,1991,11.5,506,29,173,222,114,3,506,10,4,40.0,4,40.0,216,774,362,7,12,0,10,5,223,16
ENG-Premier League,2425,Bournemouth,Alex Scott,ENG,MF,21-124,2003,2.9,191,10,38,97,58,5,191,13,2,15.4,7,53.8,112,628,290,5,3,1,5,3,117,14
ENG-Premier League,2425,Bournemouth,Antoine Semenyo,GHA,FW,24-351,2000,15.4,703,24,102,244,379,87,703,66,37,56.1,22,33.3,447,3529,1725,68,34,37,38,31,494,131
ENG-Premier League,2425,Bournemouth,Dango Ouattara,BFA,"FW,DF",22-316,2002,7.8,387,25,79,122,189,47,387,29,10,34.5,18,62.1,175,1258,644,31,14,14,17,10,205,79
ENG-Premier League,2425,Bournemouth,Daniel Jebbison,ENG,FW,21-132,2003,0.3,7,1,1,3,3,1,7,0,0,,0,,6,40,19,1,0,1,1,1,8,1
ENG-Premier League,2425,Bournemouth,David Brooks,WAL,"FW,MF",27-168,1997,2.0,121,2,12,45,68,9,121,9,3,33.3,5,55.6,80,608,246,7,6,2,6,1,81,33
ENG-Premier League,2425,Bournemouth,Dean Huijsen,ESP,DF,19-253,2005,6.8,481,70,227,232,28,9,481,1,0,0.0,1,100.0,266,1284,811,7,4,0,0,0,288,1
ENG-Premier League,2425,Bournemouth,Enes Ünal,TUR,"FW,MF",27-227,1997,2.7,122,5,11,45,66,20,122,11,1,9.1,9,81.8,68,213,87,4,3,1,10,8,92,14
ENG-Premier League,2425,Bournemouth,Evanilson,BRA,FW,25-078,1999,13.1,289,13,20,111,160,63,288,17,6,35.3,5,29.4,173,901,448,16,8,8,26,15,206,47
ENG-Premier League,2425,Bournemouth,Illia Zabarnyi,UKR,DF,22-113,2002,17.0,967,126,474,471,32,4,967,6,4,66.7,1,16.7,592,3529,2031,10,8,0,6,2,590,3
ENG-Premier League,2425,Bournemouth,James Hill,ENG,MF,22-348,2002,0.1,14,2,5,8,1,0,14,0,0,,0,,7,15,6,0,0,0,0,0,6,0
ENG-Premier League,2425,Bournemouth,Julian Araujo,MEX,DF,23-132,2001,3.9,200,15,68,103,32,1,200,0,0,,0,,84,290,138,2,0,0,4,2,100,11
ENG-Premier League,2425,Bournemouth,Justin Kluivert,NED,"MF,FW",25-232,1999,11.7,444,12,49,152,253,64,439,26,8,30.8,17,65.4,252,1526,806,25,18,20,25,10,289,81
ENG-Premier League,2425,Bournemouth,Kepa Arrizabalaga,ESP,GK,30-081,1994,12.0,407,321,400,7,0,0,407,0,0,,0,,229,1154,656,0,0,0,0,0,174,0
ENG-Premier League,2425,Bournemouth,Lewis Cook,ENG,"MF,DF",27-324,1997,14.6,875,41,188,471,228,11,875,8,3,37.5,5,62.5,388,2096,1134,17,16,2,16,11,438,21
ENG-Premier League,2425,Bournemouth,Luis Sinisterra,COL,"FW,MF",25-189,1999,2.3,118,5,10,29,79,18,118,16,7,43.8,7,43.8,73,551,278,14,4,7,4,2,78,29
ENG-Premier League,2425,Bournemouth,Marcos Senesi,ARG,DF,27-227,1997,10.2,698,59,305,339,63,12,698,8,5,62.5,3,37.5,432,2287,1306,11,14,0,5,5,437,3
ENG-Premier League,2425,Bournemouth,Marcus Tavernier,ENG,"FW,MF",25-276,1999,12.7,659,10,71,249,352,32,659,33,13,39.4,19,57.6,369,2250,1034,26,24,4,22,33,416,83
ENG-Premier League,2425,Bournemouth,Mark Travers,IRL,GK,25-219,1999,3.0,85,76,83,2,0,0,85,0,0,,0,,41,247,103,0,0,0,0,0,31,0
ENG-Premier League,2425,Bournemouth,Max Aarons,ENG,DF,24-354,2000,0.2,21,0,6,9,6,0,21,0,0,,0,,17,74,35,1,0,0,0,0,15,3
ENG-Premier League,2425,Bournemouth,Milos Kerkez,HUN,DF,21-046,2003,16.2,836,50,212,352,280,28,836,13,7,53.8,2,15.4,412,2529,1552,41,25,5,21,5,450,74
ENG-Premier League,2425,Bournemouth,Neto,BRA,GK,35-157,1989,2.0,70,60,70,0,0,0,70,0,0,,0,,35,148,99,0,0,0,0,0,28,0
ENG-Premier League,2425,Bournemouth,Philip Billing,DEN,MF,28-195,1996,0.9,81,4,13,43,26,6,81,3,1,33.3,0,0.0,35,180,115,2,0,1,3,3,42,8
ENG-Premier League,2425,Bournemouth,Ryan Christie,SCO,MF,29-305,1995,12.6,710,40,139,388,199,26,710,31,14,45.2,14,45.2,379,2077,967,19,21,4,29,11,406,27
ENG-Premier League,2425,Bournemouth,Tyler Adams,USA,MF,25-313,1999,5.1,286,11,70,166,50,7,286,3,0,0.0,3,100.0,132,562,233,2,4,1,5,4,138,0
ENG-Premier League,2425,Brentford,Ben Mee,ENG,DF,35-093,1989,1.1,87,6,32,45,11,3,87,0,0,,0,,52,285,219,3,1,1,0,0,58,2
ENG-Premier League,2425,Brentford,Bryan Mbeumo,CMR,FW,25-138,1999,16.9,793,25,123,250,432,57,791,50,24,48.0,21,42.0,476,3033,1486,51,31,28,49,20,526,179
ENG-Premier League,2425,Brentford,Christian Nørgaard,DEN,MF,30-288,1994,12.8,769,75,270,366,139,20,769,8,4,50.0,2,25.0,387,1401,610,6,7,2,13,8,483,19
ENG-Premier League,2425,Brentford,Edmond-Paris Maghoma,ENG,MF,23-229,2001,0.6,39,1,5,25,10,1,39,1,0,0.0,1,100.0,24,178,120,2,1,0,2,0,26,2
ENG-Premier League,2425,Brentford,Ethan Pinnock,JAM,DF,31-208,1993,16.0,1055,239,610,347,99,21,1055,9,3,33.3,6,66.7,511,2460,1197,2,3,0,1,4,593,8
ENG-Premier League,2425,Brentford,Fabio Carvalho,POR,"FW,MF",22-115,2002,4.8,231,4,42,82,108,20,231,14,2,14.3,10,71.4,128,648,329,8,3,0,13,8,135,21
ENG-Premier League,2425,Brentford,Frank Onyeka,NGA,MF,26-357,1998,0.3,10,0,1,5,4,0,10,0,0,,0,,6,55,14,0,0,0,2,1,6,0
ENG-Premier League,2425,Brentford,Jayden Meghoma,ENG,DF,18-178,2006,0.1,3,1,2,0,1,0,3,0,0,,0,,1,1,0,0,0,0,0,0,2,0
ENG-Premier League,2425,Brentford,Keane Lewis-Potter,ENG,"DF,FW",23-305,2001,14.3,600,38,149,212,246,39,600,46,17,37.0,24,52.2,352,2521,1312,45,29,21,30,10,389,82
ENG-Premier League,2425,Brentford,Kevin Schade,GER,FW,23-026,2001,8.4,289,12,42,86,166,42,289,28,8,28.6,17,60.7,169,1171,456,24,11,11,22,15,195,64
ENG-Premier League,2425,Brentford,Kristoffer Ajer,NOR,DF,26-250,1998,8.0,410,30,159,189,67,14,410,9,4,44.4,5,55.6,222,1358,799,15,7,0,10,6,266,16
ENG-Premier League,2425,Brentford,Mads Roerslev,DEN,DF,25-182,1999,6.3,357,24,125,159,74,7,357,12,4,33.3,7,58.3,201,963,502,10,7,0,6,5,235,35
ENG-Premier League,2425,Brentford,Mark Flekken,NED,GK,31-193,1993,17.0,872,679,844,32,0,0,872,1,1,100.0,0,0.0,547,2802,1531,0,0,0,0,0,501,0
ENG-Premier League,2425,Brentford,Mathias Jensen,DEN,MF,28-357,1996,5.3,284,13,63,114,107,4,284,8,4,50.0,2,25.0,162,706,365,5,5,0,4,4,180,15
ENG-Premier League,2425,Brentford,Mikkel Damsgaard,DEN,"MF,FW",24-173,2000,13.2,800,23,157,370,282,29,800,38,20,52.6,13,34.2,471,2689,1385,31,25,2,24,27,520,54
ENG-Premier League,2425,Brentford,Nathan Collins,IRL,DF,23-237,2001,17.0,1166,179,617,470,84,36,1166,7,4,57.1,3,42.9,625,3413,1978,14,4,0,5,5,725,8
ENG-Premier League,2425,Brentford,Ryan Trevitt,ENG,MF,21-286,2003,0.0,7,1,2,4,1,0,7,0,0,,0,,4,7,2,0,0,0,0,0,4,1
ENG-Premier League,2425,Brentford,Sepp van den Berg,NED,DF,23-003,2001,13.0,714,105,329,279,108,19,714,7,4,57.1,3,42.9,301,1264,576,5,8,0,9,4,397,21
ENG-Premier League,2425,Brentford,Thiago,BRA,FW,23-180,2001,1.5,56,6,11,23,23,2,56,3,2,66.7,1,33.3,34,119,42,3,2,1,5,1,35,4
ENG-Premier League,2425,Brentford,Vitaly Janelt,GER,MF,26-227,1998,13.6,728,64,243,330,161,17,728,9,3,33.3,5,55.6,398,1910,797,8,11,1,10,7,473,23
ENG-Premier League,2425,Brentford,Yehor Yarmoliuk,UKR,MF,20-297,2004,4.4,316,26,85,159,79,6,316,11,5,45.5,5,45.5,166,927,316,5,9,1,12,8,189,21
ENG-Premier League,2425,Brentford,Yoane Wissa,COD,FW,28-111,1996,11.6,354,6,40,166,156,50,354,16,6,37.5,6,37.5,223,1299,568,20,8,11,28,9,268,61
ENG-Premier League,2425,Brentford,Yunus Emre Konak,TUR,"MF,FW",18-348,2006,0.2,23,0,5,10,8,0,23,1,0,0.0,1,100.0,9,51,34,1,0,1,2,3,13,1
ENG-Premier League,2425,Brighton,Adam Webster,ENG,DF,29-354,1995,0.9,86,8,41,42,3,1,86,0,0,,0,,59,377,231,0,0,0,0,0,70,1
ENG-Premier League,2425,Brighton,Bart Verbruggen,NED,GK,22-127,2002,15.0,608,507,602,6,0,0,608,1,1,100.0,0,0.0,403,1476,781,0,1,1,2,0,381,0
ENG-Premier League,2425,Brighton,Billy Gilmour,SCO,MF,23-195,2001,1.1,73,2,14,46,13,0,73,2,1,50.0,1,50.0,44,210,117,2,0,0,0,0,58,2
ENG-Premier League,2425,Brighton,Brajan Gruda,GER,"MF,FW",20-206,2004,1.7,91,1,6,33,52,14,91,7,3,42.9,3,42.9,53,350,152,6,6,4,4,10,62,19
ENG-Premier League,2425,Brighton,Carlos Baleba,CMR,MF,20-355,2004,11.0,617,22,125,374,140,5,617,28,15,53.6,11,39.3,353,2193,1118,22,21,2,11,17,382,10
ENG-Premier League,2425,Brighton,Danny Welbeck,ENG,FW,34-027,1990,12.4,389,9,32,185,175,50,389,21,6,28.6,13,61.9,223,1091,479,10,15,4,24,18,287,46
ENG-Premier League,2425,Brighton,Evan Ferguson,IRL,FW,20-065,2004,2.5,75,7,12,42,21,8,75,1,1,100.0,0,0.0,35,144,41,2,1,1,3,6,45,8
ENG-Premier League,2425,Brighton,Ferdi Kadioglu,TUR,"DF,MF",25-077,1999,4.3,231,13,71,91,72,9,231,7,3,42.9,3,42.9,124,479,183,1,0,0,6,2,144,27
ENG-Premier League,2425,Brighton,Georginio Rutter,FRA,"FW,MF",22-247,2002,11.0,391,16,54,150,197,42,391,38,12,31.6,21,55.3,216,1607,971,27,22,9,27,19,257,52
ENG-Premier League,2425,Brighton,Igor,BRA,DF,26-320,1998,8.3,630,95,311,295,28,1,630,4,3,75.0,1,25.0,402,2409,1566,9,12,0,1,0,465,0
ENG-Premier League,2425,Brighton,Jack Hinshelwood,ENG,"MF,DF",19-256,2005,9.3,566,27,172,266,133,11,566,6,1,16.7,5,83.3,268,1154,570,10,6,1,10,1,367,27
ENG-Premier League,2425,Brighton,Jakub Moder,POL,MF,25-260,1999,0.1,16,0,5,7,4,0,16,0,0,,0,,7,64,52,2,1,0,0,0,8,0
ENG-Premier League,2425,Brighton,James Milner,ENG,MF,38-354,1986,1.9,92,3,13,48,31,4,92,1,1,100.0,0,0.0,46,223,97,1,1,0,0,0,58,10
ENG-Premier League,2425,Brighton,Jan Paul van Hecke,NED,DF,24-198,2000,13.9,1166,116,494,602,80,18,1166,7,3,42.9,4,57.1,793,4899,3414,22,19,0,7,3,841,4
ENG-Premier League,2425,Brighton,Jason Steele,ENG,GK,34-127,1990,2.0,114,107,114,0,0,0,114,0,0,,0,,91,361,151,0,0,0,0,0,83,0
ENG-Premier League,2425,Brighton,Jeremy Sarmiento,ECU,MF,22-190,2002,0.1,8,0,0,6,2,0,8,0,0,,0,,6,61,10,0,0,0,1,0,7,2
ENG-Premier League,2425,Brighton,João Pedro,BRA,"MF,FW",23-088,2001,8.5,386,6,28,155,208,51,386,31,14,45.2,16,51.6,274,1720,853,34,17,17,28,17,316,50
ENG-Premier League,2425,Brighton,Joël Veltman,NED,DF,32-343,1992,11.4,647,44,226,305,119,8,647,12,2,16.7,5,41.7,293,1451,723,20,10,3,12,6,348,19
ENG-Premier League,2425,Brighton,Julio Enciso,PAR,"MF,FW",20-335,2004,1.8,138,2,10,52,79,11,138,17,10,58.8,5,29.4,81,513,317,10,8,4,5,4,93,13
ENG-Premier League,2425,Brighton,Kaoru Mitoma,JPN,"FW,MF",27-217,1997,16.1,741,6,82,267,409,97,741,77,33,42.9,41,53.2,457,3674,2221,86,43,35,28,11,537,172
ENG-Premier League,2425,Brighton,Lewis Dunk,ENG,DF,33-032,1991,12.0,1119,148,551,507,70,15,1119,1,0,0.0,1,100.0,695,3277,1778,9,10,0,3,3,818,1
ENG-Premier League,2425,Brighton,Mats Wieffer,NED,MF,25-037,1999,5.2,411,23,97,247,73,9,411,9,4,44.4,5,55.6,237,1035,433,5,6,0,7,7,270,8
ENG-Premier League,2425,Brighton,Matt O'Riley,DEN,MF,24-032,2000,2.5,111,7,20,52,39,10,111,2,1,50.0,1,50.0,51,203,88,3,2,1,4,1,60,10
ENG-Premier League,2425,Brighton,Pervis Estupiñán,ECU,DF,26-337,1998,11.8,896,37,216,438,249,16,896,11,5,45.5,6,54.5,478,2308,1343,31,27,6,15,14,548,68
ENG-Premier League,2425,Brighton,Simon Adingra,CIV,"FW,MF",22-357,2002,3.9,204,3,29,67,111,22,204,18,6,33.3,12,66.7,135,938,431,14,9,7,19,4,142,55
ENG-Premier League,2425,Brighton,Tariq Lamptey,GHA,DF,24-084,2000,2.9,181,10,49,90,43,1,181,10,4,40.0,6,60.0,107,825,338,12,4,0,3,2,103,20
ENG-Premier League,2425,Brighton,Yankuba Minteh,GAM,"FW,MF",20-154,2004,5.9,252,7,19,74,166,46,252,37,13,35.1,20,54.1,144,1076,615,24,9,23,15,5,149,69
ENG-Premier League,2425,Brighton,Yasin Ayari,SWE,MF,21-078,2003,9.2,537,21,108,280,158,26,537,29,10,34.5,11,37.9,285,1437,634,14,9,5,20,12,358,36
ENG-Premier League,2425,Chelsea,Axel Disasi,FRA,DF,26-287,1998,3.0,230,14,96,111,24,2,230,1,1,100.0,0,0.0,137,616,297,3,2,0,1,1,169,1
ENG-Premier League,2425,Chelsea,Benoît Badiashile,FRA,DF,23-272,2001,2.8,245,16,99,136,11,0,245,1,0,0.0,1,100.0,140,514,288,3,4,0,1,0,178,2
ENG-Premier League,2425,Chelsea,Christopher Nkunku,FRA,FW,27-039,1997,3.6,149,5,23,42,84,23,149,13,5,38.5,7,53.8,92,434,200,7,3,8,4,3,112,28
ENG-Premier League,2425,Chelsea,Cole Palmer,ENG,MF,22-231,2002,16.4,844,8,71,370,414,64,841,54,23,42.6,22,40.7,530,3649,1780,56,36,16,31,17,612,80
ENG-Premier League,2425,Chelsea,Enzo Fernández,ARG,MF,23-341,2001,12.8,926,20,157,473,298,33,926,15,8,53.3,4,26.7,484,1775,777,14,12,3,14,14,682,46
ENG-Premier League,2425,Chelsea,Filip Jørgensen,DEN,GK,22-251,2002,1.0,22,18,22,0,0,0,22,0,0,,0,,17,56,36,0,0,0,0,0,15,0
ENG-Premier League,2425,Chelsea,Jadon Sancho,ENG,FW,24-273,2000,7.4,400,4,47,114,241,47,400,48,25,52.1,20,41.7,280,1847,971,42,16,20,11,6,326,94
ENG-Premier League,2425,Chelsea,João Félix,POR,"FW,MF",25-043,1999,3.3,215,2,22,107,92,24,215,24,8,33.3,10,41.7,147,964,605,17,8,4,4,2,166,19
ENG-Premier League,2425,Chelsea,Kiernan Dewsbury-Hall,ENG,MF,26-108,1998,0.7,53,1,10,26,17,0,53,1,1,100.0,0,0.0,33,186,112,3,0,0,0,1,43,2
ENG-Premier League,2425,Chelsea,Levi Colwill,ENG,DF,21-301,2003,16.0,1328,161,637,648,46,15,1328,6,3,50.0,3,50.0,775,3395,1925,4,5,0,6,5,977,0
ENG-Premier League,2425,Chelsea,Malo Gusto,FRA,DF,21-218,2003,11.6,846,26,205,401,248,31,846,7,2,28.6,5,71.4,445,2003,1043,23,16,3,6,10,569,48
ENG-Premier League,2425,Chelsea,Marc Cucurella,ESP,DF,26-154,1998,13.0,884,55,278,437,172,22,884,4,1,25.0,3,75.0,360,1484,896,15,6,1,11,4,563,41
ENG-Premier League,2425,Chelsea,Marc Guiu,ESP,FW,18-354,2006,0.3,5,0,1,2,2,0,5,1,0,0.0,1,100.0,2,3,1,0,0,0,0,0,3,0
ENG-Premier League,2425,Chelsea,Moisés Caicedo,ECU,MF,23-051,2001,16.7,1169,36,255,687,238,9,1169,24,10,41.7,8,33.3,663,2697,1314,15,13,1,15,11,832,21
ENG-Premier League,2425,Chelsea,Mykhailo Mudryk,UKR,FW,23-353,2001,1.7,62,3,12,15,38,6,62,8,3,37.5,5,62.5,39,468,227,7,8,0,3,7,42,12
ENG-Premier League,2425,Chelsea,Nicolas Jackson,SEN,FW,23-186,2001,14.0,395,13,29,181,190,81,395,39,14,35.9,20,51.3,232,1441,783,29,13,18,38,21,287,59
ENG-Premier League,2425,Chelsea,Noni Madueke,ENG,FW,22-288,2002,11.5,501,5,50,137,324,98,501,47,21,44.7,22,46.8,337,2818,1877,79,34,44,26,16,381,123
ENG-Premier League,2425,Chelsea,Pedro Neto,POR,FW,24-289,2000,9.0,412,3,42,131,242,37,412,49,17,34.7,20,40.8,278,2254,1257,52,24,19,13,8,306,86
ENG-Premier League,2425,Chelsea,Reece James,ENG,DF,25-015,1999,2.7,238,10,76,117,45,0,238,3,1,33.3,1,33.3,125,400,161,0,0,0,1,0,148,1
ENG-Premier League,2425,Chelsea,Renato Veiga,POR,"DF,MF",21-147,2003,2.0,167,2,61,82,27,3,167,5,3,60.0,2,40.0,85,414,141,4,5,1,1,0,110,3
ENG-Premier League,2425,Chelsea,Robert Sánchez,ESP,GK,27-035,1997,16.0,679,494,672,7,0,0,679,0,0,,0,,447,2087,1314,0,0,0,0,0,419,0
ENG-Premier League,2425,Chelsea,Roméo Lavia,BEL,MF,20-352,2004,5.3,312,11,82,185,48,1,312,11,7,63.6,4,36.4,185,820,337,2,6,0,0,6,225,6
ENG-Premier League,2425,Chelsea,Tosin Adarabioyo,ENG,DF,27-090,1997,4.9,429,57,223,202,5,4,429,1,1,100.0,0,0.0,267,930,487,0,0,0,0,0,324,0
ENG-Premier League,2425,Chelsea,Wesley Fofana,FRA,DF,24-006,2000,11.3,821,76,341,451,43,9,821,13,7,53.8,3,23.1,502,2681,1353,14,10,1,15,4,581,4
ENG-Premier League,2425,Crystal Palace,Adam Wharton,ENG,MF,20-204,2004,6.9,434,13,96,232,109,6,434,7,1,14.3,6,85.7,225,961,504,6,10,2,5,10,268,6
ENG-Premier League,2425,Crystal Palace,Asher Agbinone,ENG,MF,19-086,2005,0.1,8,0,0,2,6,0,8,2,0,0.0,1,50.0,5,53,23,2,0,0,0,1,5,1
ENG-Premier League,2425,Crystal Palace,Caleb Kporha,ENG,DF,18-161,2006,0.1,11,1,4,2,5,0,11,0,0,,0,,4,46,36,1,1,0,0,2,3,0
ENG-Premier League,2425,Crystal Palace,Chadi Riad,MAR,DF,21-189,2003,1.0,90,5,41,49,1,0,90,0,0,,0,,58,318,232,2,0,0,1,0,69,0
ENG-Premier League,2425,Crystal Palace,Cheick Doucouré,MLI,MF,24-350,2000,3.0,156,4,31,97,29,4,156,4,2,50.0,1,25.0,82,326,157,1,3,1,2,4,94,2
ENG-Premier League,2425,Crystal Palace,Chris Richards,USA,DF,24-270,2000,4.9,268,26,137,117,16,2,268,2,0,0.0,2,100.0,123,528,271,2,1,0,0,0,164,1
ENG-Premier League,2425,Crystal Palace,Daichi Kamada,JPN,MF,28-140,1996,7.9,416,12,78,218,122,15,416,5,2,40.0,3,60.0,202,1062,580,14,10,2,7,14,273,30
ENG-Premier League,2425,Crystal Palace,Daniel Muñoz,COL,DF,28-211,1996,15.0,877,54,229,375,282,44,877,24,8,33.3,15,62.5,358,1737,653,23,14,8,27,10,445,93
ENG-Premier League,2425,Crystal Palace,Dean Henderson,ENG,GK,27-286,1997,17.0,581,481,579,1,1,1,581,0,0,,0,,330,1974,893,0,0,0,1,0,243,0
ENG-Premier League,2425,Crystal Palace,Eberechi Eze,ENG,"MF,FW",26-177,1998,12.0,659,7,89,312,275,46,659,61,24,39.3,35,57.4,396,2354,1127,36,21,14,18,18,453,76
ENG-Premier League,2425,Crystal Palace,Eddie Nketiah,ENG,"MF,FW",25-207,1999,6.4,234,4,25,95,117,33,234,13,7,53.8,5,38.5,137,1079,614,27,15,10,15,10,166,46
ENG-Premier League,2425,Crystal Palace,Ismaila Sarr,SEN,"MF,FW",26-302,1998,11.2,402,12,56,148,203,58,402,18,6,33.3,7,38.9,229,1421,816,31,21,15,31,20,276,74
ENG-Premier League,2425,Crystal Palace,Jean-Philippe Mateta,FRA,FW,27-178,1997,13.9,334,14,34,151,155,42,333,15,5,33.3,8,53.3,160,840,388,16,10,5,28,16,236,59
ENG-Premier League,2425,Crystal Palace,Jefferson Lerma,COL,MF,30-059,1994,9.2,514,38,148,298,74,11,514,4,1,25.0,2,50.0,248,965,473,5,4,0,4,7,314,17
ENG-Premier League,2425,Crystal Palace,Jeffrey Schlupp,GHA,"MF,DF",32-000,1992,1.1,77,2,9,30,40,6,77,1,1,100.0,0,0.0,28,133,52,3,1,1,7,0,39,8
ENG-Premier League,2425,Crystal Palace,Joachim Andersen,DEN,DF,28-206,1996,1.0,93,14,38,50,5,0,93,0,0,,0,,49,189,103,1,1,0,0,1,67,1
ENG-Premier League,2425,Crystal Palace,Jordan Ayew,GHA,"FW,MF",33-103,1991,0.2,12,0,0,7,5,1,12,0,0,,0,,6,25,12,0,0,0,0,1,9,1
ENG-Premier League,2425,Crystal Palace,Justin Devenny,NIR,MF,21-073,2003,2.5,129,4,27,60,45,4,129,2,1,50.0,1,50.0,55,314,174,3,4,1,5,2,75,4
ENG-Premier League,2425,Crystal Palace,Marc Guéhi,ENG,DF,24-163,2000,17.0,1084,178,586,447,57,14,1084,10,8,80.0,2,20.0,577,2938,1597,8,9,1,11,10,681,3
ENG-Premier League,2425,Crystal Palace,Maxence Lacroix,FRA,DF,24-261,2000,14.0,797,124,477,293,32,14,797,9,7,77.8,1,11.1,429,2040,999,3,1,0,9,2,473,1
ENG-Premier League,2425,Crystal Palace,Nathaniel Clyne,ENG,"DF,MF",33-262,1991,4.2,192,15,75,87,30,2,192,1,0,0.0,1,100.0,104,446,246,5,1,2,4,2,117,7
ENG-Premier League,2425,Crystal Palace,Odsonne Édouard,FRA,"MF,FW",26-342,1998,1.3,45,1,4,23,18,8,45,1,0,0.0,1,100.0,23,107,50,2,1,2,4,1,26,7
ENG-Premier League,2425,Crystal Palace,Trevoh Chalobah,ENG,DF,25-171,1999,9.8,490,62,233,224,38,11,490,8,4,50.0,2,25.0,223,937,489,6,7,0,3,4,253,4
ENG-Premier League,2425,Crystal Palace,Tyrick Mitchell,ENG,DF,25-113,1999,16.4,880,57,302,323,262,23,880,14,6,42.9,6,42.9,407,1951,883,31,22,3,16,17,459,97
ENG-Premier League,2425,Crystal Palace,Will Hughes,ENG,MF,29-250,1995,10.6,548,15,110,293,150,9,548,8,2,25.0,5,62.5,255,1414,672,14,12,0,13,14,310,13
ENG-Premier League,2425,Everton,Abdoulaye Doucouré,MLI,MF,31-357,1993,11.9,507,18,127,244,142,15,507,14,8,57.1,6,42.9,264,1274,608,16,9,1,8,12,327,26
ENG-Premier League,2425,Everton,Armando Broja,ALB,FW,23-104,2001,0.4,17,1,1,6,11,3,17,7,4,57.1,3,42.9,9,155,37,3,1,2,1,4,12,6
ENG-Premier League,2425,Everton,Ashley Young,ENG,DF,39-167,1985,13.3,766,37,248,337,186,3,766,8,4,50.0,4,50.0,315,1603,971,15,20,1,3,1,400,12
ENG-Premier League,2425,Everton,Beto,GNB,FW,26-327,1998,2.3,66,3,4,28,35,15,66,7,4,57.1,3,42.9,34,230,82,3,3,1,9,3,51,12
ENG-Premier League,2425,Everton,Dominic Calvert-Lewin,ENG,FW,27-282,1997,13.7,369,17,28,156,190,66,369,22,7,31.8,13,59.1,203,1110,371,19,7,14,47,24,299,83
ENG-Premier League,2425,Everton,Dwight McNeil,ENG,"MF,FW",25-031,1999,12.7,619,2,61,267,305,18,619,37,20,54.1,16,43.2,358,2224,930,31,28,4,22,24,416,65
ENG-Premier League,2425,Everton,Harrison Armstrong,ENG,MF,17-339,2007,0.0,5,0,0,3,2,1,5,0,0,,0,,5,14,0,0,0,0,0,1,6,0
ENG-Premier League,2425,Everton,Idrissa Gana Gueye,SEN,MF,35-088,1989,12.9,679,28,151,394,139,12,679,17,10,58.8,7,41.2,326,1524,730,13,12,2,13,20,404,8
ENG-Premier League,2425,Everton,Iliman Ndiaye,SEN,FW,24-292,2000,14.0,546,21,112,224,248,44,546,89,40,44.9,41,46.1,322,2793,1454,55,27,21,26,22,328,67
ENG-Premier League,2425,Everton,Jack Harrison,ENG,FW,28-033,1996,8.9,339,15,72,117,152,32,339,29,10,34.5,17,58.6,205,1132,537,20,9,6,25,22,234,52
ENG-Premier League,2425,Everton,Jake O'Brien,IRL,DF,23-222,2001,0.4,26,0,12,12,3,0,26,3,1,33.3,2,66.7,12,70,46,0,0,0,0,0,16,0
ENG-Premier League,2425,Everton,James Garner,ENG,"DF,MF",23-285,2001,2.8,134,13,46,62,26,1,134,5,2,40.0,3,60.0,55,199,63,1,1,0,1,1,62,4
ENG-Premier League,2425,Everton,James Tarkowski,ENG,DF,32-034,1992,15.9,780,169,432,300,54,33,780,6,4,66.7,2,33.3,314,1393,657,2,4,0,4,5,430,2
ENG-Premier League,2425,Everton,Jarrad Branthwaite,ENG,DF,22-179,2002,7.1,339,42,185,142,15,2,339,4,2,50.0,1,25.0,163,805,505,2,6,1,2,2,206,1
ENG-Premier League,2425,Everton,Jesper Lindstrøm,DEN,FW,24-298,2000,6.0,284,7,45,95,148,17,284,16,3,18.8,12,75.0,121,769,445,17,9,3,13,12,153,36
ENG-Premier League,2425,Everton,Jordan Pickford,ENG,GK,30-291,1994,16.0,682,445,647,36,0,0,682,0,0,,0,,349,2302,1344,0,0,0,1,0,308,0
ENG-Premier League,2425,Everton,Mason Holgate,ENG,"FW,DF",28-062,1996,0.1,3,0,0,2,1,0,3,0,0,,0,,1,0,0,0,0,0,1,0,1,0
ENG-Premier League,2425,Everton,Michael Keane,ENG,DF,31-347,1993,9.0,407,78,226,165,18,14,407,0,0,,0,,186,733,234,1,1,0,0,2,235,3
ENG-Premier League,2425,Everton,Nathan Patterson,SCO,DF,23-068,2001,0.2,15,0,0,10,5,1,15,0,0,,0,,7,37,26,1,0,1,0,0,10,1
ENG-Premier League,2425,Everton,Orel Mangala,BEL,MF,26-280,1998,8.5,359,13,73,194,94,8,359,16,9,56.3,6,37.5,177,961,352,4,4,2,7,8,231,12
ENG-Premier League,2425,Everton,Roman Dixon,ENG,DF,19-363,2004,1.0,36,8,19,14,4,0,36,3,0,0.0,3,100.0,16,107,48,0,0,0,2,0,13,1
ENG-Premier League,2425,Everton,Séamus Coleman,IRL,DF,36-073,1988,1.2,59,4,16,31,12,2,59,2,2,100.0,0,0.0,27,137,41,0,1,0,1,0,30,2
ENG-Premier League,2425,Everton,Tim Iroegbunam,ENG,MF,21-176,2003,4.3,158,9,43,79,41,11,158,12,5,41.7,5,41.7,80,470,232,5,7,2,6,9,72,7
ENG-Premier League,2425,Everton,Vitaliy Mykolenko,UKR,DF,25-208,1999,13.3,637,49,213,273,155,12,637,8,2,25.0,5,62.5,245,945,526,10,8,0,6,3,305,29
ENG-Premier League,2425,Fulham,Adama Traoré,ESP,"FW,MF",28-333,1996,9.4,397,1,38,142,227,50,397,49,25,51.0,17,34.7,276,2181,1232,47,21,20,17,7,310,74
ENG-Premier League,2425,Fulham,Alex Iwobi,NGA,"FW,MF",28-234,1996,16.4,889,20,125,342,436,60,889,47,22,46.8,24,51.1,646,3721,2125,65,56,17,29,21,689,122
ENG-Premier League,2425,Fulham,Andreas Pereira,BRA,MF,28-357,1996,11.2,617,7,72,257,297,19,616,14,6,42.9,4,28.6,317,1465,717,11,19,3,11,11,374,46
ENG-Premier League,2425,Fulham,Antonee Robinson,USA,DF,27-137,1997,17.0,1183,72,411,448,342,34,1183,41,22,53.7,15,36.6,617,3178,1851,53,24,17,20,10,691,124
ENG-Premier League,2425,Fulham,Bernd Leno,GER,GK,32-294,1992,17.0,688,533,686,2,0,0,688,0,0,,0,,461,1670,903,0,0,0,0,0,405,0
ENG-Premier League,2425,Fulham,Calvin Bassey,NGA,DF,24-358,1999,16.0,1097,176,570,494,41,5,1097,10,3,30.0,4,40.0,715,3153,1613,9,9,0,14,5,765,6
ENG-Premier League,2425,Fulham,Carlos Vinícius,BRA,MF,29-273,1995,0.0,3,0,0,1,2,2,3,1,1,100.0,0,0.0,3,10,9,1,0,1,0,0,2,1
ENG-Premier League,2425,Fulham,Emile Smith Rowe,ENG,MF,24-148,2000,12.1,668,15,93,316,266,34,668,22,12,54.5,8,36.4,450,2323,1247,35,22,9,20,7,524,63
ENG-Premier League,2425,Fulham,Harrison Reed,ENG,MF,29-331,1995,0.7,56,1,7,19,31,4,56,1,0,0.0,0,0.0,22,70,17,1,1,0,2,2,27,7
ENG-Premier League,2425,Fulham,Harry Wilson,WAL,"FW,MF",27-276,1997,4.7,216,3,30,82,108,24,216,13,5,38.5,6,46.2,131,745,291,7,8,6,8,3,140,38
ENG-Premier League,2425,Fulham,Issa Diop,FRA,DF,27-349,1997,9.4,546,86,305,227,14,10,546,1,1,100.0,0,0.0,329,1452,677,0,1,0,3,1,379,1
ENG-Premier League,2425,Fulham,Jay Stansfield,ENG,MF,22-029,2002,0.0,0,0,0,0,0,0,0,0,0,,0,,0,0,0,0,0,0,0,0,0,0
ENG-Premier League,2425,Fulham,Joachim Andersen,DEN,DF,28-206,1996,7.7,636,92,326,280,34,8,636,1,1,100.0,0,0.0,374,1537,808,3,4,0,1,1,440,1
ENG-Premier League,2425,Fulham,Jorge Cuenca,ESP,DF,25-036,1999,1.0,52,15,35,17,1,0,52,0,0,,0,,13,47,29,0,0,0,0,0,22,0
ENG-Premier League,2425,Fulham,Joshua King,ENG,MF,17-355,2007,0.8,43,2,8,16,20,3,43,4,2,50.0,2,50.0,15,104,27,0,1,0,0,2,28,8
ENG-Premier League,2425,Fulham,Kenny Tete,NED,DF,29-075,1995,14.0,879,48,271,382,232,26,879,16,7,43.8,4,25.0,459,2287,1114,33,17,7,16,10,511,39
ENG-Premier League,2425,Fulham,Martial Godo,ENG,FW,21-284,2003,0.2,11,0,1,4,6,3,11,2,0,0.0,2,100.0,8,48,18,0,0,0,0,0,6,3
ENG-Premier League,2425,Fulham,Raúl Jiménez,MEX,FW,33-232,1991,11.1,388,10,37,175,180,68,387,14,4,28.6,9,64.3,223,880,401,12,7,4,33,17,287,45
ENG-Premier League,2425,Fulham,Reiss Nelson,ENG,FW,25-013,1999,5.4,347,5,30,110,212,35,347,35,13,37.1,13,37.1,259,1956,960,45,25,21,14,8,274,63
ENG-Premier League,2425,Fulham,Rodrigo Muniz,BRA,FW,23-233,2001,5.9,155,6,12,78,67,29,155,11,3,27.3,6,54.5,84,366,115,3,1,1,21,14,121,19
ENG-Premier League,2425,Fulham,Ryan Sessegnon,ENG,MF,24-219,2000,0.1,7,0,3,3,1,0,7,0,0,,0,,3,8,4,0,0,0,0,1,3,0
ENG-Premier League,2425,Fulham,Sander Berge,NOR,MF,26-313,1998,10.6,573,45,178,328,71,5,573,6,3,50.0,3,50.0,319,1646,628,7,9,2,2,6,335,1
ENG-Premier League,2425,Fulham,Saša Lukić,SRB,MF,28-132,1996,9.9,557,25,130,336,94,1,557,4,1,25.0,2,50.0,317,1829,889,15,15,3,6,2,351,6
ENG-Premier League,2425,Fulham,Timothy Castagne,BEL,DF,29-018,1995,3.0,213,15,94,78,41,5,213,3,1,33.3,1,33.3,96,350,188,2,3,0,2,1,123,10
ENG-Premier League,2425,Fulham,Tom Cairney,SCO,MF,33-338,1991,2.8,271,5,33,141,98,5,271,6,3,50.0,2,33.3,184,817,374,5,9,1,1,2,217,12
ENG-Premier League,2425,Ipswich Town,Ali Al Hamadi,IRQ,FW,22-297,2002,1.3,41,2,5,12,27,8,41,5,4,80.0,1,20.0,23,159,99,4,3,4,5,2,28,12
ENG-Premier League,2425,Ipswich Town,Arijanet Muric,KVX,GK,26-046,1998,16.0,621,504,605,16,0,0,621,0,0,,0,,367,1833,1027,0,0,0,2,1,277,0
ENG-Premier League,2425,Ipswich Town,Axel Tuanzebe,COD,DF,27-039,1997,8.6,426,41,166,200,63,6,426,3,2,66.7,1,33.3,193,814,361,4,4,1,5,1,230,3
ENG-Premier League,2425,Ipswich Town,Ben Johnson,ENG,"DF,FW",24-334,2000,5.7,305,20,127,109,71,3,305,11,5,45.5,5,45.5,127,743,294,8,7,2,11,4,136,11
ENG-Premier League,2425,Ipswich Town,Cameron Burgess,AUS,DF,29-063,1995,9.0,560,123,322,204,34,18,560,0,0,,0,,272,1290,698,2,3,0,2,0,333,3
ENG-Premier League,2425,Ipswich Town,Chiedozie Ogbene,IRL,FW,27-236,1997,2.6,70,3,11,19,40,6,70,7,1,14.3,3,42.9,41,330,139,7,2,2,4,2,43,15
ENG-Premier League,2425,Ipswich Town,Christian Walton,ENG,GK,29-044,1995,1.0,45,39,45,0,0,0,45,0,0,,0,,26,95,48,0,0,0,0,0,21,0
ENG-Premier League,2425,Ipswich Town,Conor Chaplin,ENG,"MF,FW",27-311,1997,6.8,281,6,46,141,99,12,281,6,3,50.0,3,50.0,138,697,380,10,7,0,9,3,192,20
ENG-Premier League,2425,Ipswich Town,Conor Townsend,ENG,MF,31-294,1993,0.0,2,1,1,0,1,0,2,0,0,,0,,0,0,0,0,0,0,0,0,0,0
ENG-Premier League,2425,Ipswich Town,Dara O'Shea,IRL,DF,25-294,1999,13.7,888,161,500,331,59,29,888,2,1,50.0,1,50.0,450,1954,969,2,0,0,7,2,530,1
ENG-Premier League,2425,Ipswich Town,George Edmundson,ENG,DF,27-114,1997,0.0,3,1,3,0,0,0,3,0,0,,0,,1,2,0,0,0,0,0,0,1,0
ENG-Premier League,2425,Ipswich Town,George Hirst,ENG,FW,25-312,1999,2.0,66,4,9,21,36,10,66,1,0,0.0,1,100.0,37,207,64,3,1,3,8,7,58,14
ENG-Premier League,2425,Ipswich Town,Harry Clarke,ENG,DF,23-296,2001,4.2,265,18,100,121,45,2,265,2,1,50.0,1,50.0,116,545,214,5,6,0,4,2,161,2
ENG-Premier League,2425,Ipswich Town,Jack Clarke,ENG,FW,24-030,2000,5.6,231,3,46,103,90,18,231,22,14,63.6,6,27.3,130,902,444,11,7,4,11,10,142,26
ENG-Premier League,2425,Ipswich Town,Jack Taylor,IRL,MF,26-183,1998,3.7,237,16,62,132,46,4,237,3,2,66.7,1,33.3,126,736,465,8,6,1,3,3,164,9
ENG-Premier League,2425,Ipswich Town,Jacob Greaves,ENG,DF,24-102,2000,8.0,486,98,272,193,22,10,486,1,1,100.0,0,0.0,233,852,377,1,0,0,5,1,307,3
ENG-Premier League,2425,Ipswich Town,Jens Cajuste,SWE,MF,25-135,1999,6.7,342,12,84,180,84,5,342,11,7,63.6,1,9.1,170,954,562,13,10,2,8,2,209,6
ENG-Premier League,2425,Ipswich Town,Kalvin Phillips,ENG,MF,29-021,1995,6.3,367,16,90,208,71,4,367,6,4,66.7,2,33.3,179,924,355,4,3,0,8,5,210,1
ENG-Premier League,2425,Ipswich Town,Leif Davis,ENG,DF,24-346,2000,17.0,889,70,312,282,307,25,889,24,9,37.5,12,50.0,388,2145,1127,28,15,7,27,5,442,73
ENG-Premier League,2425,Ipswich Town,Liam Delap,ENG,FW,21-319,2003,13.2,290,16,32,117,148,40,290,34,17,50.0,17,50.0,200,1480,683,25,19,10,49,30,235,52
ENG-Premier League,2425,Ipswich Town,Luke Woolfenden,ENG,DF,26-063,1998,4.2,261,59,149,106,6,2,261,0,0,,0,,158,746,399,3,3,0,1,0,174,0
ENG-Premier League,2425,Ipswich Town,Marcus Harness,ENG,MF,28-303,1996,0.5,22,4,7,2,13,3,22,1,0,0.0,1,100.0,9,49,14,0,0,0,0,0,9,1
ENG-Premier League,2425,Ipswich Town,Massimo Luongo,AUS,MF,32-089,1992,1.6,60,8,29,20,11,0,60,0,0,,0,,31,114,21,0,0,0,2,2,34,1
ENG-Premier League,2425,Ipswich Town,Nathan Broadhead,WAL,"FW,MF",26-262,1998,0.6,33,0,4,18,12,1,33,4,2,50.0,2,50.0,20,188,85,3,4,0,3,1,25,3
ENG-Premier League,2425,Ipswich Town,Omari Hutchinson,ENG,"MF,FW",21-054,2003,15.1,635,9,91,259,296,52,635,80,33,41.3,35,43.8,413,3234,1496,46,25,23,43,38,468,77
ENG-Premier League,2425,Ipswich Town,Sam Morsy,EGY,MF,33-104,1991,15.9,948,38,247,555,155,3,948,14,11,78.6,3,21.4,520,2791,1197,7,18,0,10,6,664,7
ENG-Premier League,2425,Ipswich Town,Sammie Szmodics,IRL,FW,29-090,1995,9.1,258,11,56,102,104,29,258,12,4,33.3,6,50.0,152,847,353,14,6,6,18,15,167,46
ENG-Premier League,2425,Ipswich Town,Wes Burns,WAL,FW,30-030,1994,8.1,285,14,46,104,142,15,285,21,7,33.3,14,66.7,192,1264,612,31,13,8,14,13,196,59
ENG-Premier League,2425,Leicester City,Abdul Fatawu Issahaku,GHA,FW,20-290,2004,6.4,326,19,73,114,157,26,326,69,29,42.0,28,40.6,217,1869,1055,42,24,15,18,12,216,60
ENG-Premier League,2425,Leicester City,Bilal El Khannouss,MAR,"MF,FW",20-227,2004,6.3,359,0,42,202,118,6,359,13,8,61.5,5,38.5,217,1068,434,12,9,1,13,8,241,22
ENG-Premier League,2425,Leicester City,Bobby Reid,JAM,"FW,MF",31-325,1993,3.1,127,8,27,56,44,7,127,3,0,0.0,3,100.0,77,389,194,6,3,2,3,4,82,16
ENG-Premier League,2425,Leicester City,Boubakary Soumaré,FRA,MF,25-300,1999,6.3,412,19,108,257,52,3,412,19,8,42.1,8,42.1,262,1077,538,6,4,0,5,4,284,7
ENG-Premier League,2425,Leicester City,Caleb Okoli,ITA,DF,23-163,2001,8.7,569,115,323,233,16,7,569,0,0,,0,,330,1610,745,3,1,0,7,0,339,1
ENG-Premier League,2425,Leicester City,Conor Coady,ENG,DF,31-302,1993,5.1,316,53,162,147,7,1,316,1,1,100.0,0,0.0,229,870,407,0,2,1,4,0,232,0
ENG-Premier League,2425,Leicester City,Danny Ward,WAL,GK,31-184,1993,1.5,56,41,56,0,0,0,56,1,0,0.0,1,100.0,42,177,113,0,0,0,0,0,34,0
ENG-Premier League,2425,Leicester City,Facundo Buonanotte,ARG,"MF,FW",20-000,2004,10.2,513,17,80,249,193,24,513,51,18,35.3,31,60.8,288,1767,886,27,17,7,29,23,309,41
ENG-Premier League,2425,Leicester City,Hamza Choudhury,ENG,"MF,DF",27-083,1997,1.2,77,3,14,49,14,1,77,3,2,66.7,1,33.3,52,188,101,2,2,0,1,0,55,2
ENG-Premier League,2425,Leicester City,Harry Winks,ENG,MF,28-325,1996,10.1,666,24,163,408,105,1,666,5,2,40.0,3,60.0,403,1864,911,12,4,0,7,5,463,8
ENG-Premier League,2425,Leicester City,James Justin,ENG,DF,26-304,1998,15.5,944,77,343,421,184,20,944,18,5,27.8,8,44.4,430,1694,796,18,10,2,18,8,521,38
ENG-Premier League,2425,Leicester City,Jamie Vardy,ENG,FW,37-347,1987,14.2,270,15,24,125,123,52,269,12,5,41.7,6,50.0,131,621,276,15,5,7,20,7,174,54
ENG-Premier League,2425,Leicester City,Jannik Vestergaard,DEN,DF,32-142,1992,7.7,550,98,296,237,20,5,550,4,4,100.0,0,0.0,344,1284,595,1,2,0,2,0,379,1
ENG-Premier League,2425,Leicester City,Jordan Ayew,GHA,"FW,MF",33-103,1991,8.2,341,8,39,173,137,28,340,28,10,35.7,16,57.1,223,1379,561,15,12,2,29,16,240,40
ENG-Premier League,2425,Leicester City,Kasey McAteer,IRL,"FW,MF",23-031,2001,3.7,157,13,38,57,67,13,157,8,1,12.5,5,62.5,94,667,323,12,6,6,3,4,100,30
ENG-Premier League,2425,Leicester City,Luke Thomas,ENG,DF,23-196,2001,1.0,67,2,31,19,17,4,67,0,0,,0,,32,82,52,1,0,1,1,0,32,5
ENG-Premier League,2425,Leicester City,Mads Hermansen,DEN,GK,24-165,2000,15.5,644,487,619,26,0,0,644,1,1,100.0,0,0.0,413,2064,1073,0,0,0,0,0,329,0
ENG-Premier League,2425,Leicester City,Odsonne Édouard,FRA,FW,26-342,1998,0.3,20,1,2,7,11,6,20,2,1,50.0,1,50.0,11,25,2,0,0,1,7,2,13,2
ENG-Premier League,2425,Leicester City,Oliver Skipp,ENG,MF,24-098,2000,7.6,366,18,90,231,48,1,366,8,4,50.0,4,50.0,222,906,457,12,6,0,7,5,259,10
ENG-Premier League,2425,Leicester City,Patson Daka,ZAM,"FW,MF",26-075,1998,1.2,40,2,6,21,15,7,40,4,1,25.0,1,25.0,24,127,79,3,3,1,1,2,23,5
ENG-Premier League,2425,Leicester City,Ricardo Pereira,POR,DF,31-078,1993,1.6,97,3,28,56,13,1,97,0,0,,0,,57,123,33,1,0,1,1,0,55,3
ENG-Premier League,2425,Leicester City,Stephy Mavididi,ENG,FW,26-206,1998,9.4,473,10,61,198,223,30,473,54,22,40.7,29,53.7,329,2304,1196,45,20,11,24,24,341,71
ENG-Premier League,2425,Leicester City,Victor Bernth Kristiansen,DEN,DF,22-007,2002,14.5,913,72,360,408,152,4,913,10,4,40.0,6,60.0,460,2052,982,19,9,2,4,8,486,39
ENG-Premier League,2425,Leicester City,Wilfred Ndidi,NGA,MF,28-007,1996,13.5,735,69,262,339,141,36,735,23,11,47.8,11,47.8,370,1517,579,9,11,2,21,21,436,49
ENG-Premier League,2425,Leicester City,Wout Faes,BEL,DF,26-264,1998,14.0,848,154,402,411,38,13,848,4,3,75.0,1,25.0,488,2311,1426,5,8,1,9,3,550,1
ENG-Premier League,2425,Liverpool,Alexis Mac Allister,ARG,MF,25-365,1998,11.7,746,27,132,416,201,25,746,15,4,26.7,10,66.7,371,1453,715,14,14,1,13,14,505,31
ENG-Premier League,2425,Liverpool,Alisson,BRA,GK,32-082,1992,7.9,290,209,285,5,0,0,290,1,1,100.0,0,0.0,192,718,401,0,0,0,0,0,193,0
ENG-Premier League,2425,Liverpool,Andrew Robertson,SCO,DF,30-287,1994,12.6,968,40,269,439,267,21,968,7,2,28.6,4,57.1,491,2148,1159,25,19,1,12,4,630,35
ENG-Premier League,2425,Liverpool,Caoimhín Kelleher,IRL,GK,26-030,1998,8.0,309,230,308,1,0,0,309,1,1,100.0,0,0.0,232,851,453,0,0,0,1,0,209,0
ENG-Premier League,2425,Liverpool,Cody Gakpo,NED,FW,25-230,1999,8.4,383,12,42,118,231,41,383,23,15,65.2,6,26.1,259,1754,845,21,13,10,14,8,292,115
ENG-Premier League,2425,Liverpool,Conor Bradley,NIR,DF,21-167,2003,2.6,225,12,66,94,67,15,225,3,2,66.7,1,33.3,122,697,364,10,5,3,2,1,139,15
ENG-Premier League,2425,Liverpool,Curtis Jones,ENG,MF,23-328,2001,7.3,485,13,85,265,139,20,485,10,7,70.0,2,20.0,315,1549,680,9,6,2,10,15,387,26
ENG-Premier League,2425,Liverpool,Darwin Núñez,URU,FW,25-182,1999,7.2,193,8,31,61,108,35,193,12,6,50.0,5,41.7,112,648,378,16,14,8,12,13,128,45
ENG-Premier League,2425,Liverpool,Diogo Jota,POR,FW,28-019,1996,5.9,206,3,13,85,110,38,206,16,5,31.3,10,62.5,113,782,369,18,12,11,18,11,149,41
ENG-Premier League,2425,Liverpool,Dominik Szoboszlai,HUN,MF,24-059,2000,12.4,752,10,97,387,279,41,752,17,12,70.6,5,29.4,399,2095,1179,37,21,9,16,6,520,46
ENG-Premier League,2425,Liverpool,Federico Chiesa,ITA,FW,27-059,1997,0.2,12,0,2,5,5,3,12,1,0,0.0,1,100.0,11,35,13,1,0,1,1,2,9,2
ENG-Premier League,2425,Liverpool,Harvey Elliott,ENG,"FW,DF",21-263,2003,0.3,55,1,5,20,30,3,55,2,0,0.0,2,100.0,25,126,70,2,0,1,0,0,30,4
ENG-Premier League,2425,Liverpool,Ibrahima Konaté,FRA,DF,25-212,1999,10.8,836,96,392,413,33,9,836,1,1,100.0,0,0.0,509,2252,1243,5,2,0,3,1,623,1
ENG-Premier League,2425,Liverpool,Jarell Quansah,ENG,DF,21-329,2003,1.9,152,20,77,59,16,1,152,2,1,50.0,1,50.0,90,530,301,2,2,1,3,1,97,2
ENG-Premier League,2425,Liverpool,Joe Gomez,ENG,DF,27-214,1997,4.4,338,47,155,164,20,3,338,0,0,,0,,208,1169,615,1,1,1,1,2,229,1
ENG-Premier League,2425,Liverpool,Kostas Tsimikas,GRE,DF,28-225,1996,2.6,237,10,68,115,55,1,237,2,2,100.0,0,0.0,111,527,321,5,4,0,1,1,146,6
ENG-Premier League,2425,Liverpool,Luis Díaz,COL,FW,27-345,1997,10.7,476,7,41,181,266,65,476,49,20,40.8,23,46.9,316,2463,1252,43,24,26,23,21,369,97
ENG-Premier League,2425,Liverpool,Mohamed Salah,EGY,FW,32-191,1992,15.6,639,8,37,211,398,140,635,55,26,47.3,27,49.1,467,2882,1269,57,25,54,46,33,559,163
ENG-Premier League,2425,Liverpool,Ryan Gravenberch,NED,MF,22-221,2002,15.7,1120,51,241,683,209,12,1120,31,16,51.6,10,32.3,701,3615,1831,33,34,5,22,7,838,21
ENG-Premier League,2425,Liverpool,Trent Alexander-Arnold,ENG,DF,26-077,1998,12.6,959,42,277,420,268,17,959,15,5,33.3,9,60.0,473,2203,1183,25,18,5,12,10,596,41
ENG-Premier League,2425,Liverpool,Virgil van Dijk,NED,DF,33-168,1991,16.0,1402,209,633,722,51,21,1402,2,1,50.0,1,50.0,783,3530,1736,4,7,1,2,2,972,3
ENG-Premier League,2425,Liverpool,Vitezslav Jaros,CZE,GK,23-153,2001,0.1,8,5,8,0,0,0,8,0,0,,0,,7,29,8,0,0,0,0,0,5,0
ENG-Premier League,2425,Liverpool,Wataru Endo,JPN,MF,31-318,1993,0.3,28,1,7,13,8,1,28,1,1,100.0,0,0.0,13,74,10,0,0,1,3,1,16,0
ENG-Premier League,2425,Manchester City,Bernardo Silva,POR,"MF,FW",30-135,1994,15.3,1001,20,133,372,505,100,1001,39,19,48.7,17,43.6,632,4043,2080,60,33,24,11,16,752,129
ENG-Premier League,2425,Manchester City,Ederson,BRA,GK,31-128,1993,13.0,495,326,488,7,0,0,495,0,0,,0,,304,1329,827,0,0,0,1,0,318,0
ENG-Premier League,2425,Manchester City,Erling Haaland,NOR,FW,24-155,2000,17.0,336,15,24,95,220,109,335,19,6,31.6,11,57.9,163,720,240,9,9,11,26,17,256,64
ENG-Premier League,2425,Manchester City,Jack Grealish,ENG,"FW,MF",29-104,1995,6.4,405,12,33,118,258,63,405,24,12,50.0,8,33.3,299,2418,1519,64,16,43,8,11,329,104
ENG-Premier League,2425,Manchester City,Jahmai Simpson-Pusey,ENG,DF,19-049,2005,1.0,113,8,57,54,2,0,113,1,0,0.0,0,0.0,70,322,150,1,0,0,1,0,92,0
ENG-Premier League,2425,Manchester City,James Mcatee,ENG,"FW,MF",22-066,2002,0.0,6,0,0,1,5,1,6,0,0,,0,,2,5,0,0,0,0,0,0,4,0
ENG-Premier League,2425,Manchester City,Jeremy Doku,BEL,"FW,MF",22-210,2002,6.9,440,3,21,92,336,63,440,79,41,51.9,23,29.1,330,3172,2017,89,42,40,19,25,365,120
ENG-Premier League,2425,Manchester City,John Stones,ENG,"DF,MF",30-209,1994,3.7,279,16,69,152,60,4,279,0,0,,0,,176,1264,719,8,11,0,1,0,206,1
ENG-Premier League,2425,Manchester City,Joško Gvardiol,CRO,DF,22-335,2002,15.5,1331,55,295,615,431,49,1331,16,7,43.8,8,50.0,863,4368,2447,40,46,8,11,11,981,45
ENG-Premier League,2425,Manchester City,Kevin De Bruyne,BEL,MF,33-178,1991,7.0,594,3,26,194,376,30,594,13,7,53.8,5,38.5,330,1573,809,20,21,7,11,14,453,68
ENG-Premier League,2425,Manchester City,Kyle Walker,ENG,DF,34-209,1990,10.2,840,24,179,444,223,5,840,6,3,50.0,2,33.3,475,2189,1083,12,13,0,9,2,594,11
ENG-Premier League,2425,Manchester City,Manuel Akanji,SUI,DF,29-157,1995,12.2,1057,63,263,514,281,8,1057,1,1,100.0,0,0.0,675,3460,2145,28,37,0,3,5,833,6
ENG-Premier League,2425,Manchester City,Mateo Kovačić,CRO,MF,30-231,1994,10.9,959,16,116,518,339,12,959,27,15,55.6,8,29.6,652,3778,1759,34,37,2,8,16,789,11
ENG-Premier League,2425,Manchester City,Matheus Nunes,POR,"MF,FW",26-118,1998,5.9,400,7,37,122,241,35,400,19,9,47.4,6,31.6,256,1519,853,30,8,17,13,5,307,86
ENG-Premier League,2425,Manchester City,Nathan Aké,NED,DF,29-309,1995,3.3,281,17,99,140,43,3,281,0,0,,0,,188,1009,613,9,6,1,2,2,210,2
ENG-Premier League,2425,Manchester City,Phil Foden,ENG,"MF,FW",24-209,2000,9.0,552,7,37,193,324,43,552,22,8,36.4,9,40.9,336,1672,841,20,8,6,15,17,431,63
ENG-Premier League,2425,Manchester City,Rico Lewis,ENG,"DF,MF",20-032,2004,12.4,780,29,135,376,276,38,780,13,6,46.2,7,53.8,450,2333,1272,29,17,8,14,14,553,51
ENG-Premier League,2425,Manchester City,Rodri,ESP,MF,28-184,1996,0.7,65,1,12,30,24,0,65,1,0,0.0,0,0.0,34,125,42,0,2,0,0,0,49,1
ENG-Premier League,2425,Manchester City,Rúben Dias,POR,DF,27-223,1997,12.1,1216,109,373,643,202,15,1216,1,0,0.0,1,100.0,850,4912,2930,18,37,1,3,1,983,5
ENG-Premier League,2425,Manchester City,Stefan Ortega,GER,GK,32-047,1992,4.0,173,126,172,1,0,0,173,0,0,,0,,117,550,294,0,0,0,0,0,105,0
ENG-Premier League,2425,Manchester City,Sávio,BRA,"FW,MF",20-257,2004,8.1,509,2,14,111,393,69,509,60,28,46.7,19,31.7,369,2947,1754,68,22,38,19,18,396,105
ENG-Premier League,2425,Manchester City,İlkay Gündoğan,GER,MF,34-060,1990,12.4,958,22,137,437,397,36,958,20,10,50.0,6,30.0,553,3059,1429,30,28,6,15,13,745,56
ENG-Premier League,2425,Manchester Utd,Alejandro Garnacho,ARG,"FW,MF",20-175,2004,10.9,501,7,58,181,269,66,501,40,10,25.0,26,65.0,358,2688,1294,59,31,28,30,21,387,121
ENG-Premier League,2425,Manchester Utd,Amad Diallo,CIV,"FW,DF",22-165,2002,10.8,644,8,97,232,327,68,644,49,24,49.0,23,46.9,411,2991,1582,65,36,36,19,17,455,101
ENG-Premier League,2425,Manchester Utd,André Onana,CMR,GK,28-265,1996,17.0,750,530,732,18,0,0,750,0,0,,0,,572,3028,1673,0,0,0,0,0,498,0
ENG-Premier League,2425,Manchester Utd,Antony,BRA,"FW,MF",24-303,2000,0.6,32,0,8,8,16,2,32,1,0,0.0,1,100.0,17,109,62,2,2,0,3,1,20,1
ENG-Premier League,2425,Manchester Utd,Bruno Fernandes,POR,"MF,FW",30-106,1994,15.9,1138,26,151,538,460,44,1136,31,11,35.5,17,54.8,682,3163,1605,37,28,7,23,19,841,81
ENG-Premier League,2425,Manchester Utd,Casemiro,BRA,MF,32-304,1992,8.3,617,44,182,320,119,18,617,5,3,60.0,2,40.0,331,1129,539,3,7,0,5,8,412,15
ENG-Premier League,2425,Manchester Utd,Christian Eriksen,DEN,MF,32-313,1992,5.6,386,16,80,195,113,7,386,0,0,,0,,200,734,285,4,6,0,1,3,255,15
ENG-Premier League,2425,Manchester Utd,Diogo Dalot,POR,DF,25-280,1999,16.6,1061,62,372,448,249,25,1061,19,10,52.6,7,36.8,600,2530,1366,22,18,5,20,4,637,70
ENG-Premier League,2425,Manchester Utd,Harry Maguire,ENG,DF,31-293,1993,6.0,417,42,205,199,18,8,417,3,2,66.7,1,33.3,269,1698,699,1,3,1,1,1,291,0
ENG-Premier League,2425,Manchester Utd,Jonny Evans,NIR,DF,36-355,1988,3.2,223,30,125,91,11,2,223,1,1,100.0,0,0.0,128,498,183,1,0,0,1,0,137,2
ENG-Premier League,2425,Manchester Utd,Joshua Zirkzee,NED,"FW,MF",23-215,2001,7.3,267,6,31,129,109,31,267,14,6,42.9,8,57.1,148,643,233,5,4,2,18,14,204,30
ENG-Premier League,2425,Manchester Utd,Kobbie Mainoo,ENG,MF,19-248,2005,10.1,602,15,124,342,140,18,602,30,19,63.3,10,33.3,376,1707,761,14,11,8,20,21,429,20
ENG-Premier League,2425,Manchester Utd,Leny Yoro,FRA,DF,19-040,2005,1.7,104,11,60,38,6,4,104,0,0,,0,,65,295,167,1,0,0,0,0,75,0
ENG-Premier League,2425,Manchester Utd,Lisandro Martínez,ARG,DF,26-340,1998,13.8,1118,118,537,512,79,13,1118,6,5,83.3,1,16.7,746,3881,2359,13,12,1,0,1,788,6
ENG-Premier League,2425,Manchester Utd,Luke Shaw,ENG,DF,29-164,1995,0.8,107,3,46,56,5,0,107,0,0,,0,,86,335,143,1,2,0,1,0,93,0
ENG-Premier League,2425,Manchester Utd,Manuel Ugarte Ribeiro,URU,MF,23-256,2001,7.2,416,22,119,227,73,5,416,10,6,60.0,2,20.0,251,1171,515,7,8,0,7,11,273,8
ENG-Premier League,2425,Manchester Utd,Marcus Rashford,ENG,"FW,MF",27-053,1997,10.9,440,3,35,189,222,34,440,39,9,23.1,26,66.7,293,1694,728,20,19,12,14,6,341,79
ENG-Premier League,2425,Manchester Utd,Mason Mount,ENG,"MF,FW",25-348,1999,2.7,119,1,18,65,36,6,119,4,0,0.0,3,75.0,74,323,102,2,2,0,4,4,86,5
ENG-Premier League,2425,Manchester Utd,Matthijs de Ligt,NED,DF,25-133,1999,12.7,907,105,468,419,22,14,907,1,0,0.0,1,100.0,626,2777,1244,3,1,0,3,2,676,3
ENG-Premier League,2425,Manchester Utd,Noussair Mazraoui,MAR,DF,27-039,1997,13.9,1039,69,397,512,146,12,1039,28,19,67.9,7,25.0,600,2877,1444,17,14,2,6,8,651,20
ENG-Premier League,2425,Manchester Utd,Rasmus Højlund,DEN,FW,21-323,2003,8.0,199,3,10,107,86,20,199,17,5,29.4,11,64.7,116,613,234,11,5,6,25,9,148,33
ENG-Premier League,2425,Manchester Utd,Scott McTominay,SCO,MF,28-015,1996,0.2,14,1,3,8,3,1,14,1,0,0.0,1,100.0,10,68,44,0,0,0,1,1,9,2
ENG-Premier League,2425,Manchester Utd,Toby Collyer,ENG,MF,20-355,2004,0.5,31,1,8,16,7,1,31,1,1,100.0,0,0.0,20,108,27,0,0,0,5,0,23,2
ENG-Premier League,2425,Manchester Utd,Tyrell Malacia,NED,DF,25-128,1999,1.0,57,1,18,24,15,0,57,1,1,100.0,0,0.0,35,182,118,3,2,0,1,2,42,5
ENG-Premier League,2425,Manchester Utd,Victor Lindelöf,SWE,"DF,MF",30-159,1994,0.7,51,6,26,19,6,2,51,0,0,,0,,19,121,73,0,0,0,0,0,29,1
ENG-Premier League,2425,Newcastle Utd,Alexander Isak,SWE,FW,25-093,1999,13.3,447,8,27,159,267,83,447,42,19,45.2,22,52.4,277,1683,821,33,17,21,32,24,314,90
ENG-Premier League,2425,Newcastle Utd,Anthony Gordon,ENG,FW,23-303,2001,14.1,660,10,66,248,356,72,658,59,22,37.3,25,42.4,434,3043,1647,59,34,29,18,19,456,110
ENG-Premier League,2425,Newcastle Utd,Bruno Guimarães,BRA,MF,27-037,1997,16.4,1004,37,232,544,238,22,1004,44,22,50.0,12,27.3,691,3794,1560,22,20,1,27,41,741,27
ENG-Premier League,2425,Newcastle Utd,Callum Wilson,ENG,"FW,MF",32-300,1992,0.7,15,0,0,10,5,3,15,2,0,0.0,1,50.0,12,42,7,0,0,0,1,5,9,3
ENG-Premier League,2425,Newcastle Utd,Dan Burn,ENG,DF,32-228,1992,16.0,1036,177,630,360,48,22,1036,1,1,100.0,0,0.0,646,2771,1009,0,2,0,6,1,729,3
ENG-Premier League,2425,Newcastle Utd,Emil Krafth,SWE,DF,30-143,1994,2.7,100,23,64,30,6,3,100,0,0,,0,,49,167,35,0,1,0,2,1,51,0
ENG-Premier League,2425,Newcastle Utd,Fabian Schär,SUI,DF,33-003,1991,14.3,1072,137,576,437,66,12,1072,9,6,66.7,1,11.1,718,3298,1886,9,12,1,3,2,762,9
ENG-Premier League,2425,Newcastle Utd,Harvey Barnes,ENG,FW,27-014,1997,8.3,359,8,47,124,188,53,359,27,12,44.4,10,37.0,262,1965,1063,40,21,21,15,10,291,78
ENG-Premier League,2425,Newcastle Utd,Jacob Murphy,ENG,FW,29-303,1995,8.6,425,4,60,167,203,28,425,18,6,33.3,12,66.7,262,1550,826,30,13,10,12,15,300,69
ENG-Premier League,2425,Newcastle Utd,Joe Willock,ENG,"MF,FW",25-125,1999,5.8,259,7,33,107,122,25,259,16,5,31.3,8,50.0,163,974,427,17,13,6,19,11,186,41
ENG-Premier League,2425,Newcastle Utd,Joelinton,BRA,"MF,FW",28-131,1996,14.7,769,37,143,384,249,46,769,30,9,30.0,19,63.3,448,2217,1025,22,12,5,23,30,535,71
ENG-Premier League,2425,Newcastle Utd,Kieran Trippier,ENG,DF,34-095,1990,3.9,404,13,126,167,113,4,404,2,1,50.0,1,50.0,217,744,384,7,2,3,0,2,262,18
ENG-Premier League,2425,Newcastle Utd,Lewis Hall,ENG,DF,20-106,2004,14.6,1201,67,427,527,262,31,1201,12,6,50.0,5,41.7,661,3013,1594,27,13,9,19,13,728,44
ENG-Premier League,2425,Newcastle Utd,Lewis Miley,ENG,MF,18-236,2006,0.1,17,0,6,10,2,0,17,0,0,,0,,11,60,35,0,0,0,1,0,11,0
ENG-Premier League,2425,Newcastle Utd,Lloyd Kelly,ENG,DF,26-078,1998,3.3,201,26,102,89,13,2,201,3,2,66.7,1,33.3,116,465,201,0,1,0,3,2,121,2
ENG-Premier League,2425,Newcastle Utd,Martin Dúbravka,SVK,GK,35-343,1989,2.0,83,63,82,1,0,0,83,0,0,,0,,61,278,162,0,0,0,0,0,57,0
ENG-Premier League,2425,Newcastle Utd,Miguel Almirón,PAR,FW,30-317,1994,1.6,68,1,7,31,30,7,68,1,0,0.0,1,100.0,48,223,72,2,3,1,0,2,48,16
ENG-Premier League,2425,Newcastle Utd,Nick Pope,ENG,GK,32-248,1992,15.0,492,399,485,7,0,0,492,0,0,,0,,268,1444,943,0,0,0,0,1,170,0
ENG-Premier League,2425,Newcastle Utd,Sandro Tonali,ITA,MF,24-229,2000,9.2,533,18,125,295,121,14,533,13,6,46.2,5,38.5,312,1434,512,5,7,1,12,8,356,22
ENG-Premier League,2425,Newcastle Utd,Sean Longstaff,ENG,MF,27-054,1997,7.9,379,19,95,175,112,21,379,6,2,33.3,3,50.0,219,1068,408,4,10,2,7,7,271,20
ENG-Premier League,2425,Newcastle Utd,Valentino Livramento,ENG,DF,22-041,2002,13.3,827,64,298,353,191,7,827,22,11,50.0,7,31.8,444,2574,1306,31,16,2,8,22,455,48
ENG-Premier League,2425,Newcastle Utd,William Osula,DEN,"FW,MF",21-141,2003,0.3,7,0,0,3,4,1,7,1,1,100.0,0,0.0,4,40,14,1,1,0,1,3,5,3
ENG-Premier League,2425,Nott'ham Forest,Anthony Elanga,SWE,"FW,MF",22-240,2002,9.8,392,20,67,112,221,37,392,31,6,19.4,14,45.2,203,1581,879,31,18,17,24,14,241,61
ENG-Premier League,2425,Nott'ham Forest,Callum Hudson-Odoi,ENG,"FW,MF",24-046,2000,13.7,581,7,56,172,365,42,581,37,22,59.5,12,32.4,372,3011,1929,74,33,26,24,15,450,116
ENG-Premier League,2425,Nott'ham Forest,Chris Wood,NZL,FW,33-016,1991,14.7,341,17,41,169,132,46,339,7,2,28.6,4,57.1,174,704,274,10,6,4,37,8,259,35
ENG-Premier League,2425,Nott'ham Forest,Danilo,BRA,MF,23-238,2001,0.2,6,0,2,4,0,0,6,3,1,33.3,2,66.7,4,26,3,0,0,0,1,0,3,0
ENG-Premier League,2425,Nott'ham Forest,Elliot Anderson,ENG,"MF,FW",22-047,2002,10.8,668,32,137,291,252,40,668,41,20,48.8,16,39.0,359,1902,887,24,16,12,25,16,408,47
ENG-Premier League,2425,Nott'ham Forest,Eric da Silva Moreira,GER,"MF,DF",18-234,2006,0.3,13,3,7,4,2,0,13,1,0,0.0,1,100.0,4,26,11,1,0,0,1,0,3,1
ENG-Premier League,2425,Nott'ham Forest,Harry Toffolo,ENG,DF,29-126,1995,0.4,38,3,8,10,20,2,38,0,0,,0,,9,14,7,0,0,0,0,0,17,4
ENG-Premier League,2425,Nott'ham Forest,Ibrahim Sangaré,CIV,MF,27-021,1997,2.4,146,4,36,92,20,6,146,0,0,,0,,60,231,67,0,2,0,2,1,76,2
ENG-Premier League,2425,Nott'ham Forest,James Ward-Prowse,ENG,MF,30-052,1994,4.2,199,11,46,112,44,0,199,0,0,,0,,90,363,128,1,3,0,3,3,113,2
ENG-Premier League,2425,Nott'ham Forest,Jota Silva,POR,"FW,MF",25-144,1999,5.8,212,10,51,54,116,27,212,23,5,21.7,11,47.8,114,771,477,16,8,6,17,6,128,34
ENG-Premier League,2425,Nott'ham Forest,Matz Sels,BEL,GK,32-301,1992,17.0,489,359,479,10,0,0,489,0,0,,0,,258,1498,778,0,0,0,0,0,214,0
ENG-Premier League,2425,Nott'ham Forest,Morato,BRA,DF,23-176,2001,2.9,127,33,79,36,13,0,127,1,1,100.0,0,0.0,43,178,94,0,2,0,2,0,48,0
ENG-Premier League,2425,Nott'ham Forest,Morgan Gibbs-White,ENG,MF,24-331,2000,11.2,616,16,74,293,256,39,616,37,19,51.4,15,40.5,362,1958,1033,29,19,6,26,20,460,45
ENG-Premier League,2425,Nott'ham Forest,Murillo,BRA,DF,22-172,2002,16.7,868,200,451,367,57,12,868,15,12,80.0,3,20.0,405,2032,1318,11,15,0,5,6,466,3
ENG-Premier League,2425,Nott'ham Forest,Neco Williams,WAL,DF,23-254,2001,8.2,403,43,146,142,123,14,403,15,6,40.0,4,26.7,190,1172,635,23,7,6,2,7,207,26
ENG-Premier League,2425,Nott'ham Forest,Nicolás Domínguez,ARG,"MF,FW",26-178,1998,9.0,532,24,128,269,139,14,532,4,1,25.0,2,50.0,229,814,380,8,5,2,8,6,305,12
ENG-Premier League,2425,Nott'ham Forest,Nikola Milenković,SRB,DF,27-072,1997,16.0,605,95,304,265,39,31,605,1,1,100.0,0,0.0,263,1065,500,2,1,1,1,2,322,2
ENG-Premier League,2425,Nott'ham Forest,Ola Aina,NGA,DF,28-076,1996,16.3,899,69,316,372,230,13,899,33,16,48.5,11,33.3,405,2698,1606,37,27,7,22,11,431,31
ENG-Premier League,2425,Nott'ham Forest,Ramón Sosa,PAR,"FW,MF",25-114,1999,1.7,82,3,15,19,50,8,82,8,5,62.5,3,37.5,46,348,155,7,4,4,3,2,47,12
ENG-Premier League,2425,Nott'ham Forest,Ryan Yates,ENG,MF,27-032,1997,13.5,684,48,171,321,198,30,684,14,7,50.0,5,35.7,305,1429,599,12,14,1,13,15,379,10
ENG-Premier League,2425,Nott'ham Forest,Taiwo Awoniyi,NGA,FW,27-133,1997,2.3,75,2,8,27,41,11,75,3,1,33.3,2,66.7,37,180,93,3,4,1,9,7,49,10
ENG-Premier League,2425,Nott'ham Forest,Willy Boly,CIV,DF,33-324,1991,1.0,77,19,50,25,2,1,77,0,0,,0,,33,115,35,0,0,0,1,0,39,0
ENG-Premier League,2425,Nott'ham Forest,Álex Moreno,ESP,DF,31-198,1993,8.8,452,48,170,168,125,6,452,18,7,38.9,6,33.3,189,1187,694,20,15,2,10,5,208,24
ENG-Premier League,2425,Southampton,Aaron Ramsdale,ENG,GK,26-223,1998,10.0,481,345,471,11,0,0,481,0,0,,0,,338,1712,1056,0,0,0,0,0,302,0
ENG-Premier League,2425,Southampton,Adam Armstrong,ENG,"FW,MF",27-317,1997,10.5,283,8,32,102,149,40,282,11,4,36.4,7,63.6,173,872,368,18,8,6,8,12,207,62
ENG-Premier League,2425,Southampton,Adam Lallana,ENG,MF,36-227,1988,3.5,275,16,79,138,59,6,275,9,5,55.6,2,22.2,158,766,335,5,7,0,8,6,218,8
ENG-Premier League,2425,Southampton,Alex McCarthy,ENG,GK,35-020,1989,4.0,129,106,129,0,0,0,129,0,0,,0,,75,302,162,0,0,0,0,0,68,0
ENG-Premier League,2425,Southampton,Ben Brereton,CHI,FW,25-249,1999,5.0,206,4,19,76,112,20,206,4,1,25.0,2,50.0,136,791,394,12,13,4,9,4,171,42
ENG-Premier League,2425,Southampton,Cameron Archer,ENG,FW,23-155,2001,10.0,229,10,41,99,91,38,228,18,6,33.3,11,61.1,124,664,320,13,4,10,24,15,153,38
ENG-Premier League,2425,Southampton,Carlos Alcaraz,ARG,MF,22-023,2002,0.1,17,0,1,8,9,2,17,2,0,0.0,2,100.0,12,112,98,4,1,0,0,0,12,1
ENG-Premier League,2425,Southampton,Charlie Taylor,ENG,DF,31-096,1993,2.5,193,20,81,80,33,1,193,2,2,100.0,0,0.0,76,326,111,2,2,0,1,0,115,6
ENG-Premier League,2425,Southampton,Flynn Downes,ENG,MF,25-338,1999,14.5,875,63,272,455,151,16,875,9,1,11.1,7,77.8,412,2256,1207,18,14,4,11,13,639,23
ENG-Premier League,2425,Southampton,Jack Stephens,ENG,DF,30-331,1994,8.8,690,70,280,339,75,5,690,3,0,0.0,3,100.0,386,1846,929,11,9,0,1,1,509,1
ENG-Premier League,2425,Southampton,James Bree,ENG,DF,27-073,1997,1.6,115,9,33,51,31,0,115,2,1,50.0,0,0.0,51,244,148,1,0,0,1,2,72,5
ENG-Premier League,2425,Southampton,Jan Bednarek,POL,DF,28-255,1996,12.9,1184,229,627,540,22,6,1184,2,2,100.0,0,0.0,662,2466,1242,4,4,1,3,0,852,1
ENG-Premier League,2425,Southampton,Joe Aribo,NGA,MF,28-155,1996,10.7,553,23,134,264,162,30,553,31,10,32.3,17,54.8,307,1684,897,22,15,6,14,12,402,39
ENG-Premier League,2425,Southampton,Joe Lumley,ENG,GK,29-312,1995,3.0,164,116,161,3,0,0,164,0,0,,0,,103,476,296,0,0,0,0,0,108,0
ENG-Premier League,2425,Southampton,Kamaldeen Sulemana,GHA,"FW,MF",22-312,2002,0.7,38,3,14,9,15,4,38,6,1,16.7,4,66.7,19,136,87,4,0,3,3,2,22,3
ENG-Premier League,2425,Southampton,Kyle Walker-Peters,ENG,DF,27-254,1997,14.9,1044,86,346,474,233,28,1044,46,17,37.0,21,45.7,668,4186,2299,57,27,13,10,21,763,42
ENG-Premier League,2425,Southampton,Lesley Ugochukwu,FRA,MF,20-272,2004,2.7,130,6,32,78,21,5,130,4,3,75.0,1,25.0,69,406,194,7,2,1,2,1,93,2
ENG-Premier League,2425,Southampton,Mateus Fernandes,POR,MF,20-166,2004,13.7,741,34,173,366,216,27,741,44,20,45.5,23,52.3,384,2455,1276,38,27,5,18,14,487,41
ENG-Premier League,2425,Southampton,Maxwel Cornet,CIV,FW,28-087,1996,0.8,34,1,8,14,13,2,34,1,0,0.0,1,100.0,16,73,26,1,0,1,3,0,23,5
ENG-Premier League,2425,Southampton,Nathan Wood-Gordon,ENG,DF,22-206,2002,3.8,276,45,146,125,6,1,276,3,1,33.3,1,33.3,157,678,252,1,2,0,2,0,213,0
ENG-Premier League,2425,Southampton,Paul Onuachu,NGA,FW,30-209,1994,1.3,51,1,9,31,13,6,51,8,4,50.0,2,25.0,29,141,49,0,0,0,2,5,41,3
ENG-Premier League,2425,Southampton,Ronnie Edwards,ENG,DF,21-270,2003,0.1,6,3,4,2,0,0,6,0,0,,0,,3,10,0,0,0,0,0,0,5,0
ENG-Premier League,2425,Southampton,Ross Stewart,SCO,"FW,MF",28-165,1996,1.5,61,5,13,30,18,2,61,2,1,50.0,1,50.0,34,144,54,1,0,0,1,5,46,5
ENG-Premier League,2425,Southampton,Ryan Fraser,SCO,"FW,DF",30-303,1994,3.4,130,12,45,50,36,3,130,3,2,66.7,1,33.3,73,489,252,10,5,2,4,2,93,18
ENG-Premier League,2425,Southampton,Ryan Manning,IRL,DF,28-192,1996,7.3,403,32,113,162,134,17,403,20,8,40.0,8,40.0,198,929,457,9,7,2,12,3,249,41
ENG-Premier League,2425,Southampton,Samuel Amo-Ameyaw,ENG,"FW,DF",18-158,2006,0.3,16,0,5,5,7,1,16,4,0,0.0,3,75.0,11,98,68,1,0,1,0,2,11,3
ENG-Premier League,2425,Southampton,Samuel Edozie,ENG,"DF,FW",21-330,2003,0.7,43,0,0,7,36,10,43,4,2,50.0,2,50.0,34,336,197,6,2,4,4,0,39,23
ENG-Premier League,2425,Southampton,Taylor Harwood-Bellis,ENG,DF,22-328,2002,14.6,1278,192,642,574,67,20,1278,1,1,100.0,0,0.0,733,3130,1812,9,10,0,5,4,950,5
ENG-Premier League,2425,Southampton,Tyler Dibling,ENG,"FW,MF",18-286,2006,10.8,445,11,55,206,195,23,445,64,22,34.4,26,40.6,305,2686,1435,44,30,17,27,27,346,58
ENG-Premier League,2425,Southampton,William Smallbone,IRL,MF,24-306,2000,2.7,156,6,20,65,72,11,156,1,1,100.0,0,0.0,61,237,128,2,5,0,7,2,93,12
ENG-Premier League,2425,Southampton,Yukinari Sugawara,JPN,DF,24-178,2000,9.7,663,40,224,262,178,16,663,13,7,53.8,5,38.5,349,1636,864,16,11,3,9,2,444,38
ENG-Premier League,2425,Tottenham,Alfie Dorrington,ENG,DF,19-247,2005,0.2,16,0,11,5,0,0,16,0,0,,0,,12,61,26,0,0,0,0,0,13,0
ENG-Premier League,2425,Tottenham,Archie Gray,ENG,"DF,MF",18-286,2006,3.7,338,41,165,149,26,0,338,6,3,50.0,2,33.3,245,1109,406,1,1,0,1,2,258,3
ENG-Premier League,2425,Tottenham,Ben Davies,WAL,DF,31-243,1993,3.0,211,38,121,86,4,1,211,0,0,,0,,130,732,416,3,2,0,1,0,142,0
ENG-Premier League,2425,Tottenham,Brennan Johnson,WAL,FW,23-214,2001,13.4,487,7,48,139,305,89,487,22,11,50.0,9,40.9,295,1609,827,38,10,24,15,7,353,124
ENG-Premier League,2425,Tottenham,Cristian Romero,ARG,DF,26-240,1998,10.8,981,112,402,531,54,16,981,3,1,33.3,1,33.3,656,3423,2136,10,16,0,4,3,672,2
ENG-Premier League,2425,Tottenham,Dejan Kulusevski,SWE,"MF,FW",24-242,2000,14.7,715,14,77,229,422,98,715,65,24,36.9,36,55.4,452,3557,2018,79,42,24,41,39,487,125
ENG-Premier League,2425,Tottenham,Destiny Udogie,ITA,DF,22-025,2002,14.5,946,41,240,403,310,38,946,24,10,41.7,12,50.0,505,2784,1573,36,28,7,20,16,562,75
ENG-Premier League,2425,Tottenham,Djed Spence,ENG,DF,24-136,2000,2.6,206,9,71,99,39,4,206,13,5,38.5,8,61.5,133,807,507,14,9,0,1,1,138,13
ENG-Premier League,2425,Tottenham,Dominic Solanke,ENG,FW,27-100,1997,13.8,376,22,33,176,171,65,376,34,14,41.2,20,58.8,214,1213,481,20,13,10,37,24,253,58
ENG-Premier League,2425,Tottenham,Fraser Forster,ENG,GK,36-281,1988,5.0,176,164,176,0,0,0,176,1,1,100.0,0,0.0,89,397,228,0,0,0,1,0,73,0
ENG-Premier League,2425,Tottenham,Guglielmo Vicario,ITA,GK,28-077,1996,12.0,487,311,477,10,0,0,487,1,1,100.0,0,0.0,355,1725,929,0,0,0,0,0,322,0
ENG-Premier League,2425,Tottenham,James Maddison,ENG,MF,28-030,1996,12.0,872,16,125,378,379,51,872,43,20,46.5,18,41.9,608,3029,1366,26,27,9,11,16,663,61
ENG-Premier League,2425,Tottenham,Lucas Bergvall,SWE,MF,18-325,2006,2.3,214,6,43,108,66,4,214,11,7,63.6,4,36.4,140,875,399,7,3,1,7,7,158,8
ENG-Premier League,2425,Tottenham,Micky van de Ven,NED,DF,23-248,2001,8.8,716,79,373,319,32,8,716,6,4,66.7,2,33.3,504,2357,1129,8,10,1,4,4,520,1
ENG-Premier League,2425,Tottenham,Mikey Moore,ENG,FW,17-134,2007,0.9,34,0,4,6,24,3,34,6,1,16.7,4,66.7,27,235,125,5,2,2,2,2,27,12
ENG-Premier League,2425,Tottenham,Pape Matar Sarr,SEN,MF,22-100,2002,10.1,673,19,136,385,165,9,673,14,5,35.7,8,57.1,431,2490,1027,13,17,1,16,10,481,30
ENG-Premier League,2425,Tottenham,Pedro Porro,ESP,DF,25-101,1999,16.0,1209,71,345,423,451,18,1209,20,6,30.0,12,60.0,658,3097,1602,41,31,1,16,13,706,53
ENG-Premier League,2425,Tottenham,Radu Drăgușin,ROU,DF,22-324,2002,9.0,627,95,340,274,18,7,627,1,0,0.0,0,0.0,415,2227,1099,3,2,0,6,1,441,1
ENG-Premier League,2425,Tottenham,Richarlison,BRA,FW,27-227,1997,1.0,47,2,6,28,13,5,47,5,1,20.0,3,60.0,28,153,65,4,2,1,2,1,39,12
ENG-Premier League,2425,Tottenham,Rodrigo Bentancur,URU,MF,27-181,1997,5.9,460,18,106,266,92,7,460,6,2,33.3,3,50.0,284,1206,499,5,9,2,3,4,324,3
ENG-Premier League,2425,Tottenham,Son Heung-min,KOR,FW,32-168,1992,11.8,593,7,53,191,355,69,593,43,18,41.9,22,51.2,405,2446,1282,50,24,19,14,14,466,148
ENG-Premier League,2425,Tottenham,Timo Werner,GER,"FW,MF",28-292,1996,4.5,243,5,17,63,169,31,243,16,8,50.0,7,43.8,177,1491,921,36,21,17,11,6,191,73
ENG-Premier League,2425,Tottenham,Will Lankshear,ENG,FW,19-247,2005,0.1,2,0,0,1,1,0,2,0,0,,0,,2,2,0,0,0,0,1,0,2,1
ENG-Premier League,2425,Tottenham,Wilson Odobert,FRA,FW,20-025,2004,1.8,105,2,11,29,65,13,105,10,3,30.0,6,60.0,76,626,410,13,10,6,4,4,80,18
ENG-Premier League,2425,Tottenham,Yves Bissouma,MLI,MF,28-115,1996,9.2,648,44,181,369,104,3,648,16,6,37.5,10,62.5,396,2391,1052,12,13,0,16,7,458,1
ENG-Premier League,2425,West Ham,Aaron Cresswell,ENG,DF,35-008,1989,0.4,41,2,11,20,11,0,41,0,0,,0,,15,49,20,1,2,0,0,0,22,1
ENG-Premier League,2425,West Ham,Aaron Wan-Bissaka,ENG,DF,27-027,1997,15.0,903,73,282,374,264,20,903,50,24,48.0,18,36.0,403,2852,1684,48,26,6,14,12,503,61
ENG-Premier League,2425,West Ham,Alphonse Areola,FRA,GK,31-300,1993,7.5,303,246,299,4,0,0,303,0,0,,0,,166,726,360,0,0,0,0,0,151,0
ENG-Premier League,2425,West Ham,Andy Irving,SCO,MF,24-224,2000,0.6,59,1,11,40,8,0,59,0,0,,0,,38,139,64,0,1,0,1,1,46,0
ENG-Premier League,2425,West Ham,Carlos Soler,ESP,MF,27-356,1997,6.7,357,9,79,175,106,10,357,7,3,42.9,3,42.9,174,851,354,9,11,4,4,10,253,16
ENG-Premier League,2425,West Ham,Crysencio Summerville,NED,"FW,MF",23-054,2001,7.1,303,9,39,119,147,30,303,26,7,26.9,13,50.0,161,1142,620,26,12,11,15,13,203,55
ENG-Premier League,2425,West Ham,Danny Ings,ENG,FW,32-153,1992,2.0,94,1,10,32,52,19,94,5,3,60.0,2,40.0,44,251,95,5,0,2,5,5,71,19
ENG-Premier League,2425,West Ham,Edson Álvarez,MEX,MF,27-060,1997,8.8,547,32,157,312,85,5,547,16,7,43.8,6,37.5,304,1760,858,10,9,1,8,8,353,8
ENG-Premier League,2425,West Ham,Emerson Palmieri,ITA,DF,30-142,1994,13.1,764,47,238,330,207,15,764,10,4,40.0,6,60.0,297,1573,869,19,14,5,14,5,392,50
ENG-Premier League,2425,West Ham,Guido Rodríguez,ARG,MF,30-255,1994,9.2,518,32,155,313,51,2,518,2,1,50.0,0,0.0,243,865,344,2,5,0,1,5,299,4
ENG-Premier League,2425,West Ham,James Ward-Prowse,ENG,MF,30-052,1994,0.2,16,0,3,11,2,0,16,0,0,,0,,6,38,30,1,0,0,0,0,8,0
ENG-Premier League,2425,West Ham,Jarrod Bowen,ENG,"FW,MF",28-003,1996,16.7,662,17,79,230,368,84,661,75,33,44.0,38,50.7,372,2839,1370,59,26,30,32,35,403,103
ENG-Premier League,2425,West Ham,Jean-Clair Todibo,FRA,DF,24-359,1999,7.7,449,73,261,181,11,5,449,8,5,62.5,3,37.5,256,1120,600,2,3,0,3,5,292,1
ENG-Premier League,2425,West Ham,Kaelan Casey,ENG,DF,20-056,2004,0.0,1,1,1,0,0,0,1,0,0,,0,,0,0,0,0,0,0,0,0,0,0
ENG-Premier League,2425,West Ham,Konstantinos Mavropanos,GRE,DF,27-012,1997,11.1,738,100,344,359,39,16,738,11,6,54.5,4,36.4,416,2098,1231,10,5,1,6,0,475,2
ENG-Premier League,2425,West Ham,Lucas Paquetá,BRA,MF,27-118,1997,13.3,856,34,190,459,215,32,854,17,9,52.9,8,47.1,427,1508,574,9,15,2,23,30,585,44
ENG-Premier League,2425,West Ham,Luis Guilherme,BRA,MF,18-318,2006,0.1,8,0,1,2,5,1,8,3,0,0.0,1,33.3,5,38,10,0,0,0,0,0,5,1
ENG-Premier League,2425,West Ham,Max Kilman,ENG,DF,27-214,1997,17.0,1082,206,582,455,54,17,1082,15,10,66.7,1,6.7,580,2473,1446,14,5,1,9,1,702,2
ENG-Premier League,2425,West Ham,Michail Antonio,JAM,FW,34-270,1990,9.3,296,3,26,124,151,36,296,27,9,33.3,13,48.1,173,1177,695,29,13,9,35,19,221,59
ENG-Premier League,2425,West Ham,Mohammed Kudus,GHA,"MF,FW",24-143,2000,11.0,501,6,61,191,265,55,501,87,42,48.3,36,41.4,333,2296,1143,45,27,20,28,33,394,99
ENG-Premier League,2425,West Ham,Niclas Füllkrug,GER,FW,31-318,1993,1.9,58,5,6,26,26,13,58,3,0,0.0,3,100.0,22,87,56,3,1,2,7,1,35,4
ENG-Premier League,2425,West Ham,Oliver Scarles,ENG,DF,19-011,2005,0.4,22,1,9,9,4,1,22,1,0,0.0,1,100.0,9,36,20,0,0,0,0,0,8,3
ENG-Premier League,2425,West Ham,Tomáš Souček,CZE,MF,29-300,1995,12.9,575,55,153,286,138,55,575,4,1,25.0,3,75.0,232,685,243,2,6,1,8,7,348,30
ENG-Premier League,2425,West Ham,Vladimír Coufal,CZE,DF,32-123,1992,4.9,295,22,96,128,72,6,295,7,2,28.6,2,28.6,104,544,231,7,4,1,6,5,146,17
ENG-Premier League,2425,West Ham,Łukasz Fabiański,POL,GK,39-249,1985,9.5,374,290,370,4,0,0,374,0,0,,0,,198,1059,673,0,0,0,0,0,164,0
ENG-Premier League,2425,Wolves,Alfie Pond,ENG,DF,20-297,2004,0.0,1,0,0,1,0,0,1,0,0,,0,,1,2,2,0,0,0,0,0,1,0
ENG-Premier League,2425,Wolves,André,BRA,MF,23-160,2001,9.1,528,46,164,318,50,1,528,8,4,50.0,4,50.0,261,1135,552,5,6,0,10,8,350,4
ENG-Premier League,2425,Wolves,Carlos Forbs,POR,"MF,FW",20-279,2004,2.3,96,3,18,33,46,10,96,9,5,55.6,4,44.4,58,355,256,8,3,7,6,3,67,24
ENG-Premier League,2425,Wolves,Chiquinho,POR,MF,24-322,2000,0.1,3,0,0,1,2,1,3,0,0,,0,,1,13,5,0,0,0,0,0,2,0
ENG-Premier League,2425,Wolves,Craig Dawson,ENG,DF,34-231,1990,9.9,617,124,371,224,23,12,617,5,1,20.0,2,40.0,353,1679,905,6,1,0,1,0,408,5
ENG-Premier League,2425,Wolves,Daniel Podence,POR,"MF,FW",29-063,1995,0.5,20,0,2,11,7,0,20,2,2,100.0,0,0.0,13,77,43,1,1,0,0,0,17,3
ENG-Premier League,2425,Wolves,Gonçalo Guedes,POR,"FW,MF",28-024,1996,3.8,159,2,17,71,77,10,159,8,3,37.5,4,50.0,96,683,335,12,6,0,13,6,108,28
ENG-Premier League,2425,Wolves,Hwang Hee-chan,KOR,"MF,FW",28-332,1996,3.7,125,1,18,56,52,5,125,8,1,12.5,7,87.5,69,456,201,7,2,3,6,5,81,11
ENG-Premier League,2425,Wolves,Jean-Ricner Bellegarde,FRA,"MF,FW",26-179,1998,8.1,296,10,53,117,132,22,296,34,5,14.7,18,52.9,186,1209,553,19,13,6,11,10,202,37
ENG-Premier League,2425,Wolves,José Sá,POR,GK,31-341,1993,10.0,344,280,341,3,0,0,344,3,3,100.0,0,0.0,213,1366,807,0,0,0,1,0,156,0
ENG-Premier League,2425,Wolves,João Gomes,BRA,MF,23-315,2001,15.1,811,26,183,465,174,17,811,21,13,61.9,6,28.6,419,2627,1375,28,26,4,14,22,525,32
ENG-Premier League,2425,Wolves,Jørgen Strand Larsen,NOR,FW,24-321,2000,15.5,369,24,52,177,141,56,369,10,4,40.0,6,60.0,167,580,178,6,5,5,45,17,262,46
ENG-Premier League,2425,Wolves,Mario Lemina,GAB,"MF,DF",31-113,1993,14.8,778,89,315,366,109,18,778,16,10,62.5,4,25.0,366,1951,962,8,11,2,20,10,462,20
ENG-Premier League,2425,Wolves,Matheus Cunha,BRA,"MF,FW",25-210,1999,15.8,769,14,90,365,343,71,769,72,34,47.2,30,41.7,415,3568,1701,59,49,24,44,26,494,94
ENG-Premier League,2425,Wolves,Matt Doherty,IRL,DF,32-342,1992,5.9,386,27,116,175,99,15,386,3,2,66.7,1,33.3,176,632,261,6,4,3,7,2,226,27
ENG-Premier League,2425,Wolves,Nélson Semedo,POR,DF,31-037,1993,13.6,767,78,261,371,142,10,767,33,16,48.5,13,39.4,387,2380,1290,24,17,7,14,6,433,35
ENG-Premier League,2425,Wolves,Pablo Sarabia,ESP,"MF,FW",32-226,1992,2.0,122,2,14,68,40,8,122,7,4,57.1,2,28.6,65,276,147,4,1,0,5,2,78,13
ENG-Premier League,2425,Wolves,Rayan Aït-Nouri,ALG,DF,23-200,2001,15.2,892,52,264,398,242,35,892,57,28,49.1,18,31.6,469,2646,1314,28,23,10,15,18,536,64
ENG-Premier League,2425,Wolves,Rodrigo Gomes,POR,"DF,FW",21-169,2003,3.9,162,11,42,54,68,14,162,6,2,33.3,3,50.0,83,556,346,11,7,6,6,5,100,35
ENG-Premier League,2425,Wolves,Sam Johnstone,ENG,GK,31-273,1993,7.0,306,229,304,2,0,0,306,0,0,,0,,196,1221,756,0,0,0,0,0,179,0
ENG-Premier League,2425,Wolves,Santiago Bueno,URU,DF,26-044,1998,8.8,475,67,239,228,9,2,475,2,0,0.0,2,100.0,251,1153,517,1,1,0,1,1,311,1
ENG-Premier League,2425,Wolves,Tommy Doyle,ENG,MF,23-067,2001,3.8,311,15,90,179,43,2,311,5,4,80.0,0,0.0,178,990,414,4,1,0,4,2,208,2
ENG-Premier League,2425,Wolves,Toti Gomes,POR,DF,25-342,1999,13.0,853,120,438,382,44,8,853,13,10,76.9,2,15.4,473,2473,1287,5,9,0,12,7,571,7
ENG-Premier League,2425,Wolves,Yerson Mosquera,COL,DF,23-235,2001,4.9,294,43,170,115,12,7,294,0,0,,0,,168,683,322,0,1,0,4,1,182,0
