,,,,nation,pos,age,born,90s,Total,Total,Total,Total,Total,Short,Short,Short,Medium,Medium,Medium,Long,Long,Long,Ast,xAG,Expected,Expected,KP,1/3,PPA,CrsPA,PrgP
,,,,,,,,,Cmp,Att,Cmp%,TotDist,PrgDist,Cmp,Att,Cmp%,Cmp,Att,Cmp%,Cmp,Att,Cmp%,,,xA,A-xAG,,,,,
league,season,team,player,,,,,,,,,,,,,,,,,,,,,,,,,,,,
ENG-Premier League,2425,Arsenal,Ben White,ENG,DF,27-076,1997,7.7,294,352,83.5,4830,1659,150,164,91.5,123,142,86.6,14,32,43.8,1,0.4,0.4,0.6,3,27,6,1,30
ENG-Premier League,2425,Arsenal,Bukayo Saka,ENG,"FW,MF",23-109,2001,14.1,406,546,74.4,6315,1918,238,265,89.8,119,163,73.0,36,77,46.8,10,5.8,5.6,4.2,42,11,28,9,53
ENG-Premier League,2425,Arsenal,David Raya,ESP,GK,29-099,1995,17.0,452,624,72.4,11671,8239,110,112,98.2,228,231,98.7,114,279,40.9,0,0.0,0.0,0.0,0,21,1,0,3
ENG-Premier League,2425,Arsenal,Declan Rice,ENG,MF,25-344,1999,13.3,610,733,83.2,10864,2837,289,312,92.6,243,275,88.4,66,121,54.5,3,3.4,2.5,-0.4,24,60,14,1,89
ENG-Premier League,2425,Arsenal,Ethan Nwaneri,ENG,"MF,FW",17-277,2007,1.3,54,62,87.1,865,280,32,35,91.4,15,16,93.8,6,8,75.0,0,0.2,0.3,-0.2,2,4,2,0,7
ENG-Premier League,2425,Arsenal,Gabriel Jesus,BRA,FW,27-264,1997,4.0,89,119,74.8,1127,231,61,75,81.3,21,24,87.5,2,4,50.0,0,0.5,0.2,-0.5,5,7,3,0,11
ENG-Premier League,2425,Arsenal,Gabriel Magalhães,BRA,DF,27-004,1997,14.1,788,877,89.9,13854,4066,323,338,95.6,403,431,93.5,53,89,59.6,1,0.5,0.6,0.5,6,63,3,0,59
ENG-Premier League,2425,Arsenal,Gabriel Martinelli,BRA,"FW,MF",23-188,2001,10.5,211,300,70.3,3228,655,126,157,80.3,70,97,72.2,12,22,54.5,2,2.2,2.5,-0.2,17,4,14,8,18
ENG-Premier League,2425,Arsenal,Jakub Kiwior,POL,DF,24-312,2000,3.6,147,175,84.0,2623,792,57,63,90.5,80,88,90.9,9,19,47.4,0,0.1,0.0,-0.1,1,8,0,0,8
ENG-Premier League,2425,Arsenal,Jorginho,ITA,MF,33-003,1991,4.4,230,264,87.1,3653,789,116,131,88.5,98,105,93.3,11,19,57.9,0,0.2,0.3,-0.2,2,22,8,0,29
ENG-Premier League,2425,Arsenal,Jurriën Timber,NED,DF,23-189,2001,13.5,522,626,83.4,7601,2219,294,328,89.6,208,249,83.5,12,25,48.0,1,0.6,0.8,0.4,13,44,8,1,60
ENG-Premier League,2425,Arsenal,Kai Havertz,GER,"FW,MF",25-195,1999,15.4,287,367,78.2,3460,775,200,237,84.4,72,87,82.8,2,8,25.0,2,2.2,1.3,-0.2,13,20,7,1,47
ENG-Premier League,2425,Arsenal,Leandro Trossard,BEL,FW,30-019,1994,10.2,226,317,71.3,4158,1317,101,128,78.9,94,122,77.0,26,43,60.5,1,2.1,1.2,-1.1,16,17,21,4,43
ENG-Premier League,2425,Arsenal,Martin Ødegaard,NOR,MF,26-006,1998,9.1,403,476,84.7,6135,1699,225,241,93.4,153,176,86.9,16,31,51.6,2,1.7,2.2,0.3,24,44,29,2,91
ENG-Premier League,2425,Arsenal,Mikel Merino,ESP,MF,28-184,1996,5.3,161,211,76.3,2372,714,98,111,88.3,53,70,75.7,6,13,46.2,0,0.8,0.5,-0.8,5,17,10,2,22
ENG-Premier League,2425,Arsenal,Myles Lewis-Skelly,ENG,DF,18-088,2006,1.6,90,97,92.8,1277,288,56,58,96.6,29,32,90.6,3,3,100.0,0,0.1,0.1,-0.1,1,11,0,0,9
ENG-Premier League,2425,Arsenal,Oleksandr Zinchenko,UKR,"DF,MF",28-008,1996,2.6,166,203,81.8,2642,649,92,99,92.9,64,77,83.1,7,17,41.2,0,0.0,0.1,0.0,1,13,1,0,19
ENG-Premier League,2425,Arsenal,Raheem Sterling,ENG,"MF,FW",30-015,1994,1.6,39,53,73.6,535,118,25,31,80.6,13,18,72.2,1,2,50.0,1,0.2,0.1,0.8,3,1,1,0,6
ENG-Premier League,2425,Arsenal,Reiss Nelson,ENG,FW,25-013,1999,0.0,0,0,,0,0,0,0,,0,0,,0,0,,0,0.0,0.0,0.0,0,0,0,0,0
ENG-Premier League,2425,Arsenal,Riccardo Calafiori,ITA,DF,22-218,2002,6.0,256,303,84.5,3927,953,140,154,90.9,98,116,84.5,13,15,86.7,1,0.1,0.5,0.9,3,19,4,1,24
ENG-Premier League,2425,Arsenal,Takehiro Tomiyasu,JPN,DF,26-048,1998,0.1,3,4,75.0,42,10,1,1,100.0,2,2,100.0,0,1,0.0,0,0.0,0.0,0.0,0,0,0,0,1
ENG-Premier League,2425,Arsenal,Thomas Partey,GHA,"MF,DF",31-193,1993,14.5,794,895,88.7,12760,3351,414,439,94.3,318,358,88.8,48,68,70.6,2,1.3,1.0,0.7,9,71,18,1,88
ENG-Premier League,2425,Arsenal,William Saliba,FRA,DF,23-274,2001,15.3,1051,1115,94.3,17988,5110,442,457,96.7,551,577,95.5,54,67,80.6,0,0.5,0.7,-0.5,2,71,1,0,53
ENG-Premier League,2425,Aston Villa,Amadou Onana,BEL,MF,23-129,2001,9.0,341,381,89.5,5274,1245,169,178,94.9,146,158,92.4,14,18,77.8,0,0.1,0.2,-0.1,3,23,4,1,24
ENG-Premier League,2425,Aston Villa,Boubacar Kamara,FRA,MF,25-030,1999,4.8,224,241,92.9,3507,980,117,119,98.3,95,104,91.3,9,13,69.2,0,0.1,0.1,-0.1,1,23,2,0,21
ENG-Premier League,2425,Aston Villa,Diego Carlos,BRA,DF,31-283,1993,8.2,476,538,88.5,9850,3775,119,130,91.5,306,325,94.2,50,76,65.8,0,0.0,0.1,0.0,0,22,1,0,34
ENG-Premier League,2425,Aston Villa,Emi Buendía,ARG,"MF,FW",27-364,1996,0.5,31,38,81.6,382,117,21,24,87.5,6,7,85.7,1,4,25.0,0,0.0,0.0,0.0,1,4,0,0,5
ENG-Premier League,2425,Aston Villa,Emiliano Martínez,ARG,GK,32-112,1992,16.5,502,609,82.4,13196,7776,78,81,96.3,302,307,98.4,122,219,55.7,0,0.0,0.0,0.0,0,10,0,0,0
ENG-Premier League,2425,Aston Villa,Ezri Konsa,ENG,DF,27-061,1997,14.1,656,715,91.7,11043,3323,272,284,95.8,349,366,95.4,25,44,56.8,0,0.1,0.4,-0.1,2,52,1,0,39
ENG-Premier League,2425,Aston Villa,Ian Maatsen,NED,DF,22-288,2002,3.2,166,205,81.0,2678,767,83,97,85.6,69,80,86.3,10,15,66.7,0,1.1,0.9,-1.1,9,7,7,1,16
ENG-Premier League,2425,Aston Villa,Jacob Ramsey,ENG,"FW,MF",23-209,2001,7.0,223,262,85.1,2863,685,159,173,91.9,52,61,85.2,4,8,50.0,2,1.3,1.2,0.7,8,12,7,0,28
ENG-Premier League,2425,Aston Villa,Jaden Philogene Bidace,ENG,"FW,MF",22-319,2002,3.7,63,86,73.3,850,161,40,49,81.6,18,21,85.7,2,3,66.7,0,0.3,0.2,-0.3,1,1,3,0,4
ENG-Premier League,2425,Aston Villa,Jhon Durán,COL,FW,21-010,2003,6.3,102,143,71.3,1405,297,58,69,84.1,32,47,68.1,5,11,45.5,0,0.2,0.2,-0.2,4,10,1,0,12
ENG-Premier League,2425,Aston Villa,John McGinn,SCO,"FW,MF",30-066,1994,11.9,264,329,80.2,4681,1442,119,132,90.2,111,137,81.0,31,44,70.5,3,2.4,1.9,0.6,20,24,20,5,51
ENG-Premier League,2425,Aston Villa,Kosta Nedeljković,SRB,DF,19-007,2005,1.1,31,36,86.1,548,134,16,17,94.1,12,15,80.0,3,4,75.0,0,0.0,0.0,0.0,0,4,0,0,3
ENG-Premier League,2425,Aston Villa,Lamare Bogarde,NED,DF,20-353,2004,2.4,120,138,87.0,1781,639,73,79,92.4,44,48,91.7,2,7,28.6,0,0.1,0.1,-0.1,1,16,1,0,8
ENG-Premier League,2425,Aston Villa,Leon Bailey,JAM,"FW,MF",27-136,1997,8.1,168,241,69.7,2601,670,95,119,79.8,59,72,81.9,10,25,40.0,2,1.3,2.3,0.7,10,8,14,2,21
ENG-Premier League,2425,Aston Villa,Lucas Digne,FRA,DF,31-156,1993,13.9,518,684,75.7,8518,2668,253,284,89.1,217,275,78.9,36,80,45.0,2,3.0,2.4,-1.0,23,16,19,12,24
ENG-Premier League,2425,Aston Villa,Matty Cash,POL,"DF,FW",27-138,1997,9.2,319,396,80.6,5210,1572,159,175,90.9,138,167,82.6,16,37,43.2,0,0.2,0.6,-0.2,3,18,2,1,18
ENG-Premier League,2425,Aston Villa,Morgan Rogers,ENG,"MF,FW",22-150,2002,15.6,328,431,76.1,4592,1603,187,218,85.8,95,127,74.8,21,27,77.8,3,3.9,2.7,-0.9,26,33,30,0,60
ENG-Premier League,2425,Aston Villa,Ollie Watkins,ENG,FW,28-359,1995,12.6,127,167,76.0,1460,246,82,103,79.6,30,34,88.2,2,3,66.7,3,1.6,1.1,1.4,12,7,3,0,12
ENG-Premier League,2425,Aston Villa,Pau Torres,ESP,DF,27-342,1997,16.0,881,1001,88.0,15296,5761,379,404,93.8,437,470,93.0,54,105,51.4,0,0.0,0.3,0.0,1,88,6,0,69
ENG-Premier League,2425,Aston Villa,Robin Olsen,SWE,GK,34-350,1990,0.5,16,21,76.2,358,217,6,6,100.0,8,8,100.0,2,7,28.6,0,0.0,0.0,0.0,0,0,0,0,0
ENG-Premier League,2425,Aston Villa,Ross Barkley,ENG,MF,31-018,1993,5.0,248,292,84.9,3860,957,129,149,86.6,107,116,92.2,8,12,66.7,1,0.5,0.4,0.5,7,27,5,0,25
ENG-Premier League,2425,Aston Villa,Tyrone Mings,ENG,DF,31-285,1993,1.0,36,40,90.0,645,333,18,21,85.7,15,16,93.8,3,3,100.0,0,0.0,0.0,0.0,0,4,1,0,2
ENG-Premier League,2425,Aston Villa,Youri Tielemans,BEL,MF,27-230,1997,16.3,833,1009,82.6,14451,5214,381,425,89.6,364,409,89.0,76,142,53.5,4,4.2,3.8,-0.2,38,117,19,3,111
ENG-Premier League,2425,Bournemouth,Adam Smith,ENG,DF,33-238,1991,11.5,312,407,76.7,5135,1780,149,171,87.1,137,171,80.1,19,50,38.0,0,0.1,0.1,-0.1,3,31,3,1,31
ENG-Premier League,2425,Bournemouth,Alex Scott,ENG,MF,21-124,2003,2.9,116,132,87.9,2046,749,55,60,91.7,52,55,94.5,9,12,75.0,0,0.2,0.2,-0.2,5,22,4,0,32
ENG-Premier League,2425,Bournemouth,Antoine Semenyo,GHA,FW,24-351,2000,15.4,332,463,71.7,5039,1282,194,231,84.0,112,143,78.3,17,48,35.4,1,2.8,2.2,-1.8,20,28,20,4,42
ENG-Premier League,2425,Bournemouth,Dango Ouattara,BFA,"FW,DF",22-316,2002,7.8,142,245,58.0,2381,733,78,110,70.9,54,84,64.3,10,30,33.3,3,3.8,1.6,-0.8,15,3,8,4,15
ENG-Premier League,2425,Bournemouth,Daniel Jebbison,ENG,FW,21-132,2003,0.3,3,5,60.0,38,6,3,4,75.0,0,0,,0,0,,0,0.0,0.0,0.0,1,1,0,0,0
ENG-Premier League,2425,Bournemouth,David Brooks,WAL,"FW,MF",27-168,1997,2.0,59,89,66.3,1013,259,27,35,77.1,28,36,77.8,3,10,30.0,0,0.6,0.7,-0.6,4,3,7,3,9
ENG-Premier League,2425,Bournemouth,Dean Huijsen,ESP,DF,19-253,2005,6.8,325,394,82.5,6595,2750,100,112,89.3,181,206,87.9,42,68,61.8,0,0.5,0.4,-0.5,8,32,1,0,31
ENG-Premier League,2425,Bournemouth,Enes Ünal,TUR,"FW,MF",27-227,1997,2.7,41,66,62.1,497,136,23,31,74.2,15,25,60.0,0,1,0.0,1,0.2,0.1,0.8,3,3,3,0,8
ENG-Premier League,2425,Bournemouth,Evanilson,BRA,FW,25-078,1999,13.1,111,168,66.1,1357,274,73,102,71.6,22,34,64.7,6,7,85.7,0,1.1,1.1,-1.1,14,6,2,0,10
ENG-Premier League,2425,Bournemouth,Illia Zabarnyi,UKR,DF,22-113,2002,17.0,667,804,83.0,14326,5412,176,191,92.1,390,429,90.9,96,168,57.1,0,0.2,0.2,-0.2,5,67,3,0,62
ENG-Premier League,2425,Bournemouth,James Hill,ENG,MF,22-348,2002,0.1,6,10,60.0,92,20,3,5,60.0,3,4,75.0,0,0,,0,0.0,0.0,0.0,0,1,0,0,0
ENG-Premier League,2425,Bournemouth,Julian Araujo,MEX,DF,23-132,2001,3.9,131,166,78.9,2297,759,60,67,89.6,61,71,85.9,9,22,40.9,0,0.0,0.0,0.0,0,15,1,0,14
ENG-Premier League,2425,Bournemouth,Justin Kluivert,NED,"MF,FW",25-232,1999,11.7,211,298,70.8,3344,853,116,149,77.9,75,102,73.5,16,24,66.7,2,2.0,1.2,0.0,18,16,9,3,40
ENG-Premier League,2425,Bournemouth,Kepa Arrizabalaga,ESP,GK,30-081,1994,12.0,279,382,73.0,8098,5847,33,35,94.3,150,154,97.4,95,189,50.3,0,0.0,0.0,0.0,1,4,0,0,0
ENG-Premier League,2425,Bournemouth,Lewis Cook,ENG,"MF,DF",27-324,1997,14.6,532,713,74.6,9291,3047,232,276,84.1,254,299,84.9,41,115,35.7,3,2.3,1.9,0.7,23,72,11,2,83
ENG-Premier League,2425,Bournemouth,Luis Sinisterra,COL,"FW,MF",25-189,1999,2.3,54,70,77.1,789,117,33,35,94.3,17,26,65.4,3,3,100.0,1,1.0,0.9,0.0,9,4,1,1,3
ENG-Premier League,2425,Bournemouth,Marcos Senesi,ARG,DF,27-227,1997,10.2,440,578,76.1,9108,4764,163,187,87.2,204,237,86.1,71,144,49.3,0,0.4,0.5,-0.4,5,66,12,3,45
ENG-Premier League,2425,Bournemouth,Marcus Tavernier,ENG,"FW,MF",25-276,1999,12.7,362,504,71.8,6144,1921,173,197,87.8,153,200,76.5,30,77,39.0,4,2.6,2.1,1.4,30,45,20,7,70
ENG-Premier League,2425,Bournemouth,Mark Travers,IRL,GK,25-219,1999,3.0,51,72,70.8,1990,1697,4,4,100.0,21,22,95.5,26,46,56.5,0,0.0,0.0,0.0,0,0,0,0,0
ENG-Premier League,2425,Bournemouth,Max Aarons,ENG,DF,24-354,2000,0.2,17,20,85.0,278,76,8,9,88.9,7,7,100.0,1,3,33.3,0,0.0,0.0,0.0,0,2,0,0,4
ENG-Premier League,2425,Bournemouth,Milos Kerkez,HUN,DF,21-046,2003,16.2,529,685,77.2,8500,3044,292,324,90.1,196,247,79.4,34,85,40.0,2,2.5,1.3,-0.5,17,35,18,9,74
ENG-Premier League,2425,Bournemouth,Neto,BRA,GK,35-157,1989,2.0,40,62,64.5,1183,896,7,7,100.0,21,21,100.0,12,33,36.4,0,0.0,0.0,0.0,0,2,0,0,0
ENG-Premier League,2425,Bournemouth,Philip Billing,DEN,MF,28-195,1996,0.9,38,54,70.4,605,285,22,26,84.6,10,16,62.5,3,8,37.5,0,0.8,0.9,-0.8,7,8,4,1,11
ENG-Premier League,2425,Bournemouth,Ryan Christie,SCO,MF,29-305,1995,12.6,436,533,81.8,7799,2219,191,218,87.6,197,215,91.6,43,80,53.8,1,1.8,1.8,-0.8,22,59,17,1,83
ENG-Premier League,2425,Bournemouth,Tyler Adams,USA,MF,25-313,1999,5.1,169,202,83.7,2663,608,83,94,88.3,76,86,88.4,5,12,41.7,0,0.4,0.1,-0.4,4,11,1,0,19
ENG-Premier League,2425,Brentford,Ben Mee,ENG,DF,35-093,1989,1.1,63,77,81.8,1159,481,23,26,88.5,34,38,89.5,6,11,54.5,0,0.0,0.0,0.0,0,7,0,0,9
ENG-Premier League,2425,Brentford,Bryan Mbeumo,CMR,FW,25-138,1999,16.9,407,592,68.8,6688,1949,214,262,81.7,151,201,75.1,34,87,39.1,2,3.3,4.1,-1.3,30,26,26,9,60
ENG-Premier League,2425,Brentford,Christian Nørgaard,DEN,MF,30-288,1994,12.8,508,610,83.3,8234,2606,258,288,89.6,211,245,86.1,28,49,57.1,2,0.4,0.4,1.6,8,67,7,1,63
ENG-Premier League,2425,Brentford,Edmond-Paris Maghoma,ENG,MF,23-229,2001,0.6,27,29,93.1,466,133,13,13,100.0,10,11,90.9,3,3,100.0,0,0.0,0.0,0.0,0,1,0,0,7
ENG-Premier League,2425,Brentford,Ethan Pinnock,JAM,DF,31-208,1993,16.0,712,845,84.3,13170,4709,270,286,94.4,375,425,88.2,62,114,54.4,0,1.2,0.6,-1.2,8,38,4,1,33
ENG-Premier League,2425,Brentford,Fabio Carvalho,POR,"FW,MF",22-115,2002,4.8,116,164,70.7,1676,419,71,87,81.6,32,42,76.2,7,18,38.9,1,0.5,0.5,0.5,3,11,5,1,16
ENG-Premier League,2425,Brentford,Frank Onyeka,NGA,MF,26-357,1998,0.3,6,7,85.7,71,19,5,5,100.0,1,1,100.0,0,0,,0,0.0,0.0,0.0,0,0,1,0,1
ENG-Premier League,2425,Brentford,Jayden Meghoma,ENG,DF,18-178,2006,0.1,3,3,100.0,28,7,3,3,100.0,0,0,,0,0,,0,0.0,0.0,0.0,0,0,0,0,0
ENG-Premier League,2425,Brentford,Keane Lewis-Potter,ENG,"DF,FW",23-305,2001,14.3,360,454,79.3,5658,1286,216,237,91.1,115,147,78.2,24,46,52.2,1,1.1,1.9,-0.1,10,18,17,4,43
ENG-Premier League,2425,Brentford,Kevin Schade,GER,FW,23-026,2001,8.4,101,170,59.4,1420,289,57,82,69.5,37,61,60.7,2,9,22.2,2,1.1,0.6,0.9,4,9,4,0,14
ENG-Premier League,2425,Brentford,Kristoffer Ajer,NOR,DF,26-250,1998,8.0,265,340,77.9,4263,1580,138,158,87.3,102,133,76.7,17,29,58.6,0,0.7,0.3,-0.7,3,22,3,3,27
ENG-Premier League,2425,Brentford,Mads Roerslev,DEN,DF,25-182,1999,6.3,242,304,79.6,4225,1324,108,125,86.4,109,134,81.3,21,32,65.6,1,1.8,0.8,-0.8,9,23,5,3,36
ENG-Premier League,2425,Brentford,Mark Flekken,NED,GK,31-193,1993,17.0,613,813,75.4,17481,11552,80,82,97.6,333,346,96.2,200,381,52.5,1,0.2,0.1,0.8,1,23,1,0,0
ENG-Premier League,2425,Brentford,Mathias Jensen,DEN,MF,28-357,1996,5.3,175,243,72.0,3277,1201,79,95,83.2,71,93,76.3,21,44,47.7,1,0.8,0.6,0.2,8,21,10,2,33
ENG-Premier League,2425,Brentford,Mikkel Damsgaard,DEN,"MF,FW",24-173,2000,13.2,454,629,72.2,7655,2697,236,275,85.8,168,226,74.3,44,95,46.3,4,3.7,2.7,0.3,22,60,19,4,99
ENG-Premier League,2425,Brentford,Nathan Collins,IRL,DF,23-237,2001,17.0,833,979,85.1,15540,5597,302,350,86.3,471,509,92.5,56,101,55.4,1,1.3,1.0,-0.3,5,53,4,1,68
ENG-Premier League,2425,Brentford,Ryan Trevitt,ENG,MF,21-286,2003,0.0,4,7,57.1,73,23,1,2,50.0,3,3,100.0,0,0,,0,0.0,0.0,0.0,0,1,0,0,0
ENG-Premier League,2425,Brentford,Sepp van den Berg,NED,DF,23-003,2001,13.0,464,563,82.4,7367,2740,239,276,86.6,200,232,86.2,20,37,54.1,0,0.1,0.4,-0.1,3,31,3,1,38
ENG-Premier League,2425,Brentford,Thiago,BRA,FW,23-180,2001,1.5,28,39,71.8,428,56,14,20,70.0,9,12,75.0,3,4,75.0,0,0.1,0.0,-0.1,2,1,1,0,2
ENG-Premier League,2425,Brentford,Vitaly Janelt,GER,MF,26-227,1998,13.6,500,600,83.3,8783,2603,236,259,91.1,214,244,87.7,43,77,55.8,3,1.9,1.6,1.1,10,47,15,6,47
ENG-Premier League,2425,Brentford,Yehor Yarmoliuk,UKR,MF,20-297,2004,4.4,200,241,83.0,3232,756,109,131,83.2,73,84,86.9,14,17,82.4,0,0.1,0.3,-0.1,3,20,4,2,19
ENG-Premier League,2425,Brentford,Yoane Wissa,COD,FW,28-111,1996,11.6,202,261,77.4,3031,653,124,148,83.8,59,76,77.6,14,24,58.3,1,0.8,0.5,0.2,9,20,3,0,26
ENG-Premier League,2425,Brentford,Yunus Emre Konak,TUR,"MF,FW",18-348,2006,0.2,12,17,70.6,201,62,7,9,77.8,3,4,75.0,2,3,66.7,0,0.0,0.0,0.0,0,1,0,0,2
ENG-Premier League,2425,Brighton,Adam Webster,ENG,DF,29-354,1995,0.9,69,78,88.5,1289,639,23,25,92.0,39,42,92.9,5,6,83.3,0,0.0,0.0,0.0,0,9,0,0,10
ENG-Premier League,2425,Brighton,Bart Verbruggen,NED,GK,22-127,2002,15.0,455,567,80.2,10619,7510,146,147,99.3,200,202,99.0,107,212,50.5,0,0.0,0.0,0.0,0,4,0,0,0
ENG-Premier League,2425,Brighton,Billy Gilmour,SCO,MF,23-195,2001,1.1,58,67,86.6,980,346,36,38,94.7,18,22,81.8,4,7,57.1,0,0.0,0.0,0.0,0,12,2,0,11
ENG-Premier League,2425,Brighton,Brajan Gruda,GER,"MF,FW",20-206,2004,1.7,44,63,69.8,493,114,29,36,80.6,10,15,66.7,1,7,14.3,0,0.1,0.1,-0.1,2,1,2,0,3
ENG-Premier League,2425,Brighton,Carlos Baleba,CMR,MF,20-355,2004,11.0,421,471,89.4,7323,2043,202,219,92.2,162,179,90.5,50,59,84.7,1,0.6,0.4,0.4,11,54,11,1,58
ENG-Premier League,2425,Brighton,Danny Welbeck,ENG,FW,34-027,1990,12.4,214,257,83.3,2613,529,134,159,84.3,51,59,86.4,7,7,100.0,2,0.5,0.5,1.5,12,11,9,0,29
ENG-Premier League,2425,Brighton,Evan Ferguson,IRL,FW,20-065,2004,2.5,35,48,72.9,389,44,25,30,83.3,6,8,75.0,1,3,33.3,0,0.4,0.4,-0.4,3,1,0,0,1
ENG-Premier League,2425,Brighton,Ferdi Kadioglu,TUR,"DF,MF",25-077,1999,4.3,144,175,82.3,2372,698,73,82,89.0,61,74,82.4,9,14,64.3,0,0.2,0.3,-0.2,5,10,9,4,15
ENG-Premier League,2425,Brighton,Georginio Rutter,FRA,"FW,MF",22-247,2002,11.0,150,224,67.0,2192,680,89,112,79.5,48,71,67.6,7,12,58.3,2,1.3,1.0,0.7,9,18,11,1,42
ENG-Premier League,2425,Brighton,Igor,BRA,DF,26-320,1998,8.3,515,560,92.0,9295,3045,203,211,96.2,275,288,95.5,34,48,70.8,0,0.2,0.2,-0.2,1,27,2,1,36
ENG-Premier League,2425,Brighton,Jack Hinshelwood,ENG,"MF,DF",19-256,2005,9.3,410,495,82.8,6127,1488,244,264,92.4,125,150,83.3,30,61,49.2,0,0.3,0.7,-0.3,7,17,4,0,31
ENG-Premier League,2425,Brighton,Jakub Moder,POL,MF,25-260,1999,0.1,11,13,84.6,172,23,5,7,71.4,6,6,100.0,0,0,,0,0.0,0.0,0.0,1,0,0,0,3
ENG-Premier League,2425,Brighton,James Milner,ENG,MF,38-354,1986,1.9,55,73,75.3,899,347,26,28,92.9,23,30,76.7,4,10,40.0,0,0.2,0.2,-0.2,4,3,1,1,10
ENG-Premier League,2425,Brighton,Jan Paul van Hecke,NED,DF,24-198,2000,13.9,940,1042,90.2,18460,7372,329,356,92.4,495,521,95.0,109,146,74.7,1,0.8,0.7,0.2,7,103,4,2,116
ENG-Premier League,2425,Brighton,Jason Steele,ENG,GK,34-127,1990,2.0,101,112,90.2,2321,1556,21,21,100.0,63,65,96.9,17,26,65.4,0,0.0,0.0,0.0,0,0,0,0,0
ENG-Premier League,2425,Brighton,Jeremy Sarmiento,ECU,MF,22-190,2002,0.1,6,6,100.0,74,1,4,4,100.0,2,2,100.0,0,0,,0,0.0,0.0,0.0,0,0,0,0,0
ENG-Premier League,2425,Brighton,João Pedro,BRA,"MF,FW",23-088,2001,8.5,208,282,73.8,2926,770,126,163,77.3,57,77,74.0,13,19,68.4,3,1.7,1.6,1.3,13,18,15,2,32
ENG-Premier League,2425,Brighton,Joël Veltman,NED,DF,32-343,1992,11.4,412,520,79.2,6877,1919,214,240,89.2,156,192,81.3,36,59,61.0,0,0.3,1.1,-0.3,3,31,3,2,39
ENG-Premier League,2425,Brighton,Julio Enciso,PAR,"MF,FW",20-335,2004,1.8,74,107,69.2,1109,302,45,55,81.8,20,27,74.1,5,17,29.4,0,0.2,0.2,-0.2,5,10,2,1,7
ENG-Premier League,2425,Brighton,Kaoru Mitoma,JPN,"FW,MF",27-217,1997,16.1,421,545,77.2,5689,1242,272,312,87.2,114,151,75.5,18,36,50.0,2,3.4,2.6,-1.4,25,21,20,6,52
ENG-Premier League,2425,Brighton,Lewis Dunk,ENG,DF,33-032,1991,12.0,939,1030,91.2,17008,5558,371,383,96.9,488,515,94.8,68,113,60.2,0,0.5,0.5,-0.5,5,78,1,0,77
ENG-Premier League,2425,Brighton,Mats Wieffer,NED,MF,25-037,1999,5.2,288,334,86.2,4795,1331,131,142,92.3,127,143,88.8,21,28,75.0,1,0.6,0.2,0.4,5,29,1,0,34
ENG-Premier League,2425,Brighton,Matt O'Riley,DEN,MF,24-032,2000,2.5,69,85,81.2,1014,274,38,40,95.0,21,24,87.5,5,12,41.7,0,0.4,0.6,-0.4,4,7,3,0,10
ENG-Premier League,2425,Brighton,Pervis Estupiñán,ECU,DF,26-337,1998,11.8,642,769,83.5,9704,3031,382,409,93.4,205,246,83.3,38,76,50.0,1,1.6,1.6,-0.6,18,39,20,14,60
ENG-Premier League,2425,Brighton,Simon Adingra,CIV,"FW,MF",22-357,2002,3.9,100,135,74.1,1454,315,62,73,84.9,30,40,75.0,6,12,50.0,1,0.6,1.1,0.4,3,2,4,1,6
ENG-Premier League,2425,Brighton,Tariq Lamptey,GHA,DF,24-084,2000,2.9,119,140,85.0,1916,382,63,66,95.5,48,57,84.2,7,13,53.8,2,0.4,0.2,1.6,3,8,3,2,6
ENG-Premier League,2425,Brighton,Yankuba Minteh,GAM,"FW,MF",20-154,2004,5.9,104,171,60.8,1741,569,57,75,76.0,34,47,72.3,10,26,38.5,1,1.6,1.6,-0.6,10,7,9,3,13
ENG-Premier League,2425,Brighton,Yasin Ayari,SWE,MF,21-078,2003,9.2,328,404,81.2,4972,1359,191,208,91.8,117,136,86.0,13,39,33.3,0,1.0,1.1,-1.0,15,23,9,1,33
ENG-Premier League,2425,Chelsea,Axel Disasi,FRA,DF,26-287,1998,3.0,189,208,90.9,3027,1011,94,99,94.9,83,88,94.3,8,12,66.7,0,0.0,0.0,0.0,0,11,1,0,11
ENG-Premier League,2425,Chelsea,Benoît Badiashile,FRA,DF,23-272,2001,2.8,200,223,89.7,3655,1115,77,85,90.6,103,109,94.5,18,24,75.0,0,0.0,0.1,0.0,0,21,1,0,16
ENG-Premier League,2425,Chelsea,Christopher Nkunku,FRA,FW,27-039,1997,3.6,96,105,91.4,1286,265,59,64,92.2,29,30,96.7,2,2,100.0,1,1.5,0.3,-0.5,7,6,2,0,9
ENG-Premier League,2425,Chelsea,Cole Palmer,ENG,MF,22-231,2002,16.4,500,675,74.1,9773,2807,199,245,81.2,203,237,85.7,86,153,56.2,6,6.5,4.3,-0.5,47,70,37,8,102
ENG-Premier League,2425,Chelsea,Enzo Fernández,ARG,MF,23-341,2001,12.8,659,793,83.1,11442,2959,314,340,92.4,258,302,85.4,68,108,63.0,4,2.7,2.7,1.3,25,68,11,1,73
ENG-Premier League,2425,Chelsea,Filip Jørgensen,DEN,GK,22-251,2002,1.0,17,21,81.0,286,183,6,6,100.0,9,9,100.0,1,5,20.0,0,0.0,0.0,0.0,0,0,0,0,0
ENG-Premier League,2425,Chelsea,Jadon Sancho,ENG,FW,24-273,2000,7.4,284,336,84.5,3838,784,179,197,90.9,86,98,87.8,8,14,57.1,3,2.0,1.8,1.0,15,9,22,0,39
ENG-Premier League,2425,Chelsea,João Félix,POR,"FW,MF",25-043,1999,3.3,137,160,85.6,2103,573,75,84,89.3,49,54,90.7,9,13,69.2,1,0.9,0.3,0.1,5,21,5,0,20
ENG-Premier League,2425,Chelsea,Kiernan Dewsbury-Hall,ENG,MF,26-108,1998,0.7,39,47,83.0,536,78,26,30,86.7,12,14,85.7,1,3,33.3,0,0.1,0.0,-0.1,1,4,0,0,3
ENG-Premier League,2425,Chelsea,Levi Colwill,ENG,DF,21-301,2003,16.0,1078,1203,89.6,19673,7582,367,393,93.4,636,669,95.1,62,104,59.6,0,0.7,0.9,-0.7,4,71,3,1,69
ENG-Premier League,2425,Chelsea,Malo Gusto,FRA,DF,21-218,2003,11.6,630,724,87.0,10174,2459,320,335,95.5,256,296,86.5,37,57,64.9,1,0.7,1.0,0.3,9,61,9,3,61
ENG-Premier League,2425,Chelsea,Marc Cucurella,ESP,DF,26-154,1998,13.0,683,766,89.2,10329,2924,359,378,95.0,285,322,88.5,22,37,59.5,1,0.9,1.2,0.1,8,48,5,1,43
ENG-Premier League,2425,Chelsea,Marc Guiu,ESP,FW,18-354,2006,0.3,3,4,75.0,32,0,3,3,100.0,0,1,0.0,0,0,,0,0.0,0.0,0.0,0,0,0,0,0
ENG-Premier League,2425,Chelsea,Moisés Caicedo,ECU,MF,23-051,2001,16.7,892,1003,88.9,15070,4137,409,444,92.1,385,416,92.5,72,98,73.5,2,2.0,1.5,0.0,17,109,18,2,85
ENG-Premier League,2425,Chelsea,Mykhailo Mudryk,UKR,FW,23-353,2001,1.7,28,42,66.7,431,165,17,24,70.8,10,15,66.7,1,2,50.0,0,1.0,0.5,-1.0,2,2,2,1,5
ENG-Premier League,2425,Chelsea,Nicolas Jackson,SEN,FW,23-186,2001,14.0,166,227,73.1,2191,516,98,124,79.0,47,61,77.0,6,11,54.5,3,1.8,0.6,1.2,15,14,3,1,18
ENG-Premier League,2425,Chelsea,Noni Madueke,ENG,FW,22-288,2002,11.5,277,349,79.4,3962,1062,176,199,88.4,73,97,75.3,14,21,66.7,3,2.6,1.5,0.4,16,6,24,4,44
ENG-Premier League,2425,Chelsea,Pedro Neto,POR,FW,24-289,2000,9.0,250,316,79.1,3783,760,127,141,90.1,97,114,85.1,14,33,42.4,2,2.4,2.0,-0.4,17,6,12,8,15
ENG-Premier League,2425,Chelsea,Reece James,ENG,DF,25-015,1999,2.7,183,221,82.8,3278,1081,86,91,94.5,79,91,86.8,15,35,42.9,0,0.0,0.2,0.0,0,17,1,0,8
ENG-Premier League,2425,Chelsea,Renato Veiga,POR,"DF,MF",21-147,2003,2.0,118,139,84.9,2171,435,45,51,88.2,55,61,90.2,13,21,61.9,0,0.0,0.2,0.0,0,6,1,0,7
ENG-Premier League,2425,Chelsea,Robert Sánchez,ESP,GK,27-035,1997,16.0,471,640,73.6,10725,7126,124,125,99.2,258,267,96.6,87,241,36.1,0,0.0,0.0,0.0,0,10,1,0,1
ENG-Premier League,2425,Chelsea,Roméo Lavia,BEL,MF,20-352,2004,5.3,244,265,92.1,4041,1075,122,135,90.4,107,110,97.3,12,15,80.0,1,0.7,0.3,0.3,6,30,3,0,17
ENG-Premier League,2425,Chelsea,Tosin Adarabioyo,ENG,DF,27-090,1997,4.9,356,388,91.8,6382,2526,149,156,95.5,182,188,96.8,24,38,63.2,0,0.0,0.0,0.0,1,14,0,0,12
ENG-Premier League,2425,Chelsea,Wesley Fofana,FRA,DF,24-006,2000,11.3,630,703,89.6,10682,2949,264,283,93.3,338,367,92.1,22,35,62.9,0,0.4,0.2,-0.4,5,44,1,0,25
ENG-Premier League,2425,Crystal Palace,Adam Wharton,ENG,MF,20-204,2004,6.9,285,362,78.7,5362,1871,108,125,86.4,138,160,86.3,34,59,57.6,0,0.6,0.6,-0.6,8,39,11,2,61
ENG-Premier League,2425,Crystal Palace,Asher Agbinone,ENG,MF,19-086,2005,0.1,2,3,66.7,32,0,1,1,100.0,1,2,50.0,0,0,,0,0.0,0.0,0.0,1,0,0,0,0
ENG-Premier League,2425,Crystal Palace,Caleb Kporha,ENG,DF,18-161,2006,0.1,5,7,71.4,72,21,4,4,100.0,0,2,0.0,1,1,100.0,0,0.0,0.0,0.0,0,0,1,1,0
ENG-Premier League,2425,Crystal Palace,Chadi Riad,MAR,DF,21-189,2003,1.0,70,82,85.4,1411,568,24,28,85.7,38,41,92.7,8,13,61.5,0,0.0,0.0,0.0,0,8,1,0,7
ENG-Premier League,2425,Crystal Palace,Cheick Doucouré,MLI,MF,24-350,2000,3.0,106,118,89.8,1741,467,51,53,96.2,41,43,95.3,10,13,76.9,0,0.0,0.1,0.0,0,7,2,0,11
ENG-Premier League,2425,Crystal Palace,Chris Richards,USA,DF,24-270,2000,4.9,178,211,84.4,3006,1033,86,93,92.5,75,81,92.6,15,26,57.7,0,0.0,0.0,0.0,0,3,0,0,6
ENG-Premier League,2425,Crystal Palace,Daichi Kamada,JPN,MF,28-140,1996,7.9,263,332,79.2,4373,1270,134,152,88.2,106,130,81.5,19,30,63.3,0,1.0,0.7,-1.0,13,28,6,1,45
ENG-Premier League,2425,Crystal Palace,Daniel Muñoz,COL,DF,28-211,1996,15.0,490,654,74.9,7397,1961,279,327,85.3,187,234,79.9,17,53,32.1,1,1.7,0.8,-0.7,16,24,8,4,38
ENG-Premier League,2425,Crystal Palace,Dean Henderson,ENG,GK,27-286,1997,17.0,321,529,60.7,8192,5195,81,81,100.0,166,166,100.0,70,277,25.3,0,0.0,0.0,0.0,0,4,0,0,0
ENG-Premier League,2425,Crystal Palace,Eberechi Eze,ENG,"MF,FW",26-177,1998,12.0,371,499,74.3,6409,1686,173,209,82.8,152,182,83.5,37,73,50.7,2,2.1,1.8,-0.1,25,27,19,1,54
ENG-Premier League,2425,Crystal Palace,Eddie Nketiah,ENG,"MF,FW",25-207,1999,6.4,109,150,72.7,1654,309,54,70,77.1,45,53,84.9,5,9,55.6,1,1.3,0.5,-0.3,10,9,1,0,10
ENG-Premier League,2425,Crystal Palace,Ismaila Sarr,SEN,"MF,FW",26-302,1998,11.2,184,270,68.1,2681,707,102,125,81.6,74,105,70.5,4,14,28.6,2,3.2,2.5,-1.2,16,4,15,3,28
ENG-Premier League,2425,Crystal Palace,Jean-Philippe Mateta,FRA,FW,27-178,1997,13.9,134,205,65.4,1716,436,84,110,76.4,38,58,65.5,2,10,20.0,1,1.9,0.8,-0.9,17,10,4,0,22
ENG-Premier League,2425,Crystal Palace,Jefferson Lerma,COL,MF,30-059,1994,9.2,331,425,77.9,5796,1990,157,178,88.2,141,167,84.4,29,60,48.3,0,0.9,0.8,-0.9,5,41,7,0,40
ENG-Premier League,2425,Crystal Palace,Jeffrey Schlupp,GHA,"MF,DF",32-000,1992,1.1,38,49,77.6,568,137,16,19,84.2,17,22,77.3,2,4,50.0,0,0.1,0.1,-0.1,2,4,1,0,4
ENG-Premier League,2425,Crystal Palace,Joachim Andersen,DEN,DF,28-206,1996,1.0,61,83,73.5,1227,526,19,21,90.5,31,37,83.8,9,21,42.9,0,0.0,0.0,0.0,0,9,1,0,4
ENG-Premier League,2425,Crystal Palace,Jordan Ayew,GHA,"FW,MF",33-103,1991,0.2,8,10,80.0,167,4,3,3,100.0,4,6,66.7,1,1,100.0,0,0.0,0.0,0.0,1,0,0,0,0
ENG-Premier League,2425,Crystal Palace,Justin Devenny,NIR,MF,21-073,2003,2.5,70,98,71.4,1180,320,35,42,83.3,25,34,73.5,6,15,40.0,0,0.3,0.3,-0.3,5,9,2,1,7
ENG-Premier League,2425,Crystal Palace,Marc Guéhi,ENG,DF,24-163,2000,17.0,758,903,83.9,15345,6567,238,265,89.8,421,464,90.7,94,159,59.1,1,0.5,0.4,0.5,7,65,7,2,70
ENG-Premier League,2425,Crystal Palace,Maxence Lacroix,FRA,DF,24-261,2000,14.0,506,626,80.8,10575,4308,143,170,84.1,297,329,90.3,63,113,55.8,1,0.3,0.4,0.7,3,40,1,0,34
ENG-Premier League,2425,Crystal Palace,Nathaniel Clyne,ENG,"DF,MF",33-262,1991,4.2,111,151,73.5,2057,803,48,62,77.4,51,56,91.1,11,23,47.8,0,0.1,0.1,-0.1,2,9,1,1,6
ENG-Premier League,2425,Crystal Palace,Odsonne Édouard,FRA,"MF,FW",26-342,1998,1.3,17,28,60.7,230,46,11,16,68.8,4,7,57.1,1,1,100.0,0,0.0,0.0,0.0,1,2,0,0,4
ENG-Premier League,2425,Crystal Palace,Trevoh Chalobah,ENG,DF,25-171,1999,9.8,284,359,79.1,5642,1808,99,108,91.7,146,174,83.9,36,68,52.9,0,0.4,0.3,-0.4,4,24,2,1,26
ENG-Premier League,2425,Crystal Palace,Tyrick Mitchell,ENG,DF,25-113,1999,16.4,509,700,72.7,8083,3145,273,322,84.8,201,270,74.4,25,64,39.1,3,2.8,2.0,0.2,20,30,15,9,35
ENG-Premier League,2425,Crystal Palace,Will Hughes,ENG,MF,29-250,1995,10.6,350,451,77.6,5689,1933,168,184,91.3,148,177,83.6,22,58,37.9,2,1.4,1.3,0.6,19,39,8,3,48
ENG-Premier League,2425,Everton,Abdoulaye Doucouré,MLI,MF,31-357,1993,11.9,344,419,82.1,5650,995,160,185,86.5,146,169,86.4,26,33,78.8,0,0.7,0.5,-0.7,14,22,6,0,32
ENG-Premier League,2425,Everton,Armando Broja,ALB,FW,23-104,2001,0.4,4,6,66.7,43,11,3,4,75.0,1,1,100.0,0,0,,0,0.0,0.1,0.0,0,1,0,0,0
ENG-Premier League,2425,Everton,Ashley Young,ENG,DF,39-167,1985,13.3,469,642,73.1,8649,4029,222,251,88.4,190,238,79.8,54,131,41.2,3,1.1,1.3,1.9,16,57,16,7,73
ENG-Premier League,2425,Everton,Beto,GNB,FW,26-327,1998,2.3,11,22,50.0,204,0,6,9,66.7,2,9,22.2,3,3,100.0,0,0.0,0.0,0.0,0,0,0,0,1
ENG-Premier League,2425,Everton,Dominic Calvert-Lewin,ENG,FW,27-282,1997,13.7,128,207,61.8,1531,359,95,136,69.9,24,43,55.8,3,7,42.9,1,0.4,0.6,0.6,5,13,4,1,13
ENG-Premier League,2425,Everton,Dwight McNeil,ENG,"MF,FW",25-031,1999,12.7,377,514,73.3,7168,2464,170,197,86.3,135,166,81.3,64,119,53.8,3,3.5,4.0,-0.5,32,33,32,10,60
ENG-Premier League,2425,Everton,Harrison Armstrong,ENG,MF,17-339,2007,0.0,2,5,40.0,54,0,0,0,,1,2,50.0,1,2,50.0,0,0.0,0.0,0.0,0,0,0,0,0
ENG-Premier League,2425,Everton,Idrissa Gana Gueye,SEN,MF,35-088,1989,12.9,475,552,86.1,8067,2097,234,258,90.7,195,215,90.7,40,56,71.4,0,0.6,0.7,-0.6,9,59,5,2,62
ENG-Premier League,2425,Everton,Iliman Ndiaye,SEN,FW,24-292,2000,14.0,292,359,81.3,4545,980,163,193,84.5,97,112,86.6,24,31,77.4,0,1.2,0.8,-1.2,10,18,11,5,26
ENG-Premier League,2425,Everton,Jack Harrison,ENG,FW,28-033,1996,8.9,147,221,66.5,1992,744,97,115,84.3,35,54,64.8,6,24,25.0,0,1.5,0.9,-1.5,9,14,7,1,17
ENG-Premier League,2425,Everton,Jake O'Brien,IRL,DF,23-222,2001,0.4,18,21,85.7,275,148,11,12,91.7,5,5,100.0,2,4,50.0,0,0.0,0.0,0.0,0,2,0,0,1
ENG-Premier League,2425,Everton,James Garner,ENG,"DF,MF",23-285,2001,2.8,68,102,66.7,1083,598,31,38,81.6,31,42,73.8,5,11,45.5,0,0.0,0.1,0.0,1,6,1,1,3
ENG-Premier League,2425,Everton,James Tarkowski,ENG,DF,32-034,1992,15.9,481,588,81.8,9910,3798,156,177,88.1,251,274,91.6,69,111,62.2,0,1.3,1.1,-1.3,9,40,4,0,31
ENG-Premier League,2425,Everton,Jarrad Branthwaite,ENG,DF,22-179,2002,7.1,235,274,85.8,4338,1778,103,114,90.4,104,113,92.0,25,39,64.1,0,0.0,0.1,0.0,0,19,0,0,10
ENG-Premier League,2425,Everton,Jesper Lindstrøm,DEN,FW,24-298,2000,6.0,126,194,64.9,1991,602,85,99,85.9,25,44,56.8,13,30,43.3,0,0.9,0.8,-0.9,10,6,3,2,9
ENG-Premier League,2425,Everton,Jordan Pickford,ENG,GK,30-291,1994,16.0,395,634,62.3,13294,10299,57,57,100.0,152,154,98.7,185,414,44.7,0,0.0,0.1,0.0,1,32,4,0,0
ENG-Premier League,2425,Everton,Mason Holgate,ENG,"FW,DF",28-062,1996,0.1,2,2,100.0,55,0,0,0,,1,1,100.0,1,1,100.0,0,0.0,0.0,0.0,0,0,0,0,0
ENG-Premier League,2425,Everton,Michael Keane,ENG,DF,31-347,1993,9.0,253,308,82.1,5832,1865,74,83,89.2,119,131,90.8,58,77,75.3,0,0.1,0.0,-0.1,2,17,0,0,12
ENG-Premier League,2425,Everton,Nathan Patterson,SCO,DF,23-068,2001,0.2,12,14,85.7,192,58,6,7,85.7,5,5,100.0,1,2,50.0,0,0.2,0.1,-0.2,1,1,1,1,1
ENG-Premier League,2425,Everton,Orel Mangala,BEL,MF,26-280,1998,8.5,246,279,88.2,3879,968,120,133,90.2,111,119,93.3,10,14,71.4,0,0.5,0.5,-0.5,5,24,4,0,24
ENG-Premier League,2425,Everton,Roman Dixon,ENG,DF,19-363,2004,1.0,11,19,57.9,205,111,6,8,75.0,4,8,50.0,1,3,33.3,0,0.0,0.0,0.0,0,3,0,0,0
ENG-Premier League,2425,Everton,Séamus Coleman,IRL,DF,36-073,1988,1.2,36,49,73.5,619,285,18,20,90.0,16,21,76.2,2,7,28.6,0,0.0,0.0,0.0,0,3,0,0,6
ENG-Premier League,2425,Everton,Tim Iroegbunam,ENG,MF,21-176,2003,4.3,70,99,70.7,1194,446,33,45,73.3,24,31,77.4,10,13,76.9,0,0.1,0.1,-0.1,2,8,1,0,10
ENG-Premier League,2425,Everton,Vitaliy Mykolenko,UKR,DF,25-208,1999,13.3,386,511,75.5,6364,2537,192,215,89.3,158,208,76.0,27,62,43.5,0,0.3,0.4,-0.3,8,36,10,4,41
ENG-Premier League,2425,Fulham,Adama Traoré,ESP,"FW,MF",28-333,1996,9.4,207,290,71.4,2949,671,122,154,79.2,61,86,70.9,11,20,55.0,3,2.6,2.5,0.4,20,16,15,8,31
ENG-Premier League,2425,Fulham,Alex Iwobi,NGA,"FW,MF",28-234,1996,16.4,547,721,75.9,9348,2936,289,329,87.8,204,257,79.4,49,90,54.4,3,3.5,3.5,-0.5,28,56,39,4,104
ENG-Premier League,2425,Fulham,Andreas Pereira,BRA,MF,28-357,1996,11.2,368,537,68.5,6639,2165,173,211,82.0,132,167,79.0,52,127,40.9,0,2.0,2.5,-2.0,33,32,12,3,57
ENG-Premier League,2425,Fulham,Antonee Robinson,USA,DF,27-137,1997,17.0,738,973,75.8,13018,5130,335,389,86.1,329,414,79.5,65,119,54.6,6,2.7,2.2,3.3,20,61,30,16,62
ENG-Premier League,2425,Fulham,Bernd Leno,GER,GK,32-294,1992,17.0,540,664,81.3,13210,7613,87,88,98.9,353,355,99.4,98,218,45.0,1,0.1,0.0,0.9,1,6,1,0,0
ENG-Premier League,2425,Fulham,Calvin Bassey,NGA,DF,24-358,1999,16.0,859,960,89.5,15852,5449,328,344,95.3,437,465,94.0,81,124,65.3,0,0.1,0.1,-0.1,2,55,0,0,44
ENG-Premier League,2425,Fulham,Carlos Vinícius,BRA,MF,29-273,1995,0.0,0,1,0.0,0,0,0,1,0.0,0,0,,0,0,,0,0.0,0.0,0.0,0,0,0,0,0
ENG-Premier League,2425,Fulham,Emile Smith Rowe,ENG,MF,24-148,2000,12.1,505,561,90.0,7295,1494,283,306,92.5,198,206,96.1,12,17,70.6,2,1.0,1.3,1.0,16,50,7,0,74
ENG-Premier League,2425,Fulham,Harrison Reed,ENG,MF,29-331,1995,0.7,28,39,71.8,418,111,16,18,88.9,9,11,81.8,2,4,50.0,0,0.1,0.1,-0.1,1,0,1,0,3
ENG-Premier League,2425,Fulham,Harry Wilson,WAL,"FW,MF",27-276,1997,4.7,119,166,71.7,2113,555,59,68,86.8,45,60,75.0,14,31,45.2,0,0.0,0.2,0.0,2,10,5,0,20
ENG-Premier League,2425,Fulham,Issa Diop,FRA,DF,27-349,1997,9.4,399,461,86.6,7698,2707,130,143,90.9,237,255,92.9,31,58,53.4,0,0.1,0.0,-0.1,2,24,1,0,17
ENG-Premier League,2425,Fulham,Jay Stansfield,ENG,MF,22-029,2002,0.0,0,0,,0,0,0,0,,0,0,,0,0,,0,0.0,0.0,0.0,0,0,0,0,0
ENG-Premier League,2425,Fulham,Joachim Andersen,DEN,DF,28-206,1996,7.7,458,549,83.4,9727,3848,137,149,91.9,246,261,94.3,72,129,55.8,0,0.2,0.1,-0.2,1,56,1,0,35
ENG-Premier League,2425,Fulham,Jorge Cuenca,ESP,DF,25-036,1999,1.0,30,37,81.1,575,178,7,8,87.5,17,21,81.0,4,6,66.7,0,0.0,0.0,0.0,0,0,0,0,3
ENG-Premier League,2425,Fulham,Joshua King,ENG,MF,17-355,2007,0.8,25,29,86.2,365,77,14,16,87.5,10,11,90.9,0,1,0.0,0,0.1,0.1,-0.1,2,2,1,0,3
ENG-Premier League,2425,Fulham,Kenny Tete,NED,DF,29-075,1995,14.0,576,706,81.6,9210,3032,303,331,91.5,208,260,80.0,46,72,63.9,2,0.7,0.5,1.3,5,53,6,4,42
ENG-Premier League,2425,Fulham,Martial Godo,ENG,FW,21-284,2003,0.2,3,5,60.0,41,2,2,3,66.7,1,1,100.0,0,1,0.0,0,0.0,0.0,0.0,0,0,0,0,0
ENG-Premier League,2425,Fulham,Raúl Jiménez,MEX,FW,33-232,1991,11.1,170,249,68.3,2467,646,97,124,78.2,49,68,72.1,12,21,57.1,2,2.2,1.4,-0.2,9,17,3,0,23
ENG-Premier League,2425,Fulham,Reiss Nelson,ENG,FW,25-013,1999,5.4,232,268,86.6,3429,761,136,147,92.5,77,91,84.6,12,19,63.2,1,1.0,1.0,0.0,13,7,15,3,35
ENG-Premier League,2425,Fulham,Rodrigo Muniz,BRA,FW,23-233,2001,5.9,47,68,69.1,789,248,26,33,78.8,11,19,57.9,8,9,88.9,1,0.6,0.1,0.4,6,8,1,0,13
ENG-Premier League,2425,Fulham,Ryan Sessegnon,ENG,MF,24-219,2000,0.1,1,4,25.0,7,0,1,3,33.3,0,0,,0,0,,0,0.0,0.0,0.0,0,0,0,0,0
ENG-Premier League,2425,Fulham,Sander Berge,NOR,MF,26-313,1998,10.6,441,490,90.0,7792,1991,180,205,87.8,211,226,93.4,41,45,91.1,0,0.4,0.3,-0.4,11,44,1,0,45
ENG-Premier League,2425,Fulham,Saša Lukić,SRB,MF,28-132,1996,9.9,420,474,88.6,6929,1777,202,217,93.1,177,193,91.7,32,41,78.0,0,0.5,0.5,-0.5,7,40,5,1,40
ENG-Premier League,2425,Fulham,Timothy Castagne,BEL,DF,29-018,1995,3.0,150,178,84.3,2530,847,75,83,90.4,66,76,86.8,9,16,56.3,0,0.1,0.2,-0.1,1,4,0,0,10
ENG-Premier League,2425,Fulham,Tom Cairney,SCO,MF,33-338,1991,2.8,233,252,92.5,3603,868,132,138,95.7,87,89,97.8,13,18,72.2,0,0.5,0.7,-0.5,6,27,6,2,34
ENG-Premier League,2425,Ipswich Town,Ali Al Hamadi,IRQ,FW,22-297,2002,1.3,20,24,83.3,229,19,16,19,84.2,4,5,80.0,0,0,,0,0.1,0.0,-0.1,2,0,0,0,3
ENG-Premier League,2425,Ipswich Town,Arijanet Muric,KVX,GK,26-046,1998,16.0,411,570,72.1,10702,7589,114,114,100.0,187,193,96.9,109,259,42.1,0,0.0,0.0,0.0,0,13,0,0,1
ENG-Premier League,2425,Ipswich Town,Axel Tuanzebe,COD,DF,27-039,1997,8.6,291,353,82.4,4443,1682,160,181,88.4,111,136,81.6,14,22,63.6,0,0.2,0.1,-0.2,3,25,0,0,20
ENG-Premier League,2425,Ipswich Town,Ben Johnson,ENG,"DF,FW",24-334,2000,5.7,160,220,72.7,2390,1132,97,112,86.6,56,70,80.0,7,19,36.8,1,0.4,0.2,0.6,3,10,1,1,13
ENG-Premier League,2425,Ipswich Town,Cameron Burgess,AUS,DF,29-063,1995,9.0,364,452,80.5,6224,2827,161,177,91.0,168,197,85.3,29,65,44.6,1,0.3,0.2,0.7,3,22,2,0,25
ENG-Premier League,2425,Ipswich Town,Chiedozie Ogbene,IRL,FW,27-236,1997,2.6,32,43,74.4,415,27,20,24,83.3,8,10,80.0,1,1,100.0,0,0.1,0.0,-0.1,2,0,0,0,0
ENG-Premier League,2425,Ipswich Town,Christian Walton,ENG,GK,29-044,1995,1.0,33,42,78.6,769,575,16,16,100.0,10,10,100.0,7,16,43.8,0,0.0,0.0,0.0,0,0,0,0,0
ENG-Premier League,2425,Ipswich Town,Conor Chaplin,ENG,"MF,FW",27-311,1997,6.8,170,229,74.2,2652,699,85,101,84.2,74,94,78.7,6,17,35.3,1,0.6,0.6,0.4,6,17,7,2,25
ENG-Premier League,2425,Ipswich Town,Conor Townsend,ENG,MF,31-294,1993,0.0,0,0,,0,0,0,0,,0,0,,0,0,,0,0.0,0.0,0.0,1,0,0,0,0
ENG-Premier League,2425,Ipswich Town,Dara O'Shea,IRL,DF,25-294,1999,13.7,556,707,78.6,10934,4681,191,219,87.2,296,344,86.0,62,124,50.0,0,0.0,0.1,0.0,0,43,1,0,38
ENG-Premier League,2425,Ipswich Town,George Edmundson,ENG,DF,27-114,1997,0.0,1,2,50.0,9,0,1,1,100.0,0,0,,0,0,,0,0.0,0.0,0.0,0,0,0,0,0
ENG-Premier League,2425,Ipswich Town,George Hirst,ENG,FW,25-312,1999,2.0,22,42,52.4,236,94,16,25,64.0,4,10,40.0,0,0,,1,0.3,0.1,0.7,3,0,3,0,7
ENG-Premier League,2425,Ipswich Town,Harry Clarke,ENG,DF,23-296,2001,4.2,187,233,80.3,3403,1207,85,93,91.4,76,87,87.4,23,40,57.5,0,0.0,0.1,0.0,1,21,1,0,13
ENG-Premier League,2425,Ipswich Town,Jack Clarke,ENG,FW,24-030,2000,5.6,121,163,74.2,1939,523,66,75,88.0,46,51,90.2,7,18,38.9,2,1.1,0.7,0.9,9,9,3,0,15
ENG-Premier League,2425,Ipswich Town,Jack Taylor,IRL,MF,26-183,1998,3.7,164,197,83.2,2805,888,81,91,89.0,66,75,88.0,14,24,58.3,0,0.5,0.7,-0.5,5,19,6,0,28
ENG-Premier League,2425,Ipswich Town,Jacob Greaves,ENG,DF,24-102,2000,8.0,342,392,87.2,5629,2119,169,184,91.8,155,167,92.8,15,31,48.4,0,0.0,0.0,0.0,0,20,0,0,17
ENG-Premier League,2425,Ipswich Town,Jens Cajuste,SWE,MF,25-135,1999,6.7,227,275,82.5,3744,671,103,116,88.8,106,123,86.2,12,24,50.0,0,0.2,0.2,-0.2,5,16,2,0,17
ENG-Premier League,2425,Ipswich Town,Kalvin Phillips,ENG,MF,29-021,1995,6.3,226,288,78.5,4343,1210,98,113,86.7,91,112,81.3,35,55,63.6,0,0.1,0.2,-0.1,2,30,4,1,28
ENG-Premier League,2425,Ipswich Town,Leif Davis,ENG,DF,24-346,2000,17.0,523,729,71.7,9067,3763,241,274,88.0,223,290,76.9,49,125,39.2,2,3.2,3.4,-1.2,37,21,16,6,35
ENG-Premier League,2425,Ipswich Town,Liam Delap,ENG,FW,21-319,2003,13.2,90,148,60.8,1307,324,46,68,67.6,32,52,61.5,4,10,40.0,1,1.3,0.9,-0.3,14,8,5,0,15
ENG-Premier League,2425,Ipswich Town,Luke Woolfenden,ENG,DF,26-063,1998,4.2,190,216,88.0,3281,1162,82,86,95.3,95,100,95.0,11,25,44.0,0,0.0,0.0,0.0,0,12,0,0,9
ENG-Premier League,2425,Ipswich Town,Marcus Harness,ENG,MF,28-303,1996,0.5,10,16,62.5,89,23,9,11,81.8,0,1,0.0,0,1,0.0,0,0.0,0.1,0.0,0,0,2,0,2
ENG-Premier League,2425,Ipswich Town,Massimo Luongo,AUS,MF,32-089,1992,1.6,32,45,71.1,454,120,19,22,86.4,9,14,64.3,2,5,40.0,0,0.0,0.0,0.0,0,1,0,0,4
ENG-Premier League,2425,Ipswich Town,Nathan Broadhead,WAL,"FW,MF",26-262,1998,0.6,17,22,77.3,245,58,12,14,85.7,5,5,100.0,0,3,0.0,0,0.0,0.0,0.0,1,1,1,0,2
ENG-Premier League,2425,Ipswich Town,Omari Hutchinson,ENG,"MF,FW",21-054,2003,15.1,332,439,75.6,4970,890,176,201,87.6,127,161,78.9,19,30,63.3,1,1.5,1.2,-0.5,14,26,10,4,40
ENG-Premier League,2425,Ipswich Town,Sam Morsy,EGY,MF,33-104,1991,15.9,729,826,88.3,11558,3127,387,414,93.5,274,297,92.3,47,69,68.1,1,0.6,0.9,0.4,13,95,10,2,72
ENG-Premier League,2425,Ipswich Town,Sammie Szmodics,IRL,FW,29-090,1995,9.1,125,164,76.2,2139,634,60,67,89.6,45,54,83.3,15,25,60.0,0,0.2,0.4,-0.2,4,10,4,1,16
ENG-Premier League,2425,Ipswich Town,Wes Burns,WAL,FW,30-030,1994,8.1,131,209,62.7,2051,476,73,88,83.0,39,61,63.9,13,28,46.4,1,1.6,1.1,-0.6,9,6,8,7,5
ENG-Premier League,2425,Leicester City,Abdul Fatawu Issahaku,GHA,FW,20-290,2004,6.4,123,197,62.4,2150,601,59,81,72.8,45,59,76.3,16,33,48.5,2,1.6,1.4,0.4,6,7,7,2,17
ENG-Premier League,2425,Leicester City,Bilal El Khannouss,MAR,"MF,FW",20-227,2004,6.3,231,304,76.0,4032,1125,116,130,89.2,72,91,79.1,34,57,59.6,1,1.5,1.0,-0.5,10,31,9,1,42
ENG-Premier League,2425,Leicester City,Bobby Reid,JAM,"FW,MF",31-325,1993,3.1,69,95,72.6,973,324,38,47,80.9,24,30,80.0,2,7,28.6,0,0.1,0.1,-0.1,1,5,3,0,9
ENG-Premier League,2425,Leicester City,Boubakary Soumaré,FRA,MF,25-300,1999,6.3,304,349,87.1,4521,1270,166,178,93.3,125,140,89.3,4,11,36.4,0,0.1,0.4,-0.1,3,27,4,1,25
ENG-Premier League,2425,Leicester City,Caleb Okoli,ITA,DF,23-163,2001,8.7,394,457,86.2,6856,2848,178,193,92.2,180,199,90.5,30,53,56.6,0,0.0,0.0,0.0,0,14,0,0,21
ENG-Premier League,2425,Leicester City,Conor Coady,ENG,DF,31-302,1993,5.1,246,274,89.8,4348,1564,101,106,95.3,126,134,94.0,18,29,62.1,0,0.0,0.2,0.0,1,16,2,0,13
ENG-Premier League,2425,Leicester City,Danny Ward,WAL,GK,31-184,1993,1.5,42,54,77.8,1220,1022,6,6,100.0,19,19,100.0,17,29,58.6,0,0.0,0.0,0.0,0,2,0,0,0
ENG-Premier League,2425,Leicester City,Facundo Buonanotte,ARG,"MF,FW",20-000,2004,10.2,256,339,75.5,4157,1088,136,163,83.4,87,108,80.6,24,45,53.3,2,2.6,1.5,-0.6,19,26,10,1,33
ENG-Premier League,2425,Leicester City,Hamza Choudhury,ENG,"MF,DF",27-083,1997,1.2,57,65,87.7,790,203,38,40,95.0,17,21,81.0,2,3,66.7,0,0.4,0.2,-0.4,2,8,1,1,3
ENG-Premier League,2425,Leicester City,Harry Winks,ENG,MF,28-325,1996,10.1,522,604,86.4,8159,3251,269,289,93.1,202,225,89.8,31,54,57.4,2,1.1,1.4,0.9,14,65,4,2,65
ENG-Premier League,2425,Leicester City,James Justin,ENG,DF,26-304,1998,15.5,589,744,79.2,8790,2970,326,369,88.3,229,273,83.9,19,61,31.1,1,0.3,0.3,0.7,5,43,7,3,39
ENG-Premier League,2425,Leicester City,Jamie Vardy,ENG,FW,37-347,1987,14.2,114,176,64.8,1680,175,59,83,71.1,37,49,75.5,9,11,81.8,3,2.0,1.5,1.0,9,5,5,1,13
ENG-Premier League,2425,Leicester City,Jannik Vestergaard,DEN,DF,32-142,1992,7.7,433,479,90.4,7218,2849,194,203,95.6,208,226,92.0,23,36,63.9,0,0.0,0.1,0.0,1,21,0,0,18
ENG-Premier League,2425,Leicester City,Jordan Ayew,GHA,"FW,MF",33-103,1991,8.2,172,222,77.5,2379,475,106,120,88.3,57,77,74.0,4,12,33.3,0,0.2,0.5,-0.2,5,10,4,2,16
ENG-Premier League,2425,Leicester City,Kasey McAteer,IRL,"FW,MF",23-031,2001,3.7,75,109,68.8,1020,214,52,61,85.2,18,27,66.7,3,7,42.9,1,0.1,0.1,0.9,2,5,0,0,4
ENG-Premier League,2425,Leicester City,Luke Thomas,ENG,DF,23-196,2001,1.0,40,57,70.2,611,137,22,24,91.7,16,22,72.7,2,8,25.0,0,0.1,0.0,-0.1,1,4,0,0,3
ENG-Premier League,2425,Leicester City,Mads Hermansen,DEN,GK,24-165,2000,15.5,382,596,64.1,9898,7381,99,101,98.0,166,174,95.4,117,317,36.9,0,0.0,0.0,0.0,0,9,0,0,0
ENG-Premier League,2425,Leicester City,Odsonne Édouard,FRA,FW,26-342,1998,0.3,6,8,75.0,59,5,3,4,75.0,1,1,100.0,0,0,,0,0.0,0.0,0.0,1,0,0,0,1
ENG-Premier League,2425,Leicester City,Oliver Skipp,ENG,MF,24-098,2000,7.6,263,305,86.2,3904,988,140,156,89.7,97,105,92.4,13,19,68.4,0,0.2,0.3,-0.2,7,23,4,0,19
ENG-Premier League,2425,Leicester City,Patson Daka,ZAM,"FW,MF",26-075,1998,1.2,10,21,47.6,147,5,5,10,50.0,4,6,66.7,0,0,,0,0.0,0.0,0.0,0,0,0,0,0
ENG-Premier League,2425,Leicester City,Ricardo Pereira,POR,DF,31-078,1993,1.6,76,88,86.4,1120,367,47,52,90.4,23,29,79.3,4,4,100.0,0,0.0,0.0,0.0,0,8,0,0,5
ENG-Premier League,2425,Leicester City,Stephy Mavididi,ENG,FW,26-206,1998,9.4,249,335,74.3,3510,906,143,160,89.4,73,106,68.9,12,25,48.0,0,1.0,2.3,-1.0,12,18,17,2,39
ENG-Premier League,2425,Leicester City,Victor Bernth Kristiansen,DEN,DF,22-007,2002,14.5,578,752,76.9,9568,3628,281,316,88.9,236,295,80.0,47,104,45.2,1,1.0,0.9,0.0,13,39,14,11,37
ENG-Premier League,2425,Leicester City,Wilfred Ndidi,NGA,MF,28-007,1996,13.5,430,534,80.5,6137,1597,237,272,87.1,139,165,84.2,22,42,52.4,4,1.4,1.1,2.6,9,36,6,1,37
ENG-Premier League,2425,Leicester City,Wout Faes,BEL,DF,26-264,1998,14.0,587,684,85.8,10778,3826,238,255,93.3,295,312,94.6,53,100,53.0,0,0.0,0.2,0.0,2,46,5,0,48
ENG-Premier League,2425,Liverpool,Alexis Mac Allister,ARG,MF,25-365,1998,11.7,525,609,86.2,8175,2314,277,307,90.2,199,219,90.9,31,41,75.6,0,1.4,1.8,-1.4,15,49,15,1,67
ENG-Premier League,2425,Liverpool,Alisson,BRA,GK,32-082,1992,7.9,231,276,83.7,4711,2774,77,77,100.0,125,127,98.4,28,69,40.6,0,0.4,0.2,-0.4,1,5,0,0,0
ENG-Premier League,2425,Liverpool,Andrew Robertson,SCO,DF,30-287,1994,12.6,742,882,84.1,12378,3862,360,379,95.0,320,363,88.2,51,109,46.8,0,2.3,1.9,-2.3,20,60,13,7,75
ENG-Premier League,2425,Liverpool,Caoimhín Kelleher,IRL,GK,26-030,1998,8.0,221,296,74.7,4749,2888,80,80,100.0,109,109,100.0,32,106,30.2,0,0.0,0.0,0.0,0,5,0,0,0
ENG-Premier League,2425,Liverpool,Cody Gakpo,NED,FW,25-230,1999,8.4,207,278,74.5,2994,652,123,143,86.0,65,93,69.9,10,21,47.6,1,1.4,0.9,-0.4,15,10,12,3,23
ENG-Premier League,2425,Liverpool,Conor Bradley,NIR,DF,21-167,2003,2.6,166,192,86.5,2434,560,95,102,93.1,64,72,88.9,3,12,25.0,0,0.0,0.2,0.0,0,7,0,0,10
ENG-Premier League,2425,Liverpool,Curtis Jones,ENG,MF,23-328,2001,7.3,385,407,94.6,5678,1192,220,224,98.2,142,152,93.4,14,17,82.4,1,0.2,0.2,0.8,6,28,7,0,40
ENG-Premier League,2425,Liverpool,Darwin Núñez,URU,FW,25-182,1999,7.2,87,120,72.5,1383,306,47,55,85.5,26,35,74.3,10,14,71.4,2,0.9,0.3,1.1,6,5,0,0,14
ENG-Premier League,2425,Liverpool,Diogo Jota,POR,FW,28-019,1996,5.9,95,137,69.3,1358,340,51,67,76.1,32,41,78.0,5,10,50.0,2,1.1,0.6,0.9,6,9,2,1,12
ENG-Premier League,2425,Liverpool,Dominik Szoboszlai,HUN,MF,24-059,2000,12.4,551,649,84.9,8583,1756,305,341,89.4,172,196,87.8,46,64,71.9,2,2.7,2.5,-0.7,25,41,19,4,55
ENG-Premier League,2425,Liverpool,Federico Chiesa,ITA,FW,27-059,1997,0.2,7,8,87.5,67,12,5,6,83.3,1,1,100.0,0,0,,0,0.0,0.1,0.0,0,1,0,0,0
ENG-Premier League,2425,Liverpool,Harvey Elliott,ENG,"FW,DF",21-263,2003,0.3,37,48,77.1,620,170,23,25,92.0,6,10,60.0,6,9,66.7,0,0.1,0.1,-0.1,2,3,1,0,4
ENG-Premier League,2425,Liverpool,Ibrahima Konaté,FRA,DF,25-212,1999,10.8,678,742,91.4,12262,4567,248,262,94.7,397,413,96.1,29,57,50.9,1,0.2,0.2,0.8,3,47,4,0,35
ENG-Premier League,2425,Liverpool,Jarell Quansah,ENG,DF,21-329,2003,1.9,106,125,84.8,1692,474,43,45,95.6,57,67,85.1,3,8,37.5,0,0.0,0.1,0.0,0,3,0,0,4
ENG-Premier League,2425,Liverpool,Joe Gomez,ENG,DF,27-214,1997,4.4,260,294,88.4,4673,1741,108,117,92.3,126,134,94.0,22,36,61.1,0,0.0,0.0,0.0,0,13,0,0,17
ENG-Premier League,2425,Liverpool,Kostas Tsimikas,GRE,DF,28-225,1996,2.6,180,209,86.1,3020,1117,87,90,96.7,73,82,89.0,14,28,50.0,0,0.5,0.6,-0.5,3,19,2,0,28
ENG-Premier League,2425,Liverpool,Luis Díaz,COL,FW,27-345,1997,10.7,290,343,84.5,4483,1015,166,187,88.8,87,105,82.9,23,27,85.2,2,1.8,1.6,0.2,21,21,17,2,44
ENG-Premier League,2425,Liverpool,Mohamed Salah,EGY,FW,32-191,1992,15.6,332,468,70.9,5229,1558,184,221,83.3,111,155,71.6,28,50,56.0,11,6.6,3.5,4.4,30,26,34,7,56
ENG-Premier League,2425,Liverpool,Ryan Gravenberch,NED,MF,22-221,2002,15.7,853,951,89.7,12707,3298,479,512,93.6,318,345,92.2,33,55,60.0,1,1.3,1.5,-0.3,9,80,14,1,82
ENG-Premier League,2425,Liverpool,Trent Alexander-Arnold,ENG,DF,26-077,1998,12.6,590,835,70.7,11330,4710,267,308,86.7,222,297,74.7,90,195,46.2,4,4.0,4.1,0.0,29,64,25,10,74
ENG-Premier League,2425,Liverpool,Virgil van Dijk,NED,DF,33-168,1991,16.0,1144,1253,91.3,20228,8634,514,533,96.4,531,557,95.3,87,136,64.0,1,0.3,0.3,0.7,5,88,3,0,62
ENG-Premier League,2425,Liverpool,Vitezslav Jaros,CZE,GK,23-153,2001,0.1,6,8,75.0,302,273,0,0,,1,1,100.0,5,7,71.4,0,0.0,0.0,0.0,0,2,0,0,0
ENG-Premier League,2425,Liverpool,Wataru Endo,JPN,MF,31-318,1993,0.3,19,20,95.0,273,58,9,9,100.0,9,10,90.0,0,0,,0,0.0,0.0,0.0,1,1,0,0,3
ENG-Premier League,2425,Manchester City,Bernardo Silva,POR,"MF,FW",30-135,1994,15.3,742,867,85.6,11305,2105,421,460,91.5,265,310,85.5,39,56,69.6,4,3.8,3.0,0.2,34,41,19,5,71
ENG-Premier League,2425,Manchester City,Ederson,BRA,GK,31-128,1993,13.0,400,463,86.4,9938,6591,74,74,100.0,229,235,97.4,96,152,63.2,1,0.4,0.0,0.6,1,12,1,0,1
ENG-Premier League,2425,Manchester City,Erling Haaland,NOR,FW,24-155,2000,17.0,122,182,67.0,1486,280,83,115,72.2,27,41,65.9,3,4,75.0,1,1.1,0.9,-0.1,12,5,3,0,11
ENG-Premier League,2425,Manchester City,Jack Grealish,ENG,"FW,MF",29-104,1995,6.4,293,339,86.4,4446,773,186,200,93.0,93,106,87.7,13,21,61.9,1,1.7,1.5,-0.7,22,14,13,0,42
ENG-Premier League,2425,Manchester City,Jahmai Simpson-Pusey,ENG,DF,19-049,2005,1.0,99,107,92.5,1594,477,44,46,95.7,53,55,96.4,2,6,33.3,0,0.0,0.0,0.0,0,3,0,0,3
ENG-Premier League,2425,Manchester City,James Mcatee,ENG,"FW,MF",22-066,2002,0.0,4,4,100.0,45,18,3,3,100.0,1,1,100.0,0,0,,0,0.0,0.0,0.0,0,0,0,0,0
ENG-Premier League,2425,Manchester City,Jeremy Doku,BEL,"FW,MF",22-210,2002,6.9,254,324,78.4,3575,570,169,196,86.2,77,96,80.2,6,10,60.0,2,1.4,1.4,0.6,11,3,20,2,26
ENG-Premier League,2425,Manchester City,John Stones,ENG,"DF,MF",30-209,1994,3.7,231,256,90.2,4029,1061,111,120,92.5,95,105,90.5,21,24,87.5,0,0.1,0.1,-0.1,2,31,0,0,18
ENG-Premier League,2425,Manchester City,Joško Gvardiol,CRO,DF,22-335,2002,15.5,1068,1167,91.5,16762,4292,547,581,94.1,471,501,94.0,36,51,70.6,0,1.5,1.9,-1.5,18,110,13,1,131
ENG-Premier League,2425,Manchester City,Kevin De Bruyne,BEL,MF,33-178,1991,7.0,404,526,76.8,6861,1983,213,247,86.2,149,193,77.2,38,57,66.7,2,3.7,3.2,-1.7,25,36,26,5,73
ENG-Premier League,2425,Manchester City,Kyle Walker,ENG,DF,34-209,1990,10.2,677,777,87.1,11164,3602,341,362,94.2,287,314,91.4,39,79,49.4,0,0.4,1.3,-0.4,7,62,7,4,64
ENG-Premier League,2425,Manchester City,Manuel Akanji,SUI,DF,29-157,1995,12.2,920,981,93.8,14957,3858,451,472,95.6,416,435,95.6,44,59,74.6,0,0.3,0.9,-0.3,7,99,11,2,98
ENG-Premier League,2425,Manchester City,Mateo Kovačić,CRO,MF,30-231,1994,10.9,808,864,93.5,12170,3121,442,464,95.3,329,345,95.4,25,33,75.8,0,1.6,1.6,-1.6,15,89,13,0,68
ENG-Premier League,2425,Manchester City,Matheus Nunes,POR,"MF,FW",26-118,1998,5.9,284,335,84.8,4322,771,162,180,90.0,98,117,83.8,19,26,73.1,3,1.9,1.7,1.1,13,9,17,5,26
ENG-Premier League,2425,Manchester City,Nathan Aké,NED,DF,29-309,1995,3.3,238,257,92.6,3684,1300,131,136,96.3,97,101,96.0,9,16,56.3,0,0.0,0.1,0.0,0,16,0,0,22
ENG-Premier League,2425,Manchester City,Phil Foden,ENG,"MF,FW",24-209,2000,9.0,389,460,84.6,5986,1276,239,262,91.2,112,126,88.9,31,53,58.5,1,2.8,3.1,-1.8,20,19,16,2,43
ENG-Premier League,2425,Manchester City,Rico Lewis,ENG,"DF,MF",20-032,2004,12.4,616,675,91.3,8572,1450,388,413,93.9,201,214,93.9,16,22,72.7,2,0.3,0.7,1.7,6,52,8,0,58
ENG-Premier League,2425,Manchester City,Rodri,ESP,MF,28-184,1996,0.7,57,61,93.4,1056,250,25,26,96.2,24,27,88.9,7,7,100.0,0,0.0,0.1,0.0,1,3,1,0,4
ENG-Premier League,2425,Manchester City,Rúben Dias,POR,DF,27-223,1997,12.1,1056,1123,94.0,17837,5740,462,478,96.7,523,548,95.4,54,69,78.3,0,0.3,0.7,-0.3,5,102,5,0,75
ENG-Premier League,2425,Manchester City,Stefan Ortega,GER,GK,32-047,1992,4.0,138,160,86.3,2597,1654,55,56,98.2,62,62,100.0,19,38,50.0,0,0.0,0.0,0.0,0,1,0,0,0
ENG-Premier League,2425,Manchester City,Sávio,BRA,"FW,MF",20-257,2004,8.1,321,407,78.9,4557,869,212,236,89.8,87,117,74.4,14,30,46.7,2,3.5,3.0,-1.5,22,5,30,6,35
ENG-Premier League,2425,Manchester City,İlkay Gündoğan,GER,MF,34-060,1990,12.4,760,857,88.7,11478,2033,437,462,94.6,266,288,92.4,39,76,51.3,1,1.3,1.7,-0.3,21,50,11,1,69
ENG-Premier League,2425,Manchester Utd,Alejandro Garnacho,ARG,"FW,MF",20-175,2004,10.9,278,349,79.7,4070,491,179,199,89.9,68,83,81.9,19,34,55.9,1,1.6,0.8,-0.6,14,10,7,1,19
ENG-Premier League,2425,Manchester Utd,Amad Diallo,CIV,"FW,DF",22-165,2002,10.8,421,508,82.9,5824,1258,262,293,89.4,112,136,82.4,24,39,61.5,6,2.7,2.0,3.3,25,16,22,2,39
ENG-Premier League,2425,Manchester Utd,André Onana,CMR,GK,28-265,1996,17.0,560,716,78.2,12830,7943,158,159,99.4,298,300,99.3,102,253,40.3,0,0.2,0.2,-0.2,1,15,0,0,1
ENG-Premier League,2425,Manchester Utd,Antony,BRA,"FW,MF",24-303,2000,0.6,13,18,72.2,143,7,13,15,86.7,0,1,0.0,0,0,,0,0.1,0.1,-0.1,1,0,0,0,1
ENG-Premier League,2425,Manchester Utd,Bruno Fernandes,POR,"MF,FW",30-106,1994,15.9,715,941,76.0,12014,4121,373,425,87.8,246,312,78.8,74,143,51.7,5,4.2,3.2,0.8,38,85,28,6,122
ENG-Premier League,2425,Manchester Utd,Casemiro,BRA,MF,32-304,1992,8.3,393,491,80.0,6645,2097,182,209,87.1,167,194,86.1,32,49,65.3,0,2.0,1.4,-2.0,14,42,10,3,40
ENG-Premier League,2425,Manchester Utd,Christian Eriksen,DEN,MF,32-313,1992,5.6,285,345,82.6,4966,1561,152,160,95.0,97,118,82.2,29,56,51.8,0,1.7,1.1,-1.7,14,27,1,0,27
ENG-Premier League,2425,Manchester Utd,Diogo Dalot,POR,DF,25-280,1999,16.6,754,915,82.4,12653,4064,362,399,90.7,312,363,86.0,62,108,57.4,1,1.2,1.3,-0.2,11,34,12,1,55
ENG-Premier League,2425,Manchester Utd,Harry Maguire,ENG,DF,31-293,1993,6.0,326,376,86.7,5676,1913,133,145,91.7,166,185,89.7,19,33,57.6,0,0.1,0.1,-0.1,2,18,1,0,19
ENG-Premier League,2425,Manchester Utd,Jonny Evans,NIR,DF,36-355,1988,3.2,174,196,88.8,2809,784,82,87,94.3,81,90,90.0,6,12,50.0,0,0.0,0.0,0.0,0,9,1,0,8
ENG-Premier League,2425,Manchester Utd,Joshua Zirkzee,NED,"FW,MF",23-215,2001,7.3,147,197,74.6,1803,487,108,132,81.8,29,39,74.4,3,7,42.9,1,0.8,0.5,0.2,8,14,3,0,20
ENG-Premier League,2425,Manchester Utd,Kobbie Mainoo,ENG,MF,19-248,2005,10.1,422,482,87.6,5608,1537,266,288,92.4,106,121,87.6,20,24,83.3,0,1.1,0.8,-1.1,8,36,5,0,38
ENG-Premier League,2425,Manchester Utd,Leny Yoro,FRA,DF,19-040,2005,1.7,80,87,92.0,1350,395,35,36,97.2,43,45,95.6,2,6,33.3,0,0.0,0.0,0.0,0,2,0,0,3
ENG-Premier League,2425,Manchester Utd,Lisandro Martínez,ARG,DF,26-340,1998,13.8,894,990,90.3,15031,5240,391,412,94.9,453,483,93.8,41,77,53.2,1,0.8,0.9,0.2,6,64,11,2,83
ENG-Premier League,2425,Manchester Utd,Luke Shaw,ENG,DF,29-164,1995,0.8,89,101,88.1,1503,573,48,50,96.0,34,38,89.5,7,11,63.6,0,0.0,0.0,0.0,0,6,0,0,6
ENG-Premier League,2425,Manchester Utd,Manuel Ugarte Ribeiro,URU,MF,23-256,2001,7.2,300,329,91.2,5049,1055,141,155,91.0,134,138,97.1,21,29,72.4,0,0.5,0.4,-0.5,6,23,2,0,23
ENG-Premier League,2425,Manchester Utd,Marcus Rashford,ENG,"FW,MF",27-053,1997,10.9,253,343,73.8,3508,868,168,201,83.6,56,85,65.9,14,28,50.0,1,2.1,1.4,-1.1,15,13,16,8,21
ENG-Premier League,2425,Manchester Utd,Mason Mount,ENG,"MF,FW",25-348,1999,2.7,76,95,80.0,1124,241,43,49,87.8,21,27,77.8,5,9,55.6,0,0.1,0.1,-0.1,4,5,0,0,8
ENG-Premier League,2425,Manchester Utd,Matthijs de Ligt,NED,DF,25-133,1999,12.7,732,799,91.6,12627,3148,264,280,94.3,439,457,96.1,24,52,46.2,0,0.1,0.1,-0.1,2,29,0,0,23
ENG-Premier League,2425,Manchester Utd,Noussair Mazraoui,MAR,DF,27-039,1997,13.9,764,886,86.2,11577,4147,419,462,90.7,300,328,91.5,30,58,51.7,1,0.2,1.0,0.8,5,66,6,2,55
ENG-Premier League,2425,Manchester Utd,Rasmus Højlund,DEN,FW,21-323,2003,8.0,103,129,79.8,1119,262,73,87,83.9,14,20,70.0,3,3,100.0,0,0.9,0.6,-0.9,7,7,2,0,9
ENG-Premier League,2425,Manchester Utd,Scott McTominay,SCO,MF,28-015,1996,0.2,10,10,100.0,186,99,5,5,100.0,3,3,100.0,2,2,100.0,0,0.0,0.0,0.0,0,2,0,0,1
ENG-Premier League,2425,Manchester Utd,Toby Collyer,ENG,MF,20-355,2004,0.5,15,19,78.9,235,37,8,8,100.0,4,5,80.0,2,3,66.7,0,0.1,0.0,-0.1,1,1,0,0,2
ENG-Premier League,2425,Manchester Utd,Tyrell Malacia,NED,DF,25-128,1999,1.0,46,52,88.5,592,223,30,32,93.8,11,12,91.7,2,2,100.0,0,0.1,0.0,-0.1,1,6,1,0,2
ENG-Premier League,2425,Manchester Utd,Victor Lindelöf,SWE,"DF,MF",30-159,1994,0.7,35,38,92.1,534,171,16,19,84.2,17,17,100.0,1,1,100.0,0,0.0,0.0,0.0,1,4,2,1,5
ENG-Premier League,2425,Newcastle Utd,Alexander Isak,SWE,FW,25-093,1999,13.3,217,294,73.8,3199,703,127,155,81.9,70,90,77.8,11,18,61.1,4,2.7,2.2,1.3,24,18,9,0,38
ENG-Premier League,2425,Newcastle Utd,Anthony Gordon,ENG,FW,23-303,2001,14.1,365,503,72.6,5485,1801,203,240,84.6,128,163,78.5,21,57,36.8,3,3.2,3.5,-0.2,36,29,30,13,43
ENG-Premier League,2425,Newcastle Utd,Bruno Guimarães,BRA,MF,27-037,1997,16.4,665,810,82.1,11218,3842,323,366,88.3,270,304,88.8,57,99,57.6,4,2.7,1.6,1.3,19,85,24,3,111
ENG-Premier League,2425,Newcastle Utd,Callum Wilson,ENG,"FW,MF",32-300,1992,0.7,6,8,75.0,63,0,2,2,100.0,2,2,100.0,0,0,,0,0.0,0.0,0.0,0,0,0,0,0
ENG-Premier League,2425,Newcastle Utd,Dan Burn,ENG,DF,32-228,1992,16.0,809,893,90.6,14433,4977,287,315,91.1,473,491,96.3,43,68,63.2,0,0.2,0.2,-0.2,2,5,4,0,19
ENG-Premier League,2425,Newcastle Utd,Emil Krafth,SWE,DF,30-143,1994,2.7,59,74,79.7,1018,485,26,33,78.8,29,33,87.9,4,6,66.7,0,0.1,0.0,-0.1,1,3,0,0,1
ENG-Premier League,2425,Newcastle Utd,Fabian Schär,SUI,DF,33-003,1991,14.3,779,937,83.1,15550,6196,270,298,90.6,418,450,92.9,90,179,50.3,0,0.2,0.6,-0.2,1,77,5,0,50
ENG-Premier League,2425,Newcastle Utd,Harvey Barnes,ENG,FW,27-014,1997,8.3,212,271,78.2,3008,966,138,161,85.7,65,90,72.2,7,12,58.3,1,2.4,2.7,-1.4,11,7,20,4,39
ENG-Premier League,2425,Newcastle Utd,Jacob Murphy,ENG,FW,29-303,1995,8.6,235,330,71.2,3746,1220,137,165,83.0,79,105,75.2,16,36,44.4,5,3.0,2.1,2.0,16,21,18,4,39
ENG-Premier League,2425,Newcastle Utd,Joe Willock,ENG,"MF,FW",25-125,1999,5.8,141,176,80.1,1986,433,88,101,87.1,48,58,82.8,4,9,44.4,1,1.1,0.6,-0.1,11,14,3,0,21
ENG-Premier League,2425,Newcastle Utd,Joelinton,BRA,"MF,FW",28-131,1996,14.7,488,589,82.9,7008,1913,307,349,88.0,158,182,86.8,18,34,52.9,0,1.3,1.3,-1.3,15,51,7,1,68
ENG-Premier League,2425,Newcastle Utd,Kieran Trippier,ENG,DF,34-095,1990,3.9,312,379,82.3,5385,1783,155,166,93.4,133,154,86.4,21,50,42.0,0,0.2,0.4,-0.2,3,21,2,0,25
ENG-Premier League,2425,Newcastle Utd,Lewis Hall,ENG,DF,20-106,2004,14.6,855,1057,80.9,14757,6109,411,460,89.3,369,437,84.4,66,128,51.6,2,3.1,2.4,-1.1,24,77,10,2,79
ENG-Premier League,2425,Newcastle Utd,Lewis Miley,ENG,MF,18-236,2006,0.1,15,15,100.0,234,44,8,8,100.0,4,4,100.0,2,2,100.0,0,0.0,0.0,0.0,0,1,0,0,2
ENG-Premier League,2425,Newcastle Utd,Lloyd Kelly,ENG,DF,26-078,1998,3.3,138,169,81.7,2538,839,52,58,89.7,75,83,90.4,10,24,41.7,1,0.5,0.1,0.5,2,5,1,1,9
ENG-Premier League,2425,Newcastle Utd,Martin Dúbravka,SVK,GK,35-343,1989,2.0,70,81,86.4,1382,562,15,15,100.0,50,50,100.0,5,16,31.3,0,0.0,0.0,0.0,0,0,0,0,0
ENG-Premier League,2425,Newcastle Utd,Miguel Almirón,PAR,FW,30-317,1994,1.6,45,56,80.4,586,183,34,36,94.4,9,12,75.0,1,3,33.3,0,0.2,0.2,-0.2,1,3,1,0,6
ENG-Premier League,2425,Newcastle Utd,Nick Pope,ENG,GK,32-248,1992,15.0,314,441,71.2,7842,4985,76,76,100.0,155,157,98.7,81,205,39.5,0,0.0,0.0,0.0,0,1,0,0,0
ENG-Premier League,2425,Newcastle Utd,Sandro Tonali,ITA,MF,24-229,2000,9.2,353,434,81.3,5439,1504,207,231,89.6,118,146,80.8,21,39,53.8,1,0.3,0.4,0.7,5,37,4,0,32
ENG-Premier League,2425,Newcastle Utd,Sean Longstaff,ENG,MF,27-054,1997,7.9,261,308,84.7,3907,1051,146,166,88.0,96,103,93.2,14,21,66.7,0,0.2,0.2,-0.2,4,24,1,0,38
ENG-Premier League,2425,Newcastle Utd,Valentino Livramento,ENG,DF,22-041,2002,13.3,574,690,83.2,8775,2934,312,354,88.1,236,275,85.8,20,40,50.0,0,0.5,0.5,-0.5,8,39,12,4,58
ENG-Premier League,2425,Newcastle Utd,William Osula,DEN,"FW,MF",21-141,2003,0.3,2,3,66.7,32,19,0,0,,1,2,50.0,0,0,,0,0.1,0.0,-0.1,1,0,1,0,1
ENG-Premier League,2425,Nott'ham Forest,Anthony Elanga,SWE,"FW,MF",22-240,2002,9.8,176,285,61.8,2607,908,100,124,80.6,43,74,58.1,19,53,35.8,2,1.2,1.5,0.8,15,9,6,0,16
ENG-Premier League,2425,Nott'ham Forest,Callum Hudson-Odoi,ENG,"FW,MF",24-046,2000,13.7,392,479,81.8,5579,1102,238,259,91.9,114,140,81.4,23,46,50.0,1,1.6,1.4,-0.6,29,13,15,4,40
ENG-Premier League,2425,Nott'ham Forest,Chris Wood,NZL,FW,33-016,1991,14.7,136,216,63.0,1845,430,87,124,70.2,30,50,60.0,9,13,69.2,0,1.0,0.2,-1.0,6,8,3,1,13
ENG-Premier League,2425,Nott'ham Forest,Danilo,BRA,MF,23-238,2001,0.2,3,3,100.0,85,6,0,0,,2,2,100.0,1,1,100.0,0,0.0,0.0,0.0,0,0,0,0,0
ENG-Premier League,2425,Nott'ham Forest,Elliot Anderson,ENG,"MF,FW",22-047,2002,10.8,398,501,79.4,6498,2164,208,229,90.8,148,186,79.6,33,60,55.0,5,2.5,2.3,2.5,25,40,5,2,50
ENG-Premier League,2425,Nott'ham Forest,Eric da Silva Moreira,GER,"MF,DF",18-234,2006,0.3,7,8,87.5,86,7,6,7,85.7,1,1,100.0,0,0,,0,0.0,0.0,0.0,0,0,0,0,0
ENG-Premier League,2425,Nott'ham Forest,Harry Toffolo,ENG,DF,29-126,1995,0.4,23,31,74.2,306,170,17,19,89.5,6,8,75.0,0,2,0.0,0,0.0,0.0,0.0,0,1,0,0,1
ENG-Premier League,2425,Nott'ham Forest,Ibrahim Sangaré,CIV,MF,27-021,1997,2.4,86,113,76.1,1305,411,48,56,85.7,32,41,78.0,5,9,55.6,0,0.0,0.1,0.0,1,5,1,0,8
ENG-Premier League,2425,Nott'ham Forest,James Ward-Prowse,ENG,MF,30-052,1994,4.2,142,178,79.8,2249,762,81,87,93.1,51,58,87.9,8,23,34.8,0,0.1,0.4,-0.1,3,16,2,0,16
ENG-Premier League,2425,Nott'ham Forest,Jota Silva,POR,"FW,MF",25-144,1999,5.8,72,118,61.0,993,328,43,58,74.1,20,33,60.6,4,8,50.0,1,1.3,1.5,-0.3,9,1,6,2,12
ENG-Premier League,2425,Nott'ham Forest,Matz Sels,BEL,GK,32-301,1992,17.0,228,448,50.9,8350,7157,38,38,100.0,73,75,97.3,117,330,35.5,0,0.0,0.1,0.0,0,18,1,0,1
ENG-Premier League,2425,Nott'ham Forest,Morato,BRA,DF,23-176,2001,2.9,58,77,75.3,879,467,31,33,93.9,24,28,85.7,1,7,14.3,0,0.0,0.0,0.0,0,2,0,0,6
ENG-Premier League,2425,Nott'ham Forest,Morgan Gibbs-White,ENG,MF,24-331,2000,11.2,369,472,78.2,5334,1665,225,263,85.6,99,123,80.5,28,43,65.1,2,2.5,2.5,-0.5,23,61,10,2,54
ENG-Premier League,2425,Nott'ham Forest,Murillo,BRA,DF,22-172,2002,16.7,539,672,80.2,10090,4516,232,254,91.3,231,264,87.5,63,129,48.8,0,0.9,0.6,-0.9,10,49,6,0,49
ENG-Premier League,2425,Nott'ham Forest,Neco Williams,WAL,DF,23-254,2001,8.2,222,293,75.8,3432,1299,135,150,90.0,67,93,72.0,14,28,50.0,1,0.5,0.4,0.5,6,16,9,3,29
ENG-Premier League,2425,Nott'ham Forest,Nicolás Domínguez,ARG,"MF,FW",26-178,1998,9.0,365,426,85.7,5070,1547,223,245,91.0,105,120,87.5,15,24,62.5,0,0.2,0.3,-0.2,3,36,2,0,31
ENG-Premier League,2425,Nott'ham Forest,Nikola Milenković,SRB,DF,27-072,1997,16.0,386,459,84.1,7587,2827,132,147,89.8,199,225,88.4,49,69,71.0,1,0.2,0.3,0.8,4,25,0,0,24
ENG-Premier League,2425,Nott'ham Forest,Ola Aina,NGA,DF,28-076,1996,16.3,537,717,74.9,8221,3445,295,334,88.3,192,261,73.6,30,78,38.5,0,0.5,1.1,-0.5,7,49,9,6,61
ENG-Premier League,2425,Nott'ham Forest,Ramón Sosa,PAR,"FW,MF",25-114,1999,1.7,39,57,68.4,608,168,18,24,75.0,15,22,68.2,3,5,60.0,0,0.4,0.3,-0.4,7,2,4,2,4
ENG-Premier League,2425,Nott'ham Forest,Ryan Yates,ENG,MF,27-032,1997,13.5,425,503,84.5,6043,1272,238,265,89.8,142,160,88.8,19,32,59.4,0,0.7,0.4,-0.7,12,34,3,0,33
ENG-Premier League,2425,Nott'ham Forest,Taiwo Awoniyi,NGA,FW,27-133,1997,2.3,28,44,63.6,316,39,21,27,77.8,6,14,42.9,0,2,0.0,0,0.1,0.1,-0.1,1,1,1,0,3
ENG-Premier League,2425,Nott'ham Forest,Willy Boly,CIV,DF,33-324,1991,1.0,44,55,80.0,845,382,14,15,93.3,25,27,92.6,4,12,33.3,0,0.0,0.0,0.0,0,2,0,0,2
ENG-Premier League,2425,Nott'ham Forest,Álex Moreno,ESP,DF,31-198,1993,8.8,243,342,71.1,3574,1452,146,171,85.4,75,114,65.8,11,34,32.4,1,1.0,0.8,0.0,4,19,7,1,28
ENG-Premier League,2425,Southampton,Aaron Ramsdale,ENG,GK,26-223,1998,10.0,327,453,72.2,7450,5424,110,110,100.0,142,151,94.0,69,185,37.3,0,0.0,0.0,0.0,0,10,1,0,0
ENG-Premier League,2425,Southampton,Adam Armstrong,ENG,"FW,MF",27-317,1997,10.5,168,209,80.4,2421,331,102,115,88.7,55,66,83.3,6,10,60.0,1,0.4,0.4,0.6,6,9,6,1,16
ENG-Premier League,2425,Southampton,Adam Lallana,ENG,MF,36-227,1988,3.5,200,228,87.7,2612,842,134,147,91.2,54,57,94.7,3,7,42.9,2,0.9,0.4,1.1,3,19,8,2,22
ENG-Premier League,2425,Southampton,Alex McCarthy,ENG,GK,35-020,1989,4.0,90,117,76.9,1791,1126,38,40,95.0,36,40,90.0,15,35,42.9,0,0.0,0.0,0.0,0,2,0,0,0
ENG-Premier League,2425,Southampton,Ben Brereton,CHI,FW,25-249,1999,5.0,128,166,77.1,1836,383,83,95,87.4,36,53,67.9,7,11,63.6,0,0.1,0.1,-0.1,3,9,2,1,9
ENG-Premier League,2425,Southampton,Cameron Archer,ENG,FW,23-155,2001,10.0,113,138,81.9,1506,236,71,81,87.7,31,36,86.1,4,6,66.7,0,0.2,0.4,-0.2,1,5,5,0,9
ENG-Premier League,2425,Southampton,Carlos Alcaraz,ARG,MF,22-023,2002,0.1,13,13,100.0,221,66,7,7,100.0,4,4,100.0,2,2,100.0,0,0.1,0.0,-0.1,1,4,1,1,6
ENG-Premier League,2425,Southampton,Charlie Taylor,ENG,DF,31-096,1993,2.5,130,153,85.0,2255,494,49,53,92.5,70,79,88.6,9,14,64.3,0,0.1,0.1,-0.1,1,6,2,1,6
ENG-Premier League,2425,Southampton,Flynn Downes,ENG,MF,25-338,1999,14.5,669,734,91.1,9797,1985,390,414,94.2,230,249,92.4,25,38,65.8,0,0.9,1.1,-0.9,12,40,9,0,48
ENG-Premier League,2425,Southampton,Jack Stephens,ENG,DF,30-331,1994,8.8,576,619,93.1,9819,2898,231,248,93.1,314,330,95.2,19,24,79.2,0,0.1,0.2,-0.1,2,40,5,0,43
ENG-Premier League,2425,Southampton,James Bree,ENG,DF,27-073,1997,1.6,86,99,86.9,1414,325,44,45,97.8,37,43,86.0,5,9,55.6,0,0.2,0.1,-0.2,2,2,1,0,6
ENG-Premier League,2425,Southampton,Jan Bednarek,POL,DF,28-255,1996,12.9,982,1050,93.5,16845,5892,410,430,95.3,503,528,95.3,61,76,80.3,0,0.4,0.8,-0.4,3,53,0,0,34
ENG-Premier League,2425,Southampton,Joe Aribo,NGA,MF,28-155,1996,10.7,378,435,86.9,5286,925,227,257,88.3,131,142,92.3,9,12,75.0,0,1.2,1.0,-1.2,7,16,3,1,32
ENG-Premier League,2425,Southampton,Joe Lumley,ENG,GK,29-312,1995,3.0,106,151,70.2,2342,1476,42,44,95.5,42,46,91.3,21,59,35.6,0,0.0,0.0,0.0,0,2,0,0,0
ENG-Premier League,2425,Southampton,Kamaldeen Sulemana,GHA,"FW,MF",22-312,2002,0.7,15,18,83.3,229,0,9,10,90.0,6,6,100.0,0,0,,0,0.0,0.0,0.0,0,0,0,0,0
ENG-Premier League,2425,Southampton,Kyle Walker-Peters,ENG,DF,27-254,1997,14.9,806,892,90.4,12279,3416,432,459,94.1,331,363,91.2,28,36,77.8,2,1.6,1.2,0.4,9,58,13,1,62
ENG-Premier League,2425,Southampton,Lesley Ugochukwu,FRA,MF,20-272,2004,2.7,94,109,86.2,1358,224,49,50,98.0,37,41,90.2,2,5,40.0,0,0.2,0.1,-0.2,2,5,3,1,5
ENG-Premier League,2425,Southampton,Mateus Fernandes,POR,MF,20-166,2004,13.7,469,581,80.7,7563,1912,241,278,86.7,166,194,85.6,39,66,59.1,1,1.1,1.4,-0.1,11,38,9,0,64
ENG-Premier League,2425,Southampton,Maxwel Cornet,CIV,FW,28-087,1996,0.8,17,22,77.3,262,37,9,10,90.0,6,8,75.0,1,2,50.0,0,0.0,0.0,0.0,0,0,0,0,0
ENG-Premier League,2425,Southampton,Nathan Wood-Gordon,ENG,DF,22-206,2002,3.8,231,238,97.1,3814,849,100,102,98.0,120,123,97.6,7,8,87.5,0,0.0,0.0,0.0,1,5,0,0,4
ENG-Premier League,2425,Southampton,Paul Onuachu,NGA,FW,30-209,1994,1.3,20,33,60.6,309,94,10,19,52.6,7,8,87.5,2,4,50.0,0,0.0,0.0,0.0,1,1,0,0,2
ENG-Premier League,2425,Southampton,Ronnie Edwards,ENG,DF,21-270,2003,0.1,5,5,100.0,109,0,0,0,,5,5,100.0,0,0,,0,0.0,0.0,0.0,0,0,0,0,0
ENG-Premier League,2425,Southampton,Ross Stewart,SCO,"FW,MF",28-165,1996,1.5,36,45,80.0,527,59,16,19,84.2,17,19,89.5,0,1,0.0,0,0.0,0.0,0.0,0,1,1,0,1
ENG-Premier League,2425,Southampton,Ryan Fraser,SCO,"FW,DF",30-303,1994,3.4,76,102,74.5,1107,208,42,45,93.3,28,40,70.0,3,10,30.0,0,0.1,0.1,-0.1,2,3,1,0,8
ENG-Premier League,2425,Southampton,Ryan Manning,IRL,DF,28-192,1996,7.3,258,326,79.1,4311,1189,131,140,93.6,103,122,84.4,19,41,46.3,0,1.2,1.4,-1.2,11,5,3,3,6
ENG-Premier League,2425,Southampton,Samuel Amo-Ameyaw,ENG,"FW,DF",18-158,2006,0.3,8,9,88.9,107,13,6,6,100.0,2,3,66.7,0,0,,0,0.1,0.1,-0.1,1,0,1,1,0
ENG-Premier League,2425,Southampton,Samuel Edozie,ENG,"DF,FW",21-330,2003,0.7,25,33,75.8,316,67,19,21,90.5,6,7,85.7,0,3,0.0,0,0.1,0.2,-0.1,1,0,3,0,4
ENG-Premier League,2425,Southampton,Taylor Harwood-Bellis,ENG,DF,22-328,2002,14.6,1009,1135,88.9,18175,6244,388,413,93.9,537,582,92.3,74,121,61.2,0,0.4,0.2,-0.4,7,88,4,0,55
ENG-Premier League,2425,Southampton,Tyler Dibling,ENG,"FW,MF",18-286,2006,10.8,246,311,79.1,3928,915,127,146,87.0,105,124,84.7,12,25,48.0,0,1.2,1.0,-1.2,13,19,13,1,35
ENG-Premier League,2425,Southampton,William Smallbone,IRL,MF,24-306,2000,2.7,91,127,71.7,1300,187,50,58,86.2,35,45,77.8,2,14,14.3,0,0.3,0.5,-0.3,3,3,1,1,8
ENG-Premier League,2425,Southampton,Yukinari Sugawara,JPN,DF,24-178,2000,9.7,455,563,80.8,7248,2180,240,267,89.9,182,218,83.5,25,51,49.0,1,2.1,1.6,-1.1,13,33,15,4,46
ENG-Premier League,2425,Tottenham,Alfie Dorrington,ENG,DF,19-247,2005,0.2,15,16,93.8,304,39,6,7,85.7,7,7,100.0,2,2,100.0,0,0.0,0.0,0.0,0,0,0,0,0
ENG-Premier League,2425,Tottenham,Archie Gray,ENG,"DF,MF",18-286,2006,3.7,270,302,89.4,4367,1348,123,131,93.9,131,144,91.0,13,19,68.4,0,0.0,0.0,0.0,0,9,0,0,11
ENG-Premier League,2425,Tottenham,Ben Davies,WAL,DF,31-243,1993,3.0,160,177,90.4,3057,1400,54,58,93.1,92,95,96.8,13,20,65.0,0,0.0,0.0,0.0,0,11,0,0,11
ENG-Premier League,2425,Tottenham,Brennan Johnson,WAL,FW,23-214,2001,13.4,251,359,69.9,3257,836,152,194,78.4,79,107,73.8,7,15,46.7,2,1.2,1.1,0.8,12,11,20,4,35
ENG-Premier League,2425,Tottenham,Cristian Romero,ARG,DF,26-240,1998,10.8,793,880,90.1,14806,5799,275,298,92.3,451,477,94.5,57,85,67.1,0,0.5,0.7,-0.5,6,85,7,1,48
ENG-Premier League,2425,Tottenham,Dejan Kulusevski,SWE,"MF,FW",24-242,2000,14.7,361,504,71.6,5066,1705,223,262,85.1,102,138,73.9,19,47,40.4,3,3.8,2.6,-0.8,37,35,36,3,71
ENG-Premier League,2425,Tottenham,Destiny Udogie,ITA,DF,22-025,2002,14.5,675,775,87.1,9555,2983,387,423,91.5,249,279,89.2,14,19,73.7,1,1.2,1.0,-0.2,12,60,5,1,86
ENG-Premier League,2425,Tottenham,Djed Spence,ENG,DF,24-136,2000,2.6,159,171,93.0,2218,529,91,92,98.9,57,62,91.9,3,4,75.0,1,0.5,0.3,0.5,2,15,2,1,17
ENG-Premier League,2425,Tottenham,Dominic Solanke,ENG,FW,27-100,1997,13.8,156,215,72.6,2107,558,94,124,75.8,41,53,77.4,8,13,61.5,3,2.1,0.9,0.9,11,15,6,0,28
ENG-Premier League,2425,Tottenham,Fraser Forster,ENG,GK,36-281,1988,5.0,131,151,86.8,2513,1466,43,44,97.7,73,77,94.8,13,27,48.1,0,0.0,0.0,0.0,0,0,0,0,0
ENG-Premier League,2425,Tottenham,Guglielmo Vicario,ITA,GK,28-077,1996,12.0,421,460,91.5,7911,4683,139,140,99.3,235,239,98.3,41,74,55.4,0,0.0,0.0,0.0,0,1,0,0,1
ENG-Premier League,2425,Tottenham,James Maddison,ENG,MF,28-030,1996,12.0,594,739,80.4,9611,2986,293,326,89.9,239,278,86.0,41,99,41.4,4,2.7,4.4,1.3,26,62,25,5,92
ENG-Premier League,2425,Tottenham,Lucas Bergvall,SWE,MF,18-325,2006,2.3,160,179,89.4,2609,520,77,81,95.1,64,71,90.1,14,17,82.4,0,0.2,0.4,-0.2,2,10,4,2,14
ENG-Premier League,2425,Tottenham,Micky van de Ven,NED,DF,23-248,2001,8.8,589,645,91.3,11030,3317,180,196,91.8,369,383,96.3,35,53,66.0,2,1.2,0.7,0.8,2,41,1,0,43
ENG-Premier League,2425,Tottenham,Mikey Moore,ENG,FW,17-134,2007,0.9,15,22,68.2,164,46,7,7,100.0,4,7,57.1,0,2,0.0,0,0.0,0.0,0.0,0,0,2,0,3
ENG-Premier League,2425,Tottenham,Pape Matar Sarr,SEN,MF,22-100,2002,10.1,487,558,87.3,7654,1829,262,290,90.3,190,210,90.5,27,35,77.1,2,1.2,0.4,0.8,8,55,6,2,52
ENG-Premier League,2425,Tottenham,Pedro Porro,ESP,DF,25-101,1999,16.0,755,1018,74.2,12993,4965,392,443,88.5,272,348,78.2,74,163,45.4,2,1.6,1.8,0.4,26,70,28,11,88
ENG-Premier League,2425,Tottenham,Radu Drăgușin,ROU,DF,22-324,2002,9.0,473,549,86.2,8900,3663,161,174,92.5,274,295,92.9,31,66,47.0,0,0.0,0.1,0.0,0,33,0,0,28
ENG-Premier League,2425,Tottenham,Richarlison,BRA,FW,27-227,1997,1.0,23,34,67.6,300,69,13,14,92.9,7,13,53.8,1,2,50.0,1,0.8,0.5,0.2,2,4,0,0,5
ENG-Premier League,2425,Tottenham,Rodrigo Bentancur,URU,MF,27-181,1997,5.9,356,391,91.0,5743,1424,168,181,92.8,162,170,95.3,16,22,72.7,0,0.1,0.2,-0.1,2,41,3,0,40
ENG-Premier League,2425,Tottenham,Son Heung-min,KOR,FW,32-168,1992,11.8,393,485,81.0,5705,1455,233,255,91.4,118,140,84.3,23,40,57.5,6,5.7,3.5,0.3,28,20,33,5,67
ENG-Premier League,2425,Tottenham,Timo Werner,GER,"FW,MF",28-292,1996,4.5,125,192,65.1,1866,495,62,77,80.5,48,68,70.6,6,17,35.3,3,2.5,1.5,0.5,9,2,14,2,23
ENG-Premier League,2425,Tottenham,Will Lankshear,ENG,FW,19-247,2005,0.1,0,1,0.0,0,0,0,1,0.0,0,0,,0,0,,0,0.0,0.0,0.0,0,0,0,0,0
ENG-Premier League,2425,Tottenham,Wilson Odobert,FRA,FW,20-025,2004,1.8,59,78,75.6,728,105,42,46,91.3,14,20,70.0,0,1,0.0,0,0.1,0.1,-0.1,3,3,3,0,10
ENG-Premier League,2425,Tottenham,Yves Bissouma,MLI,MF,28-115,1996,9.2,483,541,89.3,7505,2036,256,277,92.4,183,193,94.8,26,44,59.1,0,0.2,0.5,-0.2,4,39,7,0,54
ENG-Premier League,2425,West Ham,Aaron Cresswell,ENG,DF,35-008,1989,0.4,26,36,72.2,502,194,11,15,73.3,13,16,81.3,2,4,50.0,0,0.1,0.1,-0.1,2,2,0,0,3
ENG-Premier League,2425,West Ham,Aaron Wan-Bissaka,ENG,DF,27-027,1997,15.0,590,725,81.4,8430,3067,382,424,90.1,179,225,79.6,21,45,46.7,0,0.5,1.1,-0.5,12,45,14,4,67
ENG-Premier League,2425,West Ham,Alphonse Areola,FRA,GK,31-300,1993,7.5,211,289,73.0,5752,4223,46,46,100.0,97,102,95.1,67,136,49.3,0,0.0,0.0,0.0,0,4,0,0,0
ENG-Premier League,2425,West Ham,Andy Irving,SCO,MF,24-224,2000,0.6,46,47,97.9,790,156,22,22,100.0,17,18,94.4,5,5,100.0,0,0.0,0.0,0.0,0,6,0,0,4
ENG-Premier League,2425,West Ham,Carlos Soler,ESP,MF,27-356,1997,6.7,257,304,84.5,4052,1206,137,144,95.1,95,116,81.9,17,30,56.7,1,0.9,0.8,0.1,8,23,7,0,27
ENG-Premier League,2425,West Ham,Crysencio Summerville,NED,"FW,MF",23-054,2001,7.1,155,205,75.6,2345,510,97,117,82.9,46,51,90.2,9,19,47.4,1,1.5,1.7,-0.5,14,7,11,5,14
ENG-Premier League,2425,West Ham,Danny Ings,ENG,FW,32-153,1992,2.0,42,65,64.6,530,65,29,34,85.3,11,20,55.0,0,4,0.0,1,0.7,0.1,0.3,4,2,0,0,3
ENG-Premier League,2425,West Ham,Edson Álvarez,MEX,MF,27-060,1997,8.8,383,446,85.9,6529,2005,181,204,88.7,171,189,90.5,29,41,70.7,0,0.4,0.5,-0.4,6,41,7,1,40
ENG-Premier League,2425,West Ham,Emerson Palmieri,ITA,DF,30-142,1994,13.1,509,635,80.2,7430,2755,294,328,89.6,169,211,80.1,28,66,42.4,1,1.2,1.6,-0.2,13,27,8,4,34
ENG-Premier League,2425,West Ham,Guido Rodríguez,ARG,MF,30-255,1994,9.2,351,420,83.6,5981,1690,164,191,85.9,153,167,91.6,28,43,65.1,0,0.1,0.1,-0.1,2,32,1,0,28
ENG-Premier League,2425,West Ham,James Ward-Prowse,ENG,MF,30-052,1994,0.2,11,15,73.3,150,61,6,6,100.0,4,5,80.0,0,3,0.0,0,0.0,0.0,0.0,0,2,0,0,4
ENG-Premier League,2425,West Ham,Jarrod Bowen,ENG,"FW,MF",28-003,1996,16.7,304,439,69.2,5027,1617,167,206,81.1,101,132,76.5,31,65,47.7,4,4.0,4.1,0.0,36,29,28,3,59
ENG-Premier League,2425,West Ham,Jean-Clair Todibo,FRA,DF,24-359,1999,7.7,317,361,87.8,6044,2102,99,106,93.4,192,203,94.6,24,46,52.2,0,0.0,0.0,0.0,2,10,0,0,10
ENG-Premier League,2425,West Ham,Kaelan Casey,ENG,DF,20-056,2004,0.0,0,0,,0,0,0,0,,0,0,,0,0,,0,0.0,0.0,0.0,0,0,0,0,0
ENG-Premier League,2425,West Ham,Konstantinos Mavropanos,GRE,DF,27-012,1997,11.1,515,608,84.7,10222,3600,172,192,89.6,286,315,90.8,53,88,60.2,0,0.4,0.4,-0.4,3,41,3,1,37
ENG-Premier League,2425,West Ham,Lucas Paquetá,BRA,MF,27-118,1997,13.3,524,687,76.3,8835,2704,265,322,82.3,184,230,80.0,62,100,62.0,0,1.7,1.2,-1.7,20,64,17,1,65
ENG-Premier League,2425,West Ham,Luis Guilherme,BRA,MF,18-318,2006,0.1,2,4,50.0,25,0,1,2,50.0,1,2,50.0,0,0,,0,0.0,0.0,0.0,0,0,0,0,0
ENG-Premier League,2425,West Ham,Max Kilman,ENG,DF,27-214,1997,17.0,760,884,86.0,14943,5259,250,271,92.3,425,462,92.0,80,136,58.8,1,0.8,0.7,0.2,10,62,2,0,72
ENG-Premier League,2425,West Ham,Michail Antonio,JAM,FW,34-270,1990,9.3,114,188,60.6,2183,424,52,72,72.2,37,62,59.7,22,31,71.0,1,1.6,0.9,-0.6,9,11,6,2,18
ENG-Premier League,2425,West Ham,Mohammed Kudus,GHA,"MF,FW",24-143,2000,11.0,279,338,82.5,4680,837,142,162,87.7,107,114,93.9,25,36,69.4,1,1.4,1.5,-0.4,13,21,15,8,36
ENG-Premier League,2425,West Ham,Niclas Füllkrug,GER,FW,31-318,1993,1.9,25,36,69.4,294,52,15,18,83.3,5,10,50.0,1,2,50.0,0,0.2,0.1,-0.2,2,1,0,0,1
ENG-Premier League,2425,West Ham,Oliver Scarles,ENG,DF,19-011,2005,0.4,8,17,47.1,154,57,1,3,33.3,7,10,70.0,0,3,0.0,0,0.0,0.0,0.0,0,0,0,0,1
ENG-Premier League,2425,West Ham,Tomáš Souček,CZE,MF,29-300,1995,12.9,320,438,73.1,5389,1556,160,202,79.2,121,163,74.2,32,46,69.6,0,0.5,0.7,-0.5,11,38,5,0,40
ENG-Premier League,2425,West Ham,Vladimír Coufal,CZE,DF,32-123,1992,4.9,171,239,71.5,2934,1188,80,93,86.0,69,96,71.9,18,41,43.9,0,0.3,0.5,-0.3,3,18,5,3,19
ENG-Premier League,2425,West Ham,Łukasz Fabiański,POL,GK,39-249,1985,9.5,216,348,62.1,6377,4655,40,40,100.0,99,100,99.0,77,207,37.2,0,0.0,0.0,0.0,0,4,0,0,0
ENG-Premier League,2425,Wolves,Alfie Pond,ENG,DF,20-297,2004,0.0,1,1,100.0,23,0,0,0,,1,1,100.0,0,0,,0,0.0,0.0,0.0,0,0,0,0,0
ENG-Premier League,2425,Wolves,André,BRA,MF,23-160,2001,9.1,388,422,91.9,6510,1654,191,203,94.1,156,163,95.7,31,38,81.6,0,0.2,0.3,-0.2,4,27,2,0,31
ENG-Premier League,2425,Wolves,Carlos Forbs,POR,"MF,FW",20-279,2004,2.3,45,71,63.4,602,206,27,38,71.1,16,22,72.7,1,4,25.0,0,0.0,0.1,0.0,1,1,3,1,7
ENG-Premier League,2425,Wolves,Chiquinho,POR,MF,24-322,2000,0.1,3,3,100.0,71,22,1,1,100.0,1,1,100.0,1,1,100.0,0,0.0,0.0,0.0,1,0,1,1,0
ENG-Premier League,2425,Wolves,Craig Dawson,ENG,DF,34-231,1990,9.9,446,514,86.8,8988,2997,139,148,93.9,247,265,93.2,50,86,58.1,0,0.0,0.1,0.0,2,21,1,0,19
ENG-Premier League,2425,Wolves,Daniel Podence,POR,"MF,FW",29-063,1995,0.5,11,16,68.8,132,78,7,7,100.0,3,3,100.0,0,2,0.0,0,0.0,0.0,0.0,0,1,1,0,2
ENG-Premier League,2425,Wolves,Gonçalo Guedes,POR,"FW,MF",28-024,1996,3.8,71,109,65.1,1247,415,33,42,78.6,32,47,68.1,5,13,38.5,4,0.8,0.4,3.2,8,5,9,3,17
ENG-Premier League,2425,Wolves,Hwang Hee-chan,KOR,"MF,FW",28-332,1996,3.7,83,98,84.7,1130,211,51,57,89.5,24,27,88.9,3,3,100.0,0,0.1,0.2,-0.1,2,3,3,2,6
ENG-Premier League,2425,Wolves,Jean-Ricner Bellegarde,FRA,"MF,FW",26-179,1998,8.1,158,202,78.2,2491,405,91,100,91.0,55,69,79.7,11,19,57.9,2,0.6,0.8,1.4,10,10,6,3,13
ENG-Premier League,2425,Wolves,José Sá,POR,GK,31-341,1993,10.0,196,320,61.3,5477,3965,32,32,100.0,109,110,99.1,54,176,30.7,0,0.1,0.0,-0.1,1,8,1,0,0
ENG-Premier League,2425,Wolves,João Gomes,BRA,MF,23-315,2001,15.1,555,662,83.8,8367,2165,310,350,88.6,182,212,85.8,38,56,67.9,1,0.3,0.7,0.7,9,51,7,0,68
ENG-Premier League,2425,Wolves,Jørgen Strand Larsen,NOR,FW,24-321,2000,15.5,134,221,60.6,1745,305,83,126,65.9,31,53,58.5,6,7,85.7,2,1.3,0.6,0.7,10,6,3,1,12
ENG-Premier League,2425,Wolves,Mario Lemina,GAB,"MF,DF",31-113,1993,14.8,474,588,80.6,9066,2779,171,201,85.1,239,270,88.5,54,90,60.0,3,1.1,1.1,1.9,10,40,11,3,45
ENG-Premier League,2425,Wolves,Matheus Cunha,BRA,"MF,FW",25-210,1999,15.8,382,542,70.5,6219,2215,217,263,82.5,106,138,76.8,45,95,47.4,3,4.9,3.0,-1.9,31,49,33,9,63
ENG-Premier League,2425,Wolves,Matt Doherty,IRL,DF,32-342,1992,5.9,251,322,78.0,4324,1330,121,139,87.1,103,138,74.6,25,36,69.4,1,1.3,0.5,-0.3,6,15,6,1,18
ENG-Premier League,2425,Wolves,Nélson Semedo,POR,DF,31-037,1993,13.6,494,608,81.3,7974,2403,257,285,90.2,199,236,84.3,33,63,52.4,3,1.3,0.7,1.7,10,42,6,2,34
ENG-Premier League,2425,Wolves,Pablo Sarabia,ESP,"MF,FW",32-226,1992,2.0,60,94,63.8,1020,400,28,37,75.7,23,26,88.5,6,16,37.5,0,0.4,0.4,-0.4,3,10,4,0,12
ENG-Premier League,2425,Wolves,Rayan Aït-Nouri,ALG,DF,23-200,2001,15.2,610,721,84.6,8781,2540,367,397,92.4,212,240,88.3,16,42,38.1,3,1.5,1.0,1.5,14,36,12,3,53
ENG-Premier League,2425,Wolves,Rodrigo Gomes,POR,"DF,FW",21-169,2003,3.9,78,120,65.0,1034,287,53,66,80.3,22,37,59.5,1,7,14.3,0,0.2,0.1,-0.2,4,2,3,0,6
ENG-Premier League,2425,Wolves,Sam Johnstone,ENG,GK,31-273,1993,7.0,184,278,66.2,5548,4270,31,32,96.9,80,82,97.6,72,160,45.0,0,0.0,0.0,0.0,1,6,0,0,0
ENG-Premier League,2425,Wolves,Santiago Bueno,URU,DF,26-044,1998,8.8,347,408,85.0,6397,2069,133,147,90.5,174,193,90.2,33,53,62.3,0,0.0,0.0,0.0,0,10,1,0,15
ENG-Premier League,2425,Wolves,Tommy Doyle,ENG,MF,23-067,2001,3.8,222,271,81.9,4780,1486,78,83,94.0,90,101,89.1,50,71,70.4,1,0.4,0.2,0.6,6,31,2,0,29
ENG-Premier League,2425,Wolves,Toti Gomes,POR,DF,25-342,1999,13.0,609,729,83.5,10704,3857,262,295,88.8,293,320,91.6,47,87,54.0,1,0.6,0.4,0.4,4,39,2,0,35
ENG-Premier League,2425,Wolves,Yerson Mosquera,COL,DF,23-235,2001,4.9,205,240,85.4,3996,1184,66,73,90.4,115,123,93.5,22,35,62.9,0,0.1,0.0,-0.1,2,16,1,1,7
