,,,,nation,pos,age,born,Playing Time,Playing Time,Playing Time,Playing Time,Performance,Performance,Performance,Performance,Performance,Performance,Performance,Performance,Expected,Expected,Expected,Expected,Progression,Progression,Progression,Per 90 Minutes,Per 90 Minutes,Per 90 Minutes,Per 90 Minutes,Per 90 Minutes,Per 90 Minutes,Per 90 Minutes,Per 90 Minutes,Per 90 Minutes,Per 90 Minutes
,,,,,,,,MP,Starts,Min,90s,Gls,Ast,G+A,G-PK,PK,PKatt,CrdY,CrdR,xG,npxG,xAG,npxG+xAG,PrgC,PrgP,PrgR,Gls,Ast,G+A,G-PK,G+A-PK,xG,xAG,xG+xAG,npxG,npxG+xAG
league,season,team,player,,,,,,,,,,,,,,,,,,,,,,,,,,,,,,,,,
ENG-Premier League,2425,Arsenal,Ben White,ENG,DF,27-076,1997,9,7,695,7.7,0,1,1,0,0,0,2,0,0.1,0.1,0.4,0.6,4,30,15,0.0,0.13,0.13,0.0,0.13,0.02,0.06,0.07,0.02,0.07
ENG-Premier League,2425,Arsenal,Bukayo Saka,ENG,"FW,MF",23-109,2001,16,16,1268,14.1,5,10,15,4,1,1,3,0,4.2,3.4,5.8,9.2,72,53,195,0.35,0.71,1.06,0.28,0.99,0.3,0.41,0.71,0.24,0.65
ENG-Premier League,2425,Arsenal,David Raya,ESP,GK,29-099,1995,17,17,1530,17.0,0,0,0,0,0,0,2,0,0.0,0.0,0.0,0.0,0,3,0,0.0,0.0,0.0,0.0,0.0,0.0,0.0,0.0,0.0,0.0
ENG-Premier League,2425,Arsenal,Declan Rice,ENG,MF,25-344,1999,15,14,1196,13.3,1,3,4,1,0,0,5,1,1.1,1.1,3.4,4.6,41,89,40,0.08,0.23,0.3,0.08,0.3,0.08,0.26,0.34,0.08,0.34
ENG-Premier League,2425,Arsenal,Ethan Nwaneri,ENG,"MF,FW",17-277,2007,10,0,117,1.3,1,0,1,1,0,0,0,0,0.2,0.2,0.2,0.3,8,7,8,0.77,0.0,0.77,0.77,0.77,0.12,0.13,0.25,0.12,0.25
ENG-Premier League,2425,Arsenal,Gabriel Jesus,BRA,FW,27-264,1997,14,3,358,4.0,2,0,2,2,0,0,4,0,1.7,1.7,0.5,2.2,8,11,35,0.5,0.0,0.5,0.5,0.5,0.44,0.12,0.56,0.44,0.56
ENG-Premier League,2425,Arsenal,Gabriel Magalhães,BRA,DF,27-004,1997,15,15,1268,14.1,3,1,4,3,0,0,2,0,2.1,2.1,0.5,2.6,5,59,8,0.21,0.07,0.28,0.21,0.28,0.15,0.03,0.18,0.15,0.18
ENG-Premier League,2425,Arsenal,Gabriel Martinelli,BRA,"FW,MF",23-188,2001,15,11,946,10.5,4,2,6,4,0,0,1,0,3.0,3.0,2.2,5.2,57,18,129,0.38,0.19,0.57,0.38,0.57,0.29,0.21,0.5,0.29,0.5
ENG-Premier League,2425,Arsenal,Jakub Kiwior,POL,DF,24-312,2000,8,2,327,3.6,0,0,0,0,0,0,0,0,0.0,0.0,0.1,0.1,1,8,0,0.0,0.0,0.0,0.0,0.0,0.0,0.02,0.02,0.0,0.02
ENG-Premier League,2425,Arsenal,Jorginho,ITA,MF,33-003,1991,8,5,393,4.4,0,0,0,0,0,0,3,0,0.0,0.0,0.2,0.2,8,29,2,0.0,0.0,0.0,0.0,0.0,0.01,0.04,0.05,0.01,0.05
ENG-Premier League,2425,Arsenal,Jurriën Timber,NED,DF,23-189,2001,15,14,1215,13.5,1,1,2,1,0,0,4,0,0.7,0.7,0.6,1.3,23,60,42,0.07,0.07,0.15,0.07,0.15,0.05,0.05,0.1,0.05,0.1
ENG-Premier League,2425,Arsenal,Kai Havertz,GER,"FW,MF",25-195,1999,16,16,1390,15.4,6,2,8,6,0,0,2,0,6.7,6.7,2.2,8.9,24,47,79,0.39,0.13,0.52,0.39,0.52,0.44,0.14,0.58,0.44,0.58
ENG-Premier League,2425,Arsenal,Leandro Trossard,BEL,FW,30-019,1994,17,10,917,10.2,3,1,4,3,0,0,2,1,3.0,3.0,2.1,5.1,31,43,75,0.29,0.1,0.39,0.29,0.39,0.29,0.21,0.5,0.29,0.5
ENG-Premier League,2425,Arsenal,Martin Ødegaard,NOR,MF,26-006,1998,10,10,816,9.1,1,2,3,0,1,1,1,0,2.3,1.5,1.7,3.2,27,91,51,0.11,0.22,0.33,0.0,0.22,0.25,0.19,0.44,0.16,0.35
ENG-Premier League,2425,Arsenal,Mikel Merino,ESP,MF,28-184,1996,10,5,480,5.3,1,0,1,1,0,0,1,0,1.3,1.3,0.8,2.0,2,22,25,0.19,0.0,0.19,0.19,0.19,0.24,0.15,0.38,0.24,0.38
ENG-Premier League,2425,Arsenal,Myles Lewis-Skelly,ENG,DF,18-088,2006,4,2,141,1.6,0,0,0,0,0,0,1,0,0.0,0.0,0.1,0.1,2,9,2,0.0,0.0,0.0,0.0,0.0,0.0,0.05,0.05,0.0,0.05
ENG-Premier League,2425,Arsenal,Oleksandr Zinchenko,UKR,"DF,MF",28-008,1996,6,2,238,2.6,0,0,0,0,0,0,1,0,0.1,0.1,0.0,0.1,5,19,6,0.0,0.0,0.0,0.0,0.0,0.02,0.01,0.03,0.02,0.03
ENG-Premier League,2425,Arsenal,Raheem Sterling,ENG,"MF,FW",30-015,1994,6,2,148,1.6,0,1,1,0,0,0,0,0,0.5,0.5,0.2,0.7,10,6,19,0.0,0.61,0.61,0.0,0.61,0.31,0.1,0.41,0.31,0.41
ENG-Premier League,2425,Arsenal,Reiss Nelson,ENG,FW,25-013,1999,1,0,3,0.0,0,0,0,0,0,0,0,0,0.0,0.0,0.0,0.0,0,0,0,0.0,0.0,0.0,0.0,0.0,0.0,0.0,0.0,0.0,0.0
ENG-Premier League,2425,Arsenal,Riccardo Calafiori,ITA,DF,22-218,2002,9,6,540,6.0,1,1,2,1,0,0,1,0,0.5,0.5,0.1,0.7,8,24,13,0.17,0.17,0.33,0.17,0.33,0.09,0.02,0.12,0.09,0.12
ENG-Premier League,2425,Arsenal,Takehiro Tomiyasu,JPN,DF,26-048,1998,1,0,7,0.1,0,0,0,0,0,0,0,0,0.2,0.2,0.0,0.2,0,1,0,0.0,0.0,0.0,0.0,0.0,2.37,0.0,2.37,2.37,2.37
ENG-Premier League,2425,Arsenal,Thomas Partey,GHA,"MF,DF",31-193,1993,16,14,1309,14.5,2,2,4,2,0,0,2,0,1.2,1.2,1.3,2.6,8,88,13,0.14,0.14,0.28,0.14,0.28,0.09,0.09,0.18,0.09,0.18
ENG-Premier League,2425,Arsenal,William Saliba,FRA,DF,23-274,2001,16,16,1379,15.3,2,0,2,2,0,0,2,1,1.9,1.9,0.5,2.3,8,53,2,0.13,0.0,0.13,0.13,0.13,0.12,0.03,0.15,0.12,0.15
ENG-Premier League,2425,Aston Villa,Amadou Onana,BEL,MF,23-129,2001,12,11,810,9.0,2,0,2,2,0,0,3,0,1.8,1.8,0.1,1.9,9,24,9,0.22,0.0,0.22,0.22,0.22,0.2,0.02,0.22,0.2,0.22
ENG-Premier League,2425,Aston Villa,Boubacar Kamara,FRA,MF,25-030,1999,8,5,436,4.8,0,0,0,0,0,0,1,0,0.0,0.0,0.1,0.1,4,21,2,0.0,0.0,0.0,0.0,0.0,0.0,0.02,0.02,0.0,0.02
ENG-Premier League,2425,Aston Villa,Diego Carlos,BRA,DF,31-283,1993,9,7,740,8.2,0,0,0,0,0,0,1,0,0.6,0.6,0.0,0.6,3,34,0,0.0,0.0,0.0,0.0,0.0,0.08,0.0,0.08,0.08,0.08
ENG-Premier League,2425,Aston Villa,Emi Buendía,ARG,"MF,FW",27-364,1996,8,0,44,0.5,0,0,0,0,0,0,1,0,0.1,0.1,0.0,0.1,2,5,5,0.0,0.0,0.0,0.0,0.0,0.18,0.04,0.22,0.18,0.22
ENG-Premier League,2425,Aston Villa,Emiliano Martínez,ARG,GK,32-112,1992,17,17,1485,16.5,0,0,0,0,0,0,2,0,0.0,0.0,0.0,0.0,0,0,0,0.0,0.0,0.0,0.0,0.0,0.0,0.0,0.0,0.0,0.0
ENG-Premier League,2425,Aston Villa,Ezri Konsa,ENG,DF,27-061,1997,15,15,1271,14.1,1,0,1,1,0,0,0,0,0.6,0.6,0.1,0.7,11,39,7,0.07,0.0,0.07,0.07,0.07,0.04,0.01,0.05,0.04,0.05
ENG-Premier League,2425,Aston Villa,Ian Maatsen,NED,DF,22-288,2002,13,2,290,3.2,0,0,0,0,0,0,1,0,0.1,0.1,1.1,1.2,8,16,26,0.0,0.0,0.0,0.0,0.0,0.02,0.34,0.37,0.02,0.37
ENG-Premier League,2425,Aston Villa,Jacob Ramsey,ENG,"FW,MF",23-209,2001,10,7,633,7.0,0,2,2,0,0,0,1,0,0.7,0.7,1.3,2.0,28,28,54,0.0,0.28,0.28,0.0,0.28,0.1,0.18,0.28,0.1,0.28
ENG-Premier League,2425,Aston Villa,Jaden Philogene Bidace,ENG,"FW,MF",22-319,2002,11,2,332,3.7,0,0,0,0,0,0,4,1,0.5,0.5,0.3,0.8,7,4,17,0.0,0.0,0.0,0.0,0.0,0.13,0.08,0.2,0.13,0.2
ENG-Premier League,2425,Aston Villa,Jhon Durán,COL,FW,21-010,2003,17,3,571,6.3,7,0,7,7,0,0,3,0,4.8,4.8,0.2,5.0,7,12,36,1.1,0.0,1.1,1.1,1.1,0.75,0.03,0.78,0.75,0.78
ENG-Premier League,2425,Aston Villa,John McGinn,SCO,"FW,MF",30-066,1994,15,13,1067,11.9,0,3,3,0,0,0,3,0,1.8,1.8,2.4,4.3,19,51,49,0.0,0.25,0.25,0.0,0.25,0.16,0.21,0.36,0.16,0.36
ENG-Premier League,2425,Aston Villa,Kosta Nedeljković,SRB,DF,19-007,2005,3,0,96,1.1,0,0,0,0,0,0,0,0,0.0,0.0,0.0,0.0,1,3,0,0.0,0.0,0.0,0.0,0.0,0.0,0.0,0.0,0.0,0.0
ENG-Premier League,2425,Aston Villa,Lamare Bogarde,NED,DF,20-353,2004,3,3,213,2.4,0,0,0,0,0,0,1,0,0.0,0.0,0.1,0.1,7,8,7,0.0,0.0,0.0,0.0,0.0,0.0,0.03,0.03,0.0,0.03
ENG-Premier League,2425,Aston Villa,Leon Bailey,JAM,"FW,MF",27-136,1997,14,10,731,8.1,0,2,2,0,0,0,2,0,0.6,0.6,1.3,1.8,35,21,67,0.0,0.25,0.25,0.0,0.25,0.07,0.16,0.23,0.07,0.23
ENG-Premier League,2425,Aston Villa,Lucas Digne,FRA,DF,31-156,1993,17,15,1255,13.9,0,2,2,0,0,0,3,0,0.5,0.5,3.0,3.5,12,24,85,0.0,0.14,0.14,0.0,0.14,0.04,0.21,0.25,0.04,0.25
ENG-Premier League,2425,Aston Villa,Matty Cash,POL,"DF,FW",27-138,1997,11,10,830,9.2,1,0,1,1,0,0,4,0,0.1,0.1,0.2,0.3,16,18,25,0.11,0.0,0.11,0.11,0.11,0.01,0.02,0.04,0.01,0.04
ENG-Premier League,2425,Aston Villa,Morgan Rogers,ENG,"MF,FW",22-150,2002,17,17,1400,15.6,5,3,8,5,0,0,4,0,3.5,3.5,3.9,7.4,54,60,85,0.32,0.19,0.51,0.32,0.51,0.23,0.25,0.48,0.23,0.48
ENG-Premier League,2425,Aston Villa,Ollie Watkins,ENG,FW,28-359,1995,17,14,1137,12.6,7,3,10,6,1,1,0,0,8.8,8.0,1.6,9.6,24,12,80,0.55,0.24,0.79,0.47,0.71,0.7,0.13,0.82,0.63,0.76
ENG-Premier League,2425,Aston Villa,Pau Torres,ESP,DF,27-342,1997,16,16,1440,16.0,0,0,0,0,0,0,1,0,0.3,0.3,0.0,0.4,30,69,4,0.0,0.0,0.0,0.0,0.0,0.02,0.0,0.02,0.02,0.02
ENG-Premier League,2425,Aston Villa,Robin Olsen,SWE,GK,34-350,1990,1,0,45,0.5,0,0,0,0,0,0,0,0,0.0,0.0,0.0,0.0,0,0,0,0.0,0.0,0.0,0.0,0.0,0.0,0.0,0.0,0.0,0.0
ENG-Premier League,2425,Aston Villa,Ross Barkley,ENG,MF,31-018,1993,13,2,449,5.0,2,1,3,2,0,0,3,0,1.5,1.5,0.5,2.1,11,25,8,0.4,0.2,0.6,0.4,0.6,0.31,0.11,0.42,0.31,0.42
ENG-Premier League,2425,Aston Villa,Tyrone Mings,ENG,DF,31-285,1993,1,1,90,1.0,0,0,0,0,0,0,0,0,0.2,0.2,0.0,0.2,0,2,0,0.0,0.0,0.0,0.0,0.0,0.16,0.0,0.16,0.16,0.16
ENG-Premier League,2425,Aston Villa,Youri Tielemans,BEL,MF,27-230,1997,17,17,1464,16.3,0,4,4,0,0,1,3,0,1.4,0.6,4.2,4.8,20,111,17,0.0,0.25,0.25,0.0,0.25,0.08,0.26,0.34,0.03,0.29
ENG-Premier League,2425,Bournemouth,Adam Smith,ENG,DF,33-238,1991,17,12,1035,11.5,0,0,0,0,0,0,4,0,0.6,0.6,0.1,0.7,7,31,16,0.0,0.0,0.0,0.0,0.0,0.05,0.01,0.06,0.05,0.06
ENG-Premier League,2425,Bournemouth,Alex Scott,ENG,MF,21-124,2003,8,2,263,2.9,0,0,0,0,0,0,0,0,0.1,0.1,0.2,0.3,5,32,14,0.0,0.0,0.0,0.0,0.0,0.05,0.07,0.12,0.05,0.12
ENG-Premier League,2425,Bournemouth,Antoine Semenyo,GHA,FW,24-351,2000,16,16,1386,15.4,5,1,6,5,0,0,5,0,5.6,5.6,2.8,8.4,68,42,131,0.32,0.06,0.39,0.32,0.39,0.36,0.18,0.55,0.36,0.55
ENG-Premier League,2425,Bournemouth,Dango Ouattara,BFA,"FW,DF",22-316,2002,14,6,702,7.8,2,3,5,2,0,0,0,0,3.3,3.3,3.8,7.1,31,15,79,0.26,0.38,0.64,0.26,0.64,0.42,0.49,0.91,0.42,0.91
ENG-Premier League,2425,Bournemouth,Daniel Jebbison,ENG,FW,21-132,2003,2,0,28,0.3,0,0,0,0,0,0,0,0,0.0,0.0,0.0,0.0,1,0,1,0.0,0.0,0.0,0.0,0.0,0.0,0.07,0.07,0.0,0.07
ENG-Premier League,2425,Bournemouth,David Brooks,WAL,"FW,MF",27-168,1997,10,1,176,2.0,1,0,1,1,0,0,1,0,0.5,0.5,0.6,1.2,7,9,33,0.51,0.0,0.51,0.51,0.51,0.27,0.33,0.6,0.27,0.6
ENG-Premier League,2425,Bournemouth,Dean Huijsen,ESP,DF,19-253,2005,11,6,614,6.8,2,0,2,2,0,0,2,0,1.0,1.0,0.5,1.5,7,31,1,0.29,0.0,0.29,0.29,0.29,0.15,0.07,0.21,0.15,0.21
ENG-Premier League,2425,Bournemouth,Enes Ünal,TUR,"FW,MF",27-227,1997,14,1,245,2.7,2,1,3,2,0,0,1,0,2.3,2.3,0.2,2.5,4,8,14,0.73,0.37,1.1,0.73,1.1,0.83,0.08,0.92,0.83,0.92
ENG-Premier League,2425,Bournemouth,Evanilson,BRA,FW,25-078,1999,16,15,1179,13.1,4,0,4,4,0,1,0,0,6.0,5.2,1.1,6.2,16,10,47,0.31,0.0,0.31,0.31,0.31,0.46,0.08,0.54,0.4,0.48
ENG-Premier League,2425,Bournemouth,Illia Zabarnyi,UKR,DF,22-113,2002,17,17,1530,17.0,0,0,0,0,0,0,2,0,0.4,0.4,0.2,0.6,10,62,3,0.0,0.0,0.0,0.0,0.0,0.02,0.01,0.04,0.02,0.04
ENG-Premier League,2425,Bournemouth,James Hill,ENG,MF,22-348,2002,2,0,7,0.1,0,0,0,0,0,0,0,0,0.0,0.0,0.0,0.0,0,0,0,0.0,0.0,0.0,0.0,0.0,0.0,0.0,0.0,0.0,0.0
ENG-Premier League,2425,Bournemouth,Julian Araujo,MEX,DF,23-132,2001,8,5,355,3.9,0,0,0,0,0,0,1,0,0.0,0.0,0.0,0.0,2,14,11,0.0,0.0,0.0,0.0,0.0,0.0,0.0,0.0,0.0,0.0
ENG-Premier League,2425,Bournemouth,Justin Kluivert,NED,"MF,FW",25-232,1999,17,14,1056,11.7,6,2,8,1,5,5,4,0,6.1,2.2,2.0,4.2,25,40,81,0.51,0.17,0.68,0.09,0.26,0.52,0.17,0.69,0.18,0.36
ENG-Premier League,2425,Bournemouth,Kepa Arrizabalaga,ESP,GK,30-081,1994,12,12,1080,12.0,0,0,0,0,0,0,2,0,0.0,0.0,0.0,0.0,0,0,0,0.0,0.0,0.0,0.0,0.0,0.0,0.0,0.0,0.0,0.0
ENG-Premier League,2425,Bournemouth,Lewis Cook,ENG,"MF,DF",27-324,1997,16,14,1312,14.6,1,3,4,1,0,0,4,0,0.6,0.6,2.3,2.8,17,83,21,0.07,0.21,0.27,0.07,0.27,0.04,0.16,0.19,0.04,0.19
ENG-Premier League,2425,Bournemouth,Luis Sinisterra,COL,"FW,MF",25-189,1999,8,1,208,2.3,1,1,2,1,0,0,0,0,1.1,1.1,1.0,2.1,14,3,29,0.43,0.43,0.87,0.43,0.87,0.48,0.44,0.92,0.48,0.92
ENG-Premier League,2425,Bournemouth,Marcos Senesi,ARG,DF,27-227,1997,11,11,917,10.2,0,0,0,0,0,0,4,0,0.8,0.8,0.4,1.2,11,45,3,0.0,0.0,0.0,0.0,0.0,0.08,0.04,0.12,0.08,0.12
ENG-Premier League,2425,Bournemouth,Marcus Tavernier,ENG,"FW,MF",25-276,1999,15,13,1140,12.7,1,4,5,1,0,0,2,0,4.1,4.1,2.6,6.7,26,70,83,0.08,0.32,0.39,0.08,0.39,0.32,0.2,0.53,0.32,0.53
ENG-Premier League,2425,Bournemouth,Mark Travers,IRL,GK,25-219,1999,3,3,270,3.0,0,0,0,0,0,0,0,0,0.0,0.0,0.0,0.0,0,0,0,0.0,0.0,0.0,0.0,0.0,0.0,0.0,0.0,0.0,0.0
ENG-Premier League,2425,Bournemouth,Max Aarons,ENG,DF,24-354,2000,1,0,16,0.2,0,0,0,0,0,0,0,0,0.0,0.0,0.0,0.0,1,4,3,0.0,0.0,0.0,0.0,0.0,0.0,0.0,0.0,0.0,0.0
ENG-Premier League,2425,Bournemouth,Milos Kerkez,HUN,DF,21-046,2003,17,17,1457,16.2,1,2,3,1,0,0,2,0,0.3,0.3,2.5,2.7,41,74,74,0.06,0.12,0.19,0.06,0.19,0.02,0.15,0.17,0.02,0.17
ENG-Premier League,2425,Bournemouth,Neto,BRA,GK,35-157,1989,2,2,180,2.0,0,0,0,0,0,0,0,0,0.0,0.0,0.0,0.0,0,0,0,0.0,0.0,0.0,0.0,0.0,0.0,0.0,0.0,0.0,0.0
ENG-Premier League,2425,Bournemouth,Philip Billing,DEN,MF,28-195,1996,7,0,84,0.9,0,0,0,0,0,0,0,0,0.3,0.3,0.8,1.2,2,11,8,0.0,0.0,0.0,0.0,0.0,0.36,0.88,1.24,0.36,1.24
ENG-Premier League,2425,Bournemouth,Ryan Christie,SCO,MF,29-305,1995,16,14,1134,12.6,1,1,2,1,0,0,5,0,0.8,0.8,1.8,2.6,19,83,27,0.08,0.08,0.16,0.08,0.16,0.06,0.14,0.21,0.06,0.21
ENG-Premier League,2425,Bournemouth,Tyler Adams,USA,MF,25-313,1999,8,5,456,5.1,0,0,0,0,0,0,2,0,1.1,1.1,0.4,1.5,2,19,0,0.0,0.0,0.0,0.0,0.0,0.21,0.09,0.3,0.21,0.3
ENG-Premier League,2425,Brentford,Ben Mee,ENG,DF,35-093,1989,4,1,99,1.1,0,0,0,0,0,0,1,0,0.0,0.0,0.0,0.0,3,9,2,0.0,0.0,0.0,0.0,0.0,0.0,0.0,0.0,0.0,0.0
ENG-Premier League,2425,Brentford,Bryan Mbeumo,CMR,FW,25-138,1999,17,17,1524,16.9,10,2,12,8,2,2,2,0,4.9,3.3,3.3,6.6,51,60,179,0.59,0.12,0.71,0.47,0.59,0.29,0.19,0.48,0.19,0.39
ENG-Premier League,2425,Brentford,Christian Nørgaard,DEN,MF,30-288,1994,14,14,1154,12.8,1,2,3,1,0,0,2,1,1.8,1.8,0.4,2.2,6,63,19,0.08,0.16,0.23,0.08,0.23,0.14,0.03,0.17,0.14,0.17
ENG-Premier League,2425,Brentford,Edmond-Paris Maghoma,ENG,MF,23-229,2001,3,0,52,0.6,0,0,0,0,0,0,0,0,0.0,0.0,0.0,0.0,2,7,2,0.0,0.0,0.0,0.0,0.0,0.0,0.0,0.0,0.0,0.0
ENG-Premier League,2425,Brentford,Ethan Pinnock,JAM,DF,31-208,1993,16,16,1440,16.0,2,0,2,2,0,0,2,0,0.9,0.9,1.2,2.0,2,33,8,0.12,0.0,0.12,0.12,0.12,0.05,0.07,0.13,0.05,0.13
ENG-Premier League,2425,Brentford,Fabio Carvalho,POR,"FW,MF",22-115,2002,16,3,428,4.8,1,1,2,1,0,0,1,0,2.1,2.1,0.5,2.7,8,16,21,0.21,0.21,0.42,0.21,0.42,0.45,0.11,0.56,0.45,0.56
ENG-Premier League,2425,Brentford,Frank Onyeka,NGA,MF,26-357,1998,2,0,25,0.3,0,0,0,0,0,0,0,0,0.0,0.0,0.0,0.0,0,1,0,0.0,0.0,0.0,0.0,0.0,0.0,0.0,0.0,0.0,0.0
ENG-Premier League,2425,Brentford,Jayden Meghoma,ENG,DF,18-178,2006,1,0,5,0.1,0,0,0,0,0,0,0,0,0.0,0.0,0.0,0.0,0,0,0,0.0,0.0,0.0,0.0,0.0,0.0,0.0,0.0,0.0,0.0
ENG-Premier League,2425,Brentford,Keane Lewis-Potter,ENG,"DF,FW",23-305,2001,17,15,1289,14.3,0,1,1,0,0,0,3,0,0.9,0.9,1.1,2.0,45,43,82,0.0,0.07,0.07,0.0,0.07,0.07,0.08,0.14,0.07,0.14
ENG-Premier League,2425,Brentford,Kevin Schade,GER,FW,23-026,2001,17,8,758,8.4,4,2,6,4,0,0,2,0,3.6,3.6,1.1,4.6,24,14,64,0.47,0.24,0.71,0.47,0.71,0.42,0.13,0.55,0.42,0.55
ENG-Premier League,2425,Brentford,Kristoffer Ajer,NOR,DF,26-250,1998,10,9,717,8.0,0,0,0,0,0,0,3,0,0.5,0.5,0.7,1.2,15,27,16,0.0,0.0,0.0,0.0,0.0,0.06,0.09,0.15,0.06,0.15
ENG-Premier League,2425,Brentford,Mads Roerslev,DEN,DF,25-182,1999,13,5,565,6.3,0,1,1,0,0,0,1,0,0.0,0.0,1.8,1.8,10,36,35,0.0,0.16,0.16,0.0,0.16,0.0,0.29,0.29,0.0,0.29
ENG-Premier League,2425,Brentford,Mark Flekken,NED,GK,31-193,1993,17,17,1530,17.0,0,1,1,0,0,0,1,0,0.0,0.0,0.2,0.2,0,0,0,0.0,0.06,0.06,0.0,0.06,0.0,0.01,0.01,0.0,0.01
ENG-Premier League,2425,Brentford,Mathias Jensen,DEN,MF,28-357,1996,8,6,479,5.3,0,1,1,0,0,0,1,0,0.2,0.2,0.8,1.0,5,33,15,0.0,0.19,0.19,0.0,0.19,0.04,0.15,0.19,0.04,0.19
ENG-Premier League,2425,Brentford,Mikkel Damsgaard,DEN,"MF,FW",24-173,2000,17,14,1190,13.2,2,4,6,2,0,0,1,0,1.6,1.6,3.7,5.4,31,99,54,0.15,0.3,0.45,0.15,0.45,0.12,0.28,0.41,0.12,0.41
ENG-Premier League,2425,Brentford,Nathan Collins,IRL,DF,23-237,2001,17,17,1530,17.0,2,1,3,2,0,0,2,0,2.0,2.0,1.3,3.2,14,68,8,0.12,0.06,0.18,0.12,0.18,0.11,0.08,0.19,0.11,0.19
ENG-Premier League,2425,Brentford,Ryan Trevitt,ENG,MF,21-286,2003,1,0,4,0.0,0,0,0,0,0,0,0,0,0.0,0.0,0.0,0.0,0,0,1,0.0,0.0,0.0,0.0,0.0,0.0,0.0,0.0,0.0,0.0
ENG-Premier League,2425,Brentford,Sepp van den Berg,NED,DF,23-003,2001,14,13,1174,13.0,0,0,0,0,0,0,1,0,0.6,0.6,0.1,0.8,5,38,21,0.0,0.0,0.0,0.0,0.0,0.05,0.01,0.06,0.05,0.06
ENG-Premier League,2425,Brentford,Thiago,BRA,FW,23-180,2001,4,1,132,1.5,0,0,0,0,0,0,0,0,0.1,0.1,0.1,0.2,3,2,4,0.0,0.0,0.0,0.0,0.0,0.07,0.05,0.11,0.07,0.11
ENG-Premier League,2425,Brentford,Vitaly Janelt,GER,MF,26-227,1998,16,14,1220,13.6,1,3,4,1,0,0,2,0,0.6,0.6,1.9,2.5,8,47,23,0.07,0.22,0.3,0.07,0.3,0.04,0.14,0.18,0.04,0.18
ENG-Premier League,2425,Brentford,Yehor Yarmoliuk,UKR,MF,20-297,2004,12,4,397,4.4,0,0,0,0,0,0,1,0,0.4,0.4,0.1,0.5,5,19,21,0.0,0.0,0.0,0.0,0.0,0.09,0.03,0.12,0.09,0.12
ENG-Premier League,2425,Brentford,Yoane Wissa,COD,FW,28-111,1996,14,13,1047,11.6,9,1,10,9,0,0,2,0,6.4,6.4,0.8,7.2,20,26,61,0.77,0.09,0.86,0.77,0.86,0.55,0.07,0.62,0.55,0.62
ENG-Premier League,2425,Brentford,Yunus Emre Konak,TUR,"MF,FW",18-348,2006,5,0,21,0.2,0,0,0,0,0,0,0,0,0.2,0.2,0.0,0.2,1,2,1,0.0,0.0,0.0,0.0,0.0,0.66,0.0,0.66,0.66,0.66
ENG-Premier League,2425,Brighton,Adam Webster,ENG,DF,29-354,1995,3,2,79,0.9,0,0,0,0,0,0,0,0,0.0,0.0,0.0,0.0,0,10,1,0.0,0.0,0.0,0.0,0.0,0.0,0.0,0.0,0.0,0.0
ENG-Premier League,2425,Brighton,Bart Verbruggen,NED,GK,22-127,2002,15,15,1350,15.0,0,0,0,0,0,0,2,0,0.0,0.0,0.0,0.0,0,0,0,0.0,0.0,0.0,0.0,0.0,0.0,0.0,0.0,0.0,0.0
ENG-Premier League,2425,Brighton,Billy Gilmour,SCO,MF,23-195,2001,2,1,98,1.1,0,0,0,0,0,0,0,0,0.1,0.1,0.0,0.1,2,11,2,0.0,0.0,0.0,0.0,0.0,0.07,0.0,0.07,0.07,0.07
ENG-Premier League,2425,Brighton,Brajan Gruda,GER,"MF,FW",20-206,2004,7,1,154,1.7,0,0,0,0,0,0,0,0,0.1,0.1,0.1,0.2,6,3,19,0.0,0.0,0.0,0.0,0.0,0.03,0.07,0.1,0.03,0.1
ENG-Premier League,2425,Brighton,Carlos Baleba,CMR,MF,20-355,2004,14,12,987,11.0,2,1,3,2,0,0,4,1,1.0,1.0,0.6,1.7,22,58,10,0.18,0.09,0.27,0.18,0.27,0.1,0.06,0.15,0.1,0.15
ENG-Premier League,2425,Brighton,Danny Welbeck,ENG,FW,34-027,1990,14,13,1112,12.4,6,2,8,6,0,0,1,0,5.6,5.6,0.5,6.1,10,29,46,0.49,0.16,0.65,0.49,0.65,0.45,0.04,0.49,0.45,0.49
ENG-Premier League,2425,Brighton,Evan Ferguson,IRL,FW,20-065,2004,12,2,228,2.5,1,0,1,1,0,0,0,0,0.5,0.5,0.4,1.0,2,1,8,0.39,0.0,0.39,0.39,0.39,0.21,0.17,0.38,0.21,0.38
ENG-Premier League,2425,Brighton,Ferdi Kadioglu,TUR,"DF,MF",25-077,1999,6,5,385,4.3,1,0,1,1,0,0,1,0,0.4,0.4,0.2,0.6,1,15,27,0.23,0.0,0.23,0.23,0.23,0.1,0.04,0.14,0.1,0.14
ENG-Premier League,2425,Brighton,Georginio Rutter,FRA,"FW,MF",22-247,2002,16,13,991,11.0,2,2,4,2,0,0,2,0,2.7,2.7,1.3,4.0,27,42,52,0.18,0.18,0.36,0.18,0.36,0.24,0.12,0.36,0.24,0.36
ENG-Premier League,2425,Brighton,Igor,BRA,DF,26-320,1998,10,7,748,8.3,0,0,0,0,0,0,3,0,0.0,0.0,0.2,0.2,9,36,0,0.0,0.0,0.0,0.0,0.0,0.01,0.02,0.03,0.01,0.03
ENG-Premier League,2425,Brighton,Jack Hinshelwood,ENG,"MF,DF",19-256,2005,10,10,840,9.3,1,0,1,1,0,0,2,0,0.7,0.7,0.3,1.0,10,31,27,0.11,0.0,0.11,0.11,0.11,0.08,0.03,0.11,0.08,0.11
ENG-Premier League,2425,Brighton,Jakub Moder,POL,MF,25-260,1999,2,0,5,0.1,0,0,0,0,0,0,0,0,0.0,0.0,0.0,0.0,2,3,0,0.0,0.0,0.0,0.0,0.0,0.0,0.12,0.12,0.0,0.12
ENG-Premier League,2425,Brighton,James Milner,ENG,MF,38-354,1986,3,3,169,1.9,0,0,0,0,0,0,1,0,0.2,0.2,0.2,0.4,1,10,10,0.0,0.0,0.0,0.0,0.0,0.09,0.12,0.21,0.09,0.21
ENG-Premier League,2425,Brighton,Jan Paul van Hecke,NED,DF,24-198,2000,15,14,1250,13.9,0,1,1,0,0,0,4,0,0.6,0.6,0.8,1.4,22,116,4,0.0,0.07,0.07,0.0,0.07,0.04,0.06,0.1,0.04,0.1
ENG-Premier League,2425,Brighton,Jason Steele,ENG,GK,34-127,1990,2,2,180,2.0,0,0,0,0,0,0,0,0,0.0,0.0,0.0,0.0,0,0,0,0.0,0.0,0.0,0.0,0.0,0.0,0.0,0.0,0.0,0.0
ENG-Premier League,2425,Brighton,Jeremy Sarmiento,ECU,MF,22-190,2002,1,0,9,0.1,0,0,0,0,0,0,0,0,0.0,0.0,0.0,0.0,0,0,2,0.0,0.0,0.0,0.0,0.0,0.0,0.0,0.0,0.0,0.0
ENG-Premier League,2425,Brighton,João Pedro,BRA,"MF,FW",23-088,2001,11,9,769,8.5,4,3,7,4,0,0,1,0,2.5,2.5,1.7,4.2,34,32,50,0.47,0.35,0.82,0.47,0.82,0.29,0.19,0.49,0.29,0.49
ENG-Premier League,2425,Brighton,Joël Veltman,NED,DF,32-343,1992,12,12,1022,11.4,0,0,0,0,0,0,2,0,0.1,0.1,0.3,0.3,20,39,19,0.0,0.0,0.0,0.0,0.0,0.01,0.02,0.03,0.01,0.03
ENG-Premier League,2425,Brighton,Julio Enciso,PAR,"MF,FW",20-335,2004,9,0,159,1.8,0,0,0,0,0,0,0,0,0.5,0.5,0.2,0.7,10,7,13,0.0,0.0,0.0,0.0,0.0,0.26,0.13,0.39,0.26,0.39
ENG-Premier League,2425,Brighton,Kaoru Mitoma,JPN,"FW,MF",27-217,1997,17,16,1447,16.1,3,2,5,3,0,0,0,0,4.0,4.0,3.4,7.3,86,52,172,0.19,0.12,0.31,0.19,0.31,0.25,0.21,0.46,0.25,0.46
ENG-Premier League,2425,Brighton,Lewis Dunk,ENG,DF,33-032,1991,13,12,1084,12.0,0,0,0,0,0,0,4,0,0.7,0.7,0.5,1.2,9,77,1,0.0,0.0,0.0,0.0,0.0,0.05,0.04,0.1,0.05,0.1
ENG-Premier League,2425,Brighton,Mats Wieffer,NED,MF,25-037,1999,13,4,471,5.2,1,1,2,1,0,0,2,0,0.5,0.5,0.6,1.0,5,34,8,0.19,0.19,0.38,0.19,0.38,0.09,0.1,0.19,0.09,0.19
ENG-Premier League,2425,Brighton,Matt O'Riley,DEN,MF,24-032,2000,5,2,221,2.5,1,0,1,1,0,0,1,0,0.7,0.7,0.4,1.1,3,10,10,0.41,0.0,0.41,0.41,0.41,0.28,0.18,0.46,0.28,0.46
ENG-Premier League,2425,Brighton,Pervis Estupiñán,ECU,DF,26-337,1998,14,11,1064,11.8,0,1,1,0,0,0,3,0,0.5,0.5,1.6,2.1,31,60,68,0.0,0.08,0.08,0.0,0.08,0.04,0.14,0.18,0.04,0.18
ENG-Premier League,2425,Brighton,Simon Adingra,CIV,"FW,MF",22-357,2002,11,3,349,3.9,1,1,2,1,0,0,0,0,0.6,0.6,0.6,1.2,14,6,55,0.26,0.26,0.52,0.26,0.52,0.16,0.15,0.31,0.16,0.31
ENG-Premier League,2425,Brighton,Tariq Lamptey,GHA,DF,24-084,2000,6,3,260,2.9,1,2,3,1,0,0,0,0,0.1,0.1,0.4,0.5,12,6,20,0.35,0.69,1.04,0.35,1.04,0.04,0.14,0.18,0.04,0.18
ENG-Premier League,2425,Brighton,Yankuba Minteh,GAM,"FW,MF",20-154,2004,12,6,535,5.9,2,1,3,2,0,0,2,0,1.2,1.2,1.6,2.9,24,13,69,0.34,0.17,0.5,0.34,0.5,0.21,0.27,0.48,0.21,0.48
ENG-Premier League,2425,Brighton,Yasin Ayari,SWE,MF,21-078,2003,14,9,832,9.2,0,0,0,0,0,0,2,0,1.1,1.1,1.0,2.2,14,33,36,0.0,0.0,0.0,0.0,0.0,0.12,0.11,0.23,0.12,0.23
ENG-Premier League,2425,Chelsea,Axel Disasi,FRA,DF,26-287,1998,4,3,274,3.0,1,0,1,1,0,0,1,0,0.2,0.2,0.0,0.2,3,11,1,0.33,0.0,0.33,0.33,0.33,0.08,0.0,0.08,0.08,0.08
ENG-Premier League,2425,Chelsea,Benoît Badiashile,FRA,DF,23-272,2001,4,2,249,2.8,0,0,0,0,0,0,0,0,0.0,0.0,0.0,0.0,3,16,2,0.0,0.0,0.0,0.0,0.0,0.0,0.0,0.0,0.0,0.0
ENG-Premier League,2425,Chelsea,Christopher Nkunku,FRA,FW,27-039,1997,16,2,321,3.6,2,1,3,2,0,0,1,0,3.0,3.0,1.5,4.4,7,9,28,0.56,0.28,0.84,0.56,0.84,0.83,0.41,1.24,0.83,1.24
ENG-Premier League,2425,Chelsea,Cole Palmer,ENG,MF,22-231,2002,17,17,1477,16.4,11,6,17,8,3,3,3,0,10.4,8.0,6.5,14.5,56,102,80,0.67,0.37,1.04,0.49,0.85,0.63,0.39,1.03,0.49,0.88
ENG-Premier League,2425,Chelsea,Enzo Fernández,ARG,MF,23-341,2001,16,12,1152,12.8,3,4,7,3,0,0,1,0,1.8,1.8,2.7,4.4,14,73,46,0.23,0.31,0.55,0.23,0.55,0.14,0.21,0.35,0.14,0.35
ENG-Premier League,2425,Chelsea,Filip Jørgensen,DEN,GK,22-251,2002,1,1,90,1.0,0,0,0,0,0,0,0,0,0.0,0.0,0.0,0.0,0,0,0,0.0,0.0,0.0,0.0,0.0,0.0,0.0,0.0,0.0,0.0
ENG-Premier League,2425,Chelsea,Jadon Sancho,ENG,FW,24-273,2000,11,8,670,7.4,2,3,5,2,0,0,1,0,0.8,0.8,2.0,2.8,42,39,94,0.27,0.4,0.67,0.27,0.67,0.11,0.27,0.38,0.11,0.38
ENG-Premier League,2425,Chelsea,João Félix,POR,"FW,MF",25-043,1999,9,2,298,3.3,1,1,2,1,0,0,2,0,1.8,1.8,0.9,2.7,17,20,19,0.3,0.3,0.6,0.3,0.6,0.54,0.27,0.8,0.54,0.8
ENG-Premier League,2425,Chelsea,Kiernan Dewsbury-Hall,ENG,MF,26-108,1998,5,0,59,0.7,0,0,0,0,0,0,0,0,0.0,0.0,0.1,0.1,3,3,2,0.0,0.0,0.0,0.0,0.0,0.0,0.14,0.14,0.0,0.14
ENG-Premier League,2425,Chelsea,Levi Colwill,ENG,DF,21-301,2003,16,16,1439,16.0,0,0,0,0,0,0,3,0,0.4,0.4,0.7,1.0,4,69,0,0.0,0.0,0.0,0.0,0.0,0.02,0.04,0.06,0.02,0.06
ENG-Premier League,2425,Chelsea,Malo Gusto,FRA,DF,21-218,2003,14,12,1046,11.6,0,1,1,0,0,0,2,0,1.4,1.4,0.7,2.1,23,61,48,0.0,0.09,0.09,0.0,0.09,0.12,0.06,0.18,0.12,0.18
ENG-Premier League,2425,Chelsea,Marc Cucurella,ESP,DF,26-154,1998,15,13,1174,13.0,1,1,2,1,0,0,8,1,0.2,0.2,0.9,1.0,15,43,41,0.08,0.08,0.15,0.08,0.15,0.01,0.07,0.08,0.01,0.08
ENG-Premier League,2425,Chelsea,Marc Guiu,ESP,FW,18-354,2006,1,0,24,0.3,0,0,0,0,0,0,0,0,0.0,0.0,0.0,0.0,0,0,0,0.0,0.0,0.0,0.0,0.0,0.0,0.0,0.0,0.0,0.0
ENG-Premier League,2425,Chelsea,Moisés Caicedo,ECU,MF,23-051,2001,17,17,1505,16.7,1,2,3,1,0,0,3,0,0.4,0.4,2.0,2.4,15,85,21,0.06,0.12,0.18,0.06,0.18,0.02,0.12,0.14,0.02,0.14
ENG-Premier League,2425,Chelsea,Mykhailo Mudryk,UKR,FW,23-353,2001,7,1,151,1.7,0,0,0,0,0,0,0,0,0.3,0.3,1.0,1.2,7,5,12,0.0,0.0,0.0,0.0,0.0,0.15,0.58,0.73,0.15,0.73
ENG-Premier League,2425,Chelsea,Nicolas Jackson,SEN,FW,23-186,2001,16,16,1256,14.0,9,3,12,9,0,0,4,0,9.1,9.1,1.8,10.9,29,18,59,0.64,0.21,0.86,0.64,0.86,0.66,0.13,0.78,0.66,0.78
ENG-Premier League,2425,Chelsea,Noni Madueke,ENG,FW,22-288,2002,16,13,1039,11.5,5,3,8,5,0,0,3,0,5.0,5.0,2.6,7.6,79,44,123,0.43,0.26,0.69,0.43,0.69,0.43,0.22,0.66,0.43,0.66
ENG-Premier League,2425,Chelsea,Pedro Neto,POR,FW,24-289,2000,14,8,808,9.0,1,2,3,1,0,0,5,0,0.6,0.6,2.4,3.1,52,15,86,0.11,0.22,0.33,0.11,0.33,0.07,0.27,0.34,0.07,0.34
ENG-Premier League,2425,Chelsea,Reece James,ENG,DF,25-015,1999,4,3,241,2.7,0,0,0,0,0,0,0,0,0.0,0.0,0.0,0.0,0,8,1,0.0,0.0,0.0,0.0,0.0,0.0,0.0,0.0,0.0,0.0
ENG-Premier League,2425,Chelsea,Renato Veiga,POR,"DF,MF",21-147,2003,7,1,181,2.0,0,0,0,0,0,0,2,0,0.2,0.2,0.0,0.2,4,7,3,0.0,0.0,0.0,0.0,0.0,0.08,0.0,0.08,0.08,0.08
ENG-Premier League,2425,Chelsea,Robert Sánchez,ESP,GK,27-035,1997,16,16,1440,16.0,0,0,0,0,0,0,4,0,0.0,0.0,0.0,0.0,0,1,0,0.0,0.0,0.0,0.0,0.0,0.0,0.0,0.0,0.0,0.0
ENG-Premier League,2425,Chelsea,Roméo Lavia,BEL,MF,20-352,2004,9,7,477,5.3,0,1,1,0,0,0,3,0,0.2,0.2,0.7,0.9,2,17,6,0.0,0.19,0.19,0.0,0.19,0.03,0.13,0.16,0.03,0.16
ENG-Premier League,2425,Chelsea,Tosin Adarabioyo,ENG,DF,27-090,1997,7,5,443,4.9,0,0,0,0,0,0,1,0,0.3,0.3,0.0,0.3,0,12,0,0.0,0.0,0.0,0.0,0.0,0.06,0.0,0.06,0.06,0.06
ENG-Premier League,2425,Chelsea,Wesley Fofana,FRA,DF,24-006,2000,12,12,1015,11.3,0,0,0,0,0,0,6,0,0.4,0.4,0.4,0.8,14,25,4,0.0,0.0,0.0,0.0,0.0,0.04,0.04,0.07,0.04,0.07
ENG-Premier League,2425,Crystal Palace,Adam Wharton,ENG,MF,20-204,2004,8,8,622,6.9,0,0,0,0,0,0,0,0,0.2,0.2,0.6,0.8,6,61,6,0.0,0.0,0.0,0.0,0.0,0.03,0.09,0.12,0.03,0.12
ENG-Premier League,2425,Crystal Palace,Asher Agbinone,ENG,MF,19-086,2005,2,0,6,0.1,0,0,0,0,0,0,0,0,0.0,0.0,0.0,0.1,2,0,1,0.0,0.0,0.0,0.0,0.0,0.29,0.5,0.79,0.29,0.79
ENG-Premier League,2425,Crystal Palace,Caleb Kporha,ENG,DF,18-161,2006,2,0,13,0.1,0,0,0,0,0,0,0,0,0.0,0.0,0.0,0.0,1,0,0,0.0,0.0,0.0,0.0,0.0,0.0,0.0,0.0,0.0,0.0
ENG-Premier League,2425,Crystal Palace,Chadi Riad,MAR,DF,21-189,2003,1,1,90,1.0,0,0,0,0,0,0,0,0,0.0,0.0,0.0,0.0,2,7,0,0.0,0.0,0.0,0.0,0.0,0.0,0.0,0.0,0.0,0.0
ENG-Premier League,2425,Crystal Palace,Cheick Doucouré,MLI,MF,24-350,2000,9,3,270,3.0,0,0,0,0,0,0,1,0,0.4,0.4,0.0,0.4,1,11,2,0.0,0.0,0.0,0.0,0.0,0.13,0.0,0.13,0.13,0.13
ENG-Premier League,2425,Crystal Palace,Chris Richards,USA,DF,24-270,2000,7,5,445,4.9,0,0,0,0,0,0,1,0,0.1,0.1,0.0,0.1,2,6,1,0.0,0.0,0.0,0.0,0.0,0.03,0.0,0.03,0.03,0.03
ENG-Premier League,2425,Crystal Palace,Daichi Kamada,JPN,MF,28-140,1996,13,8,711,7.9,0,0,0,0,0,0,2,1,0.6,0.6,1.0,1.6,14,45,30,0.0,0.0,0.0,0.0,0.0,0.07,0.13,0.2,0.07,0.2
ENG-Premier League,2425,Crystal Palace,Daniel Muñoz,COL,DF,28-211,1996,16,16,1353,15.0,2,1,3,2,0,0,5,0,2.7,2.7,1.7,4.4,23,38,93,0.13,0.07,0.2,0.13,0.2,0.18,0.11,0.29,0.18,0.29
ENG-Premier League,2425,Crystal Palace,Dean Henderson,ENG,GK,27-286,1997,17,17,1530,17.0,0,0,0,0,0,0,2,0,0.0,0.0,0.0,0.0,0,0,0,0.0,0.0,0.0,0.0,0.0,0.0,0.0,0.0,0.0,0.0
ENG-Premier League,2425,Crystal Palace,Eberechi Eze,ENG,"MF,FW",26-177,1998,13,13,1078,12.0,1,2,3,1,0,0,0,0,3.5,3.5,2.1,5.6,36,54,76,0.08,0.17,0.25,0.08,0.25,0.29,0.18,0.47,0.29,0.47
ENG-Premier League,2425,Crystal Palace,Eddie Nketiah,ENG,"MF,FW",25-207,1999,12,6,579,6.4,0,1,1,0,0,0,2,0,1.4,1.4,1.3,2.7,27,10,46,0.0,0.16,0.16,0.0,0.16,0.22,0.2,0.42,0.22,0.42
ENG-Premier League,2425,Crystal Palace,Ismaila Sarr,SEN,"MF,FW",26-302,1998,17,10,1005,11.2,4,2,6,4,0,0,3,0,3.5,3.5,3.2,6.7,31,28,74,0.36,0.18,0.54,0.36,0.54,0.31,0.29,0.6,0.31,0.6
ENG-Premier League,2425,Crystal Palace,Jean-Philippe Mateta,FRA,FW,27-178,1997,17,15,1253,13.9,4,1,5,3,1,1,2,0,5.0,4.2,1.9,6.1,16,22,59,0.29,0.07,0.36,0.22,0.29,0.36,0.14,0.49,0.3,0.44
ENG-Premier League,2425,Crystal Palace,Jefferson Lerma,COL,MF,30-059,1994,13,9,824,9.2,0,0,0,0,0,0,4,0,0.5,0.5,0.9,1.4,5,40,17,0.0,0.0,0.0,0.0,0.0,0.05,0.1,0.15,0.05,0.15
ENG-Premier League,2425,Crystal Palace,Jeffrey Schlupp,GHA,"MF,DF",32-000,1992,11,0,102,1.1,0,0,0,0,0,0,0,0,0.2,0.2,0.1,0.3,3,4,8,0.0,0.0,0.0,0.0,0.0,0.14,0.09,0.23,0.14,0.23
ENG-Premier League,2425,Crystal Palace,Joachim Andersen,DEN,DF,28-206,1996,1,1,90,1.0,0,0,0,0,0,0,1,0,0.0,0.0,0.0,0.0,1,4,1,0.0,0.0,0.0,0.0,0.0,0.04,0.0,0.04,0.04,0.04
ENG-Premier League,2425,Crystal Palace,Jordan Ayew,GHA,"FW,MF",33-103,1991,1,0,21,0.2,0,0,0,0,0,0,1,0,0.5,0.5,0.0,0.5,0,0,1,0.0,0.0,0.0,0.0,0.0,1.96,0.21,2.17,1.96,2.17
ENG-Premier League,2425,Crystal Palace,Justin Devenny,NIR,MF,21-073,2003,7,2,229,2.5,1,0,1,1,0,0,0,0,0.5,0.5,0.3,0.8,3,7,4,0.39,0.0,0.39,0.39,0.39,0.18,0.14,0.31,0.18,0.31
ENG-Premier League,2425,Crystal Palace,Marc Guéhi,ENG,DF,24-163,2000,17,17,1530,17.0,2,1,3,2,0,0,4,0,1.3,1.3,0.5,1.9,8,70,3,0.12,0.06,0.18,0.12,0.18,0.08,0.03,0.11,0.08,0.11
ENG-Premier League,2425,Crystal Palace,Maxence Lacroix,FRA,DF,24-261,2000,14,14,1260,14.0,1,1,2,1,0,0,3,0,1.4,1.4,0.3,1.7,3,34,1,0.07,0.07,0.14,0.07,0.14,0.1,0.02,0.12,0.1,0.12
ENG-Premier League,2425,Crystal Palace,Nathaniel Clyne,ENG,"DF,MF",33-262,1991,8,4,382,4.2,0,0,0,0,0,0,1,0,0.0,0.0,0.1,0.1,5,6,7,0.0,0.0,0.0,0.0,0.0,0.0,0.03,0.03,0.0,0.03
ENG-Premier League,2425,Crystal Palace,Odsonne Édouard,FRA,"MF,FW",26-342,1998,2,1,115,1.3,0,0,0,0,0,0,0,0,0.4,0.4,0.0,0.4,2,4,7,0.0,0.0,0.0,0.0,0.0,0.31,0.04,0.34,0.31,0.34
ENG-Premier League,2425,Crystal Palace,Trevoh Chalobah,ENG,DF,25-171,1999,10,10,880,9.8,2,0,2,2,0,0,1,0,0.9,0.9,0.4,1.3,6,26,4,0.2,0.0,0.2,0.2,0.2,0.09,0.04,0.13,0.09,0.13
ENG-Premier League,2425,Crystal Palace,Tyrick Mitchell,ENG,DF,25-113,1999,17,17,1474,16.4,0,3,3,0,0,0,2,0,0.3,0.3,2.8,3.2,31,35,97,0.0,0.18,0.18,0.0,0.18,0.02,0.17,0.19,0.02,0.19
ENG-Premier League,2425,Crystal Palace,Will Hughes,ENG,MF,29-250,1995,15,10,953,10.6,0,2,2,0,0,0,6,0,0.7,0.7,1.4,2.1,14,48,13,0.0,0.19,0.19,0.0,0.19,0.07,0.14,0.2,0.07,0.2
ENG-Premier League,2425,Everton,Abdoulaye Doucouré,MLI,MF,31-357,1993,14,13,1073,11.9,0,0,0,0,0,0,0,0,0.6,0.6,0.7,1.2,16,32,26,0.0,0.0,0.0,0.0,0.0,0.05,0.06,0.1,0.05,0.1
ENG-Premier League,2425,Everton,Armando Broja,ALB,FW,23-104,2001,2,0,33,0.4,0,0,0,0,0,0,1,0,0.0,0.0,0.0,0.0,3,0,6,0.0,0.0,0.0,0.0,0.0,0.0,0.0,0.0,0.0,0.0
ENG-Premier League,2425,Everton,Ashley Young,ENG,DF,39-167,1985,14,14,1200,13.3,1,3,4,1,0,0,5,1,0.2,0.2,1.1,1.4,15,73,12,0.07,0.23,0.3,0.07,0.3,0.02,0.09,0.1,0.02,0.1
ENG-Premier League,2425,Everton,Beto,GNB,FW,26-327,1998,10,1,205,2.3,1,0,1,1,0,0,1,0,1.6,1.6,0.0,1.6,3,1,12,0.44,0.0,0.44,0.44,0.44,0.71,0.0,0.71,0.71,0.71
ENG-Premier League,2425,Everton,Dominic Calvert-Lewin,ENG,FW,27-282,1997,16,15,1231,13.7,2,1,3,2,0,0,1,0,4.4,4.4,0.4,4.7,19,13,83,0.15,0.07,0.22,0.15,0.22,0.32,0.03,0.35,0.32,0.35
ENG-Premier League,2425,Everton,Dwight McNeil,ENG,"MF,FW",25-031,1999,13,13,1140,12.7,3,3,6,3,0,0,1,0,0.9,0.9,3.5,4.4,31,60,65,0.24,0.24,0.47,0.24,0.47,0.07,0.27,0.34,0.07,0.34
ENG-Premier League,2425,Everton,Harrison Armstrong,ENG,MF,17-339,2007,2,0,3,0.0,0,0,0,0,0,0,1,0,0.0,0.0,0.0,0.0,0,0,0,0.0,0.0,0.0,0.0,0.0,0.0,0.0,0.0,0.0,0.0
ENG-Premier League,2425,Everton,Idrissa Gana Gueye,SEN,MF,35-088,1989,15,13,1160,12.9,0,0,0,0,0,0,2,0,0.7,0.7,0.6,1.3,13,62,8,0.0,0.0,0.0,0.0,0.0,0.06,0.05,0.1,0.06,0.1
ENG-Premier League,2425,Everton,Iliman Ndiaye,SEN,FW,24-292,2000,16,14,1256,14.0,2,0,2,2,0,0,2,0,1.4,1.4,1.2,2.6,55,26,67,0.14,0.0,0.14,0.14,0.14,0.1,0.09,0.19,0.1,0.19
ENG-Premier League,2425,Everton,Jack Harrison,ENG,FW,28-033,1996,15,9,804,8.9,0,0,0,0,0,0,0,0,2.1,2.1,1.5,3.6,20,17,52,0.0,0.0,0.0,0.0,0.0,0.24,0.17,0.41,0.24,0.41
ENG-Premier League,2425,Everton,Jake O'Brien,IRL,DF,23-222,2001,2,0,36,0.4,0,0,0,0,0,0,1,0,0.0,0.0,0.0,0.0,0,1,0,0.0,0.0,0.0,0.0,0.0,0.0,0.0,0.0,0.0,0.0
ENG-Premier League,2425,Everton,James Garner,ENG,"DF,MF",23-285,2001,4,2,253,2.8,0,0,0,0,0,0,1,0,0.0,0.0,0.0,0.1,1,3,4,0.0,0.0,0.0,0.0,0.0,0.02,0.01,0.02,0.02,0.02
ENG-Premier League,2425,Everton,James Tarkowski,ENG,DF,32-034,1992,16,16,1431,15.9,0,0,0,0,0,0,3,0,0.7,0.7,1.3,2.0,2,31,2,0.0,0.0,0.0,0.0,0.0,0.05,0.08,0.13,0.05,0.13
ENG-Premier League,2425,Everton,Jarrad Branthwaite,ENG,DF,22-179,2002,9,7,638,7.1,0,0,0,0,0,0,0,0,0.0,0.0,0.0,0.0,2,10,1,0.0,0.0,0.0,0.0,0.0,0.0,0.0,0.0,0.0,0.0
ENG-Premier League,2425,Everton,Jesper Lindstrøm,DEN,FW,24-298,2000,12,6,537,6.0,0,0,0,0,0,0,0,0,1.4,1.4,0.9,2.3,17,9,36,0.0,0.0,0.0,0.0,0.0,0.23,0.16,0.39,0.23,0.39
ENG-Premier League,2425,Everton,Jordan Pickford,ENG,GK,30-291,1994,16,16,1440,16.0,0,0,0,0,0,0,3,0,0.0,0.0,0.0,0.0,0,0,0,0.0,0.0,0.0,0.0,0.0,0.0,0.0,0.0,0.0,0.0
ENG-Premier League,2425,Everton,Mason Holgate,ENG,"FW,DF",28-062,1996,1,0,6,0.1,0,0,0,0,0,0,0,0,0.0,0.0,0.0,0.0,0,0,0,0.0,0.0,0.0,0.0,0.0,0.0,0.0,0.0,0.0,0.0
ENG-Premier League,2425,Everton,Michael Keane,ENG,DF,31-347,1993,9,9,810,9.0,2,0,2,2,0,0,4,0,0.4,0.4,0.1,0.5,1,12,3,0.22,0.0,0.22,0.22,0.22,0.05,0.01,0.06,0.05,0.06
ENG-Premier League,2425,Everton,Nathan Patterson,SCO,DF,23-068,2001,1,0,18,0.2,0,0,0,0,0,0,0,0,0.0,0.0,0.2,0.2,1,1,1,0.0,0.0,0.0,0.0,0.0,0.0,0.87,0.87,0.0,0.87
ENG-Premier League,2425,Everton,Orel Mangala,BEL,MF,26-280,1998,13,8,766,8.5,1,0,1,1,0,0,1,0,0.5,0.5,0.5,1.1,4,24,12,0.12,0.0,0.12,0.12,0.12,0.06,0.06,0.13,0.06,0.13
ENG-Premier League,2425,Everton,Roman Dixon,ENG,DF,19-363,2004,1,1,90,1.0,0,0,0,0,0,0,0,0,0.0,0.0,0.0,0.0,0,0,1,0.0,0.0,0.0,0.0,0.0,0.0,0.0,0.0,0.0,0.0
ENG-Premier League,2425,Everton,Séamus Coleman,IRL,DF,36-073,1988,2,1,107,1.2,0,0,0,0,0,0,0,0,0.6,0.6,0.0,0.6,0,6,2,0.0,0.0,0.0,0.0,0.0,0.47,0.0,0.47,0.47,0.47
ENG-Premier League,2425,Everton,Tim Iroegbunam,ENG,MF,21-176,2003,6,4,383,4.3,0,0,0,0,0,0,2,0,0.2,0.2,0.1,0.3,5,10,7,0.0,0.0,0.0,0.0,0.0,0.05,0.02,0.07,0.05,0.07
ENG-Premier League,2425,Everton,Vitaliy Mykolenko,UKR,DF,25-208,1999,14,14,1195,13.3,0,0,0,0,0,0,1,0,0.3,0.3,0.3,0.6,10,41,29,0.0,0.0,0.0,0.0,0.0,0.02,0.03,0.05,0.02,0.05
ENG-Premier League,2425,Fulham,Adama Traoré,ESP,"FW,MF",28-333,1996,16,10,850,9.4,1,3,4,1,0,0,2,0,2.9,2.9,2.6,5.5,47,31,74,0.11,0.32,0.42,0.11,0.42,0.31,0.28,0.58,0.31,0.58
ENG-Premier League,2425,Fulham,Alex Iwobi,NGA,"FW,MF",28-234,1996,17,17,1479,16.4,5,3,8,5,0,0,1,0,2.7,2.7,3.5,6.2,65,104,122,0.3,0.18,0.49,0.3,0.49,0.16,0.21,0.38,0.16,0.38
ENG-Premier League,2425,Fulham,Andreas Pereira,BRA,MF,28-357,1996,15,13,1011,11.2,2,0,2,2,0,1,5,0,2.8,2.0,2.0,4.1,11,57,46,0.18,0.0,0.18,0.18,0.18,0.25,0.18,0.43,0.18,0.36
ENG-Premier League,2425,Fulham,Antonee Robinson,USA,DF,27-137,1997,17,17,1530,17.0,0,6,6,0,0,0,3,0,0.3,0.3,2.7,3.0,53,62,124,0.0,0.35,0.35,0.0,0.35,0.02,0.16,0.18,0.02,0.18
ENG-Premier League,2425,Fulham,Bernd Leno,GER,GK,32-294,1992,17,17,1530,17.0,0,1,1,0,0,0,2,0,0.0,0.0,0.1,0.1,0,0,0,0.0,0.06,0.06,0.0,0.06,0.0,0.0,0.0,0.0,0.0
ENG-Premier League,2425,Fulham,Calvin Bassey,NGA,DF,24-358,1999,16,16,1440,16.0,0,0,0,0,0,0,5,0,0.3,0.3,0.1,0.3,9,44,6,0.0,0.0,0.0,0.0,0.0,0.02,0.0,0.02,0.02,0.02
ENG-Premier League,2425,Fulham,Carlos Vinícius,BRA,MF,29-273,1995,1,0,4,0.0,0,0,0,0,0,0,0,0,0.1,0.1,0.0,0.1,1,0,1,0.0,0.0,0.0,0.0,0.0,1.36,0.0,1.36,1.36,1.36
ENG-Premier League,2425,Fulham,Emile Smith Rowe,ENG,MF,24-148,2000,16,14,1090,12.1,3,2,5,3,0,0,1,0,2.2,2.2,1.0,3.1,35,74,63,0.25,0.17,0.41,0.25,0.41,0.18,0.08,0.26,0.18,0.26
ENG-Premier League,2425,Fulham,Harrison Reed,ENG,MF,29-331,1995,8,0,61,0.7,0,0,0,0,0,0,2,0,0.0,0.0,0.1,0.1,1,3,7,0.0,0.0,0.0,0.0,0.0,0.02,0.11,0.13,0.02,0.13
ENG-Premier League,2425,Fulham,Harry Wilson,WAL,"FW,MF",27-276,1997,13,3,423,4.7,3,0,3,3,0,0,2,0,1.8,1.8,0.0,1.8,7,20,38,0.64,0.0,0.64,0.64,0.64,0.38,0.01,0.39,0.38,0.39
ENG-Premier League,2425,Fulham,Issa Diop,FRA,DF,27-349,1997,12,9,843,9.4,0,0,0,0,0,0,2,0,0.5,0.5,0.1,0.6,0,17,1,0.0,0.0,0.0,0.0,0.0,0.06,0.01,0.06,0.06,0.06
ENG-Premier League,2425,Fulham,Jay Stansfield,ENG,MF,22-029,2002,1,0,1,0.0,0,0,0,0,0,0,0,0,0.0,0.0,0.0,0.0,0,0,0,0.0,0.0,0.0,0.0,0.0,0.0,0.0,0.0,0.0,0.0
ENG-Premier League,2425,Fulham,Joachim Andersen,DEN,DF,28-206,1996,8,8,693,7.7,0,0,0,0,0,0,0,1,0.2,0.2,0.2,0.5,3,35,1,0.0,0.0,0.0,0.0,0.0,0.03,0.03,0.06,0.03,0.06
ENG-Premier League,2425,Fulham,Jorge Cuenca,ESP,DF,25-036,1999,4,1,93,1.0,0,0,0,0,0,0,0,0,0.0,0.0,0.0,0.0,0,3,0,0.0,0.0,0.0,0.0,0.0,0.0,0.0,0.0,0.0,0.0
ENG-Premier League,2425,Fulham,Joshua King,ENG,MF,17-355,2007,2,1,72,0.8,0,0,0,0,0,0,0,0,0.0,0.0,0.1,0.1,0,3,8,0.0,0.0,0.0,0.0,0.0,0.0,0.07,0.07,0.0,0.07
ENG-Premier League,2425,Fulham,Kenny Tete,NED,DF,29-075,1995,15,15,1262,14.0,0,2,2,0,0,0,3,0,1.0,1.0,0.7,1.8,33,42,39,0.0,0.14,0.14,0.0,0.14,0.07,0.05,0.13,0.07,0.13
ENG-Premier League,2425,Fulham,Martial Godo,ENG,FW,21-284,2003,1,0,15,0.2,0,0,0,0,0,0,0,0,0.0,0.0,0.0,0.0,0,0,3,0.0,0.0,0.0,0.0,0.0,0.0,0.0,0.0,0.0,0.0
ENG-Premier League,2425,Fulham,Raúl Jiménez,MEX,FW,33-232,1991,17,12,997,11.1,5,2,7,4,1,1,2,0,5.0,4.3,2.2,6.4,12,23,45,0.45,0.18,0.63,0.36,0.54,0.46,0.2,0.65,0.38,0.58
ENG-Premier League,2425,Fulham,Reiss Nelson,ENG,FW,25-013,1999,11,5,487,5.4,1,1,2,1,0,0,1,0,1.1,1.1,1.0,2.1,45,35,63,0.18,0.18,0.37,0.18,0.37,0.2,0.18,0.39,0.2,0.39
ENG-Premier League,2425,Fulham,Rodrigo Muniz,BRA,FW,23-233,2001,16,5,533,5.9,2,1,3,2,0,0,1,0,2.0,2.0,0.6,2.6,3,13,19,0.34,0.17,0.51,0.34,0.51,0.34,0.1,0.44,0.34,0.44
ENG-Premier League,2425,Fulham,Ryan Sessegnon,ENG,MF,24-219,2000,1,0,5,0.1,0,0,0,0,0,0,0,0,0.0,0.0,0.0,0.0,0,0,0,0.0,0.0,0.0,0.0,0.0,0.0,0.0,0.0,0.0,0.0
ENG-Premier League,2425,Fulham,Sander Berge,NOR,MF,26-313,1998,14,10,957,10.6,0,0,0,0,0,0,2,0,0.1,0.1,0.4,0.5,7,45,1,0.0,0.0,0.0,0.0,0.0,0.01,0.04,0.05,0.01,0.05
ENG-Premier League,2425,Fulham,Saša Lukić,SRB,MF,28-132,1996,12,11,893,9.9,0,0,0,0,0,0,6,0,0.0,0.0,0.5,0.5,15,40,6,0.0,0.0,0.0,0.0,0.0,0.0,0.05,0.05,0.0,0.05
ENG-Premier League,2425,Fulham,Timothy Castagne,BEL,DF,29-018,1995,7,2,273,3.0,0,0,0,0,0,0,0,0,0.1,0.1,0.1,0.1,2,10,10,0.0,0.0,0.0,0.0,0.0,0.02,0.03,0.05,0.02,0.05
ENG-Premier League,2425,Fulham,Tom Cairney,SCO,MF,33-338,1991,11,1,253,2.8,1,0,1,1,0,0,2,1,0.1,0.1,0.5,0.6,5,34,12,0.36,0.0,0.36,0.36,0.36,0.02,0.19,0.21,0.02,0.21
ENG-Premier League,2425,Ipswich Town,Ali Al Hamadi,IRQ,FW,22-297,2002,8,0,119,1.3,0,0,0,0,0,0,3,0,0.4,0.4,0.1,0.4,4,3,12,0.0,0.0,0.0,0.0,0.0,0.27,0.05,0.32,0.27,0.32
ENG-Premier League,2425,Ipswich Town,Arijanet Muric,KVX,GK,26-046,1998,16,16,1440,16.0,0,0,0,0,0,0,1,0,0.0,0.0,0.0,0.0,0,1,0,0.0,0.0,0.0,0.0,0.0,0.0,0.0,0.0,0.0,0.0
ENG-Premier League,2425,Ipswich Town,Axel Tuanzebe,COD,DF,27-039,1997,9,9,770,8.6,0,0,0,0,0,0,3,0,0.2,0.2,0.2,0.4,4,20,3,0.0,0.0,0.0,0.0,0.0,0.02,0.03,0.05,0.02,0.05
ENG-Premier League,2425,Ipswich Town,Ben Johnson,ENG,"DF,FW",24-334,2000,9,5,513,5.7,0,1,1,0,0,0,1,0,0.0,0.0,0.4,0.4,8,13,11,0.0,0.18,0.18,0.0,0.18,0.01,0.07,0.07,0.01,0.07
ENG-Premier League,2425,Ipswich Town,Cameron Burgess,AUS,DF,29-063,1995,9,9,810,9.0,0,1,1,0,0,0,0,0,0.6,0.6,0.3,0.9,2,25,3,0.0,0.11,0.11,0.0,0.11,0.07,0.04,0.1,0.07,0.1
ENG-Premier League,2425,Ipswich Town,Chiedozie Ogbene,IRL,FW,27-236,1997,5,3,238,2.6,0,0,0,0,0,0,0,0,0.0,0.0,0.1,0.1,7,0,15,0.0,0.0,0.0,0.0,0.0,0.0,0.03,0.03,0.0,0.03
ENG-Premier League,2425,Ipswich Town,Christian Walton,ENG,GK,29-044,1995,1,1,90,1.0,0,0,0,0,0,0,0,0,0.0,0.0,0.0,0.0,0,0,0,0.0,0.0,0.0,0.0,0.0,0.0,0.0,0.0,0.0,0.0
ENG-Premier League,2425,Ipswich Town,Conor Chaplin,ENG,"MF,FW",27-311,1997,15,7,614,6.8,1,1,2,1,0,0,1,0,1.2,1.2,0.6,1.8,10,25,20,0.15,0.15,0.29,0.15,0.29,0.17,0.09,0.26,0.17,0.26
ENG-Premier League,2425,Ipswich Town,Conor Townsend,ENG,MF,31-294,1993,1,0,1,0.0,0,0,0,0,0,0,0,0,0.0,0.0,0.0,0.0,0,0,0,0.0,0.0,0.0,0.0,0.0,0.0,1.6,1.6,0.0,1.6
ENG-Premier League,2425,Ipswich Town,Dara O'Shea,IRL,DF,25-294,1999,14,14,1232,13.7,0,0,0,0,0,0,3,0,0.6,0.6,0.0,0.6,2,38,1,0.0,0.0,0.0,0.0,0.0,0.05,0.0,0.05,0.05,0.05
ENG-Premier League,2425,Ipswich Town,George Edmundson,ENG,DF,27-114,1997,1,0,2,0.0,0,0,0,0,0,0,0,0,0.0,0.0,0.0,0.0,0,0,0,0.0,0.0,0.0,0.0,0.0,0.0,0.0,0.0,0.0,0.0
ENG-Premier League,2425,Ipswich Town,George Hirst,ENG,FW,25-312,1999,8,1,180,2.0,1,1,2,1,0,0,1,0,0.8,0.8,0.3,1.0,3,7,14,0.5,0.5,1.0,0.5,1.0,0.38,0.13,0.51,0.38,0.51
ENG-Premier League,2425,Ipswich Town,Harry Clarke,ENG,DF,23-296,2001,6,4,378,4.2,0,0,0,0,0,0,3,1,0.1,0.1,0.0,0.1,5,13,2,0.0,0.0,0.0,0.0,0.0,0.02,0.01,0.03,0.02,0.03
ENG-Premier League,2425,Ipswich Town,Jack Clarke,ENG,FW,24-030,2000,14,4,504,5.6,0,2,2,0,0,0,1,0,0.8,0.8,1.1,1.9,11,15,26,0.0,0.36,0.36,0.0,0.36,0.14,0.2,0.34,0.14,0.34
ENG-Premier League,2425,Ipswich Town,Jack Taylor,IRL,MF,26-183,1998,12,1,336,3.7,1,0,1,1,0,0,3,0,0.5,0.5,0.5,1.1,8,28,9,0.27,0.0,0.27,0.27,0.27,0.14,0.15,0.29,0.14,0.29
ENG-Premier League,2425,Ipswich Town,Jacob Greaves,ENG,DF,24-102,2000,8,8,720,8.0,0,0,0,0,0,0,2,0,0.4,0.4,0.0,0.4,1,17,3,0.0,0.0,0.0,0.0,0.0,0.05,0.0,0.05,0.05,0.05
ENG-Premier League,2425,Ipswich Town,Jens Cajuste,SWE,MF,25-135,1999,11,8,606,6.7,0,0,0,0,0,0,2,0,0.1,0.1,0.2,0.3,13,17,6,0.0,0.0,0.0,0.0,0.0,0.02,0.03,0.05,0.02,0.05
ENG-Premier League,2425,Ipswich Town,Kalvin Phillips,ENG,MF,29-021,1995,8,7,566,6.3,0,0,0,0,0,0,3,1,0.3,0.3,0.1,0.4,4,28,1,0.0,0.0,0.0,0.0,0.0,0.05,0.02,0.06,0.05,0.06
ENG-Premier League,2425,Ipswich Town,Leif Davis,ENG,DF,24-346,2000,17,17,1530,17.0,1,2,3,1,0,0,2,0,0.6,0.6,3.2,3.8,28,35,73,0.06,0.12,0.18,0.06,0.18,0.04,0.19,0.23,0.04,0.23
ENG-Premier League,2425,Ipswich Town,Liam Delap,ENG,FW,21-319,2003,16,15,1186,13.2,6,1,7,6,0,0,4,0,4.4,4.4,1.3,5.7,25,15,52,0.46,0.08,0.53,0.46,0.53,0.33,0.1,0.44,0.33,0.44
ENG-Premier League,2425,Ipswich Town,Luke Woolfenden,ENG,DF,26-063,1998,5,4,378,4.2,0,0,0,0,0,0,1,0,0.0,0.0,0.0,0.0,3,9,0,0.0,0.0,0.0,0.0,0.0,0.01,0.0,0.01,0.01,0.01
ENG-Premier League,2425,Ipswich Town,Marcus Harness,ENG,MF,28-303,1996,2,0,45,0.5,0,0,0,0,0,0,0,0,0.0,0.0,0.0,0.0,0,2,1,0.0,0.0,0.0,0.0,0.0,0.0,0.0,0.0,0.0,0.0
ENG-Premier League,2425,Ipswich Town,Massimo Luongo,AUS,MF,32-089,1992,5,2,143,1.6,0,0,0,0,0,0,0,0,0.0,0.0,0.0,0.0,0,4,1,0.0,0.0,0.0,0.0,0.0,0.0,0.0,0.0,0.0,0.0
ENG-Premier League,2425,Ipswich Town,Nathan Broadhead,WAL,"FW,MF",26-262,1998,3,0,50,0.6,0,0,0,0,0,0,0,0,0.0,0.0,0.0,0.1,3,2,3,0.0,0.0,0.0,0.0,0.0,0.04,0.08,0.12,0.04,0.12
ENG-Premier League,2425,Ipswich Town,Omari Hutchinson,ENG,"MF,FW",21-054,2003,16,16,1356,15.1,1,1,2,1,0,0,4,0,1.3,1.3,1.5,2.8,46,40,77,0.07,0.07,0.13,0.07,0.13,0.09,0.1,0.19,0.09,0.19
ENG-Premier League,2425,Ipswich Town,Sam Morsy,EGY,MF,33-104,1991,16,16,1433,15.9,1,1,2,1,0,0,5,0,0.3,0.3,0.6,0.8,7,72,7,0.06,0.06,0.13,0.06,0.13,0.02,0.03,0.05,0.02,0.05
ENG-Premier League,2425,Ipswich Town,Sammie Szmodics,IRL,FW,29-090,1995,15,11,822,9.1,3,0,3,3,0,0,2,0,3.1,3.1,0.2,3.3,14,16,46,0.33,0.0,0.33,0.33,0.33,0.34,0.02,0.36,0.34,0.36
ENG-Premier League,2425,Ipswich Town,Wes Burns,WAL,FW,30-030,1994,14,9,732,8.1,0,1,1,0,0,0,1,0,0.4,0.4,1.6,2.0,31,5,59,0.0,0.12,0.12,0.0,0.12,0.05,0.19,0.24,0.05,0.24
ENG-Premier League,2425,Leicester City,Abdul Fatawu Issahaku,GHA,FW,20-290,2004,11,6,579,6.4,0,2,2,0,0,0,0,0,0.4,0.4,1.6,2.0,42,17,60,0.0,0.31,0.31,0.0,0.31,0.06,0.24,0.31,0.06,0.31
ENG-Premier League,2425,Leicester City,Bilal El Khannouss,MAR,"MF,FW",20-227,2004,12,7,567,6.3,1,1,2,1,0,0,0,0,0.2,0.2,1.5,1.8,12,42,22,0.16,0.16,0.32,0.16,0.32,0.04,0.25,0.28,0.04,0.28
ENG-Premier League,2425,Leicester City,Bobby Reid,JAM,"FW,MF",31-325,1993,12,2,277,3.1,1,0,1,1,0,0,0,0,0.7,0.7,0.1,0.8,6,9,16,0.32,0.0,0.32,0.32,0.32,0.23,0.04,0.27,0.23,0.27
ENG-Premier League,2425,Leicester City,Boubakary Soumaré,FRA,MF,25-300,1999,10,6,565,6.3,0,0,0,0,0,0,6,0,0.1,0.1,0.1,0.2,6,25,7,0.0,0.0,0.0,0.0,0.0,0.01,0.02,0.03,0.01,0.03
ENG-Premier League,2425,Leicester City,Caleb Okoli,ITA,DF,23-163,2001,10,9,784,8.7,0,0,0,0,0,0,2,0,0.1,0.1,0.0,0.1,3,21,1,0.0,0.0,0.0,0.0,0.0,0.02,0.0,0.02,0.02,0.02
ENG-Premier League,2425,Leicester City,Conor Coady,ENG,DF,31-302,1993,6,5,458,5.1,0,0,0,0,0,0,1,0,0.0,0.0,0.0,0.0,0,13,0,0.0,0.0,0.0,0.0,0.0,0.0,0.01,0.01,0.0,0.01
ENG-Premier League,2425,Leicester City,Danny Ward,WAL,GK,31-184,1993,2,1,135,1.5,0,0,0,0,0,0,0,0,0.0,0.0,0.0,0.0,0,0,0,0.0,0.0,0.0,0.0,0.0,0.0,0.0,0.0,0.0,0.0
ENG-Premier League,2425,Leicester City,Facundo Buonanotte,ARG,"MF,FW",20-000,2004,14,10,922,10.2,4,2,6,4,0,0,5,0,3.2,3.2,2.6,5.8,27,33,41,0.39,0.2,0.59,0.39,0.59,0.31,0.26,0.56,0.31,0.56
ENG-Premier League,2425,Leicester City,Hamza Choudhury,ENG,"MF,DF",27-083,1997,3,1,111,1.2,0,0,0,0,0,0,0,0,0.0,0.0,0.4,0.4,2,3,2,0.0,0.0,0.0,0.0,0.0,0.0,0.32,0.32,0.0,0.32
ENG-Premier League,2425,Leicester City,Harry Winks,ENG,MF,28-325,1996,12,10,910,10.1,0,2,2,0,0,0,3,0,0.2,0.2,1.1,1.3,12,65,8,0.0,0.2,0.2,0.0,0.2,0.01,0.11,0.13,0.01,0.13
ENG-Premier League,2425,Leicester City,James Justin,ENG,DF,26-304,1998,16,16,1394,15.5,2,1,3,2,0,0,2,0,0.7,0.7,0.3,1.0,18,39,38,0.13,0.06,0.19,0.13,0.19,0.04,0.02,0.07,0.04,0.07
ENG-Premier League,2425,Leicester City,Jamie Vardy,ENG,FW,37-347,1987,16,16,1281,14.2,6,3,9,5,1,1,4,0,5.4,4.6,2.0,6.6,15,13,54,0.42,0.21,0.63,0.35,0.56,0.38,0.14,0.52,0.32,0.46
ENG-Premier League,2425,Leicester City,Jannik Vestergaard,DEN,DF,32-142,1992,9,8,690,7.7,0,0,0,0,0,0,3,0,0.0,0.0,0.0,0.0,1,18,1,0.0,0.0,0.0,0.0,0.0,0.0,0.0,0.0,0.0,0.0
ENG-Premier League,2425,Leicester City,Jordan Ayew,GHA,"FW,MF",33-103,1991,15,8,741,8.2,3,0,3,2,1,1,3,0,2.2,1.4,0.2,1.6,15,16,40,0.36,0.0,0.36,0.24,0.24,0.26,0.02,0.29,0.17,0.19
ENG-Premier League,2425,Leicester City,Kasey McAteer,IRL,"FW,MF",23-031,2001,9,4,334,3.7,0,1,1,0,0,0,0,0,0.6,0.6,0.1,0.7,12,4,30,0.0,0.27,0.27,0.0,0.27,0.15,0.04,0.19,0.15,0.19
ENG-Premier League,2425,Leicester City,Luke Thomas,ENG,DF,23-196,2001,1,1,90,1.0,0,0,0,0,0,0,0,0,0.0,0.0,0.1,0.1,1,3,5,0.0,0.0,0.0,0.0,0.0,0.02,0.05,0.07,0.02,0.07
ENG-Premier League,2425,Leicester City,Mads Hermansen,DEN,GK,24-165,2000,16,16,1395,15.5,0,0,0,0,0,0,0,0,0.0,0.0,0.0,0.0,0,0,0,0.0,0.0,0.0,0.0,0.0,0.0,0.0,0.0,0.0,0.0
ENG-Premier League,2425,Leicester City,Odsonne Édouard,FRA,FW,26-342,1998,4,0,29,0.3,0,0,0,0,0,0,0,0,0.0,0.0,0.0,0.0,0,1,2,0.0,0.0,0.0,0.0,0.0,0.0,0.13,0.13,0.0,0.13
ENG-Premier League,2425,Leicester City,Oliver Skipp,ENG,MF,24-098,2000,11,7,682,7.6,0,0,0,0,0,0,4,0,0.1,0.1,0.2,0.3,12,19,10,0.0,0.0,0.0,0.0,0.0,0.01,0.03,0.04,0.01,0.04
ENG-Premier League,2425,Leicester City,Patson Daka,ZAM,"FW,MF",26-075,1998,5,0,112,1.2,1,0,1,1,0,0,0,0,0.2,0.2,0.0,0.2,3,0,5,0.8,0.0,0.8,0.8,0.8,0.17,0.0,0.17,0.17,0.17
ENG-Premier League,2425,Leicester City,Ricardo Pereira,POR,DF,31-078,1993,2,2,146,1.6,0,0,0,0,0,0,1,0,0.0,0.0,0.0,0.0,1,5,3,0.0,0.0,0.0,0.0,0.0,0.0,0.0,0.0,0.0,0.0
ENG-Premier League,2425,Leicester City,Stephy Mavididi,ENG,FW,26-206,1998,16,9,850,9.4,2,0,2,2,0,0,2,0,1.1,1.1,1.0,2.1,45,39,71,0.21,0.0,0.21,0.21,0.21,0.11,0.11,0.22,0.11,0.22
ENG-Premier League,2425,Leicester City,Victor Bernth Kristiansen,DEN,DF,22-007,2002,15,15,1307,14.5,0,1,1,0,0,0,1,0,0.0,0.0,1.0,1.0,19,37,39,0.0,0.07,0.07,0.0,0.07,0.0,0.07,0.07,0.0,0.07
ENG-Premier League,2425,Leicester City,Wilfred Ndidi,NGA,MF,28-007,1996,15,15,1215,13.5,0,4,4,0,0,0,4,0,1.4,1.4,1.4,2.8,9,37,49,0.0,0.3,0.3,0.0,0.3,0.1,0.1,0.2,0.1,0.2
ENG-Premier League,2425,Leicester City,Wout Faes,BEL,DF,26-264,1998,16,13,1256,14.0,1,0,1,1,0,0,2,0,0.9,0.9,0.0,1.0,5,48,1,0.07,0.0,0.07,0.07,0.07,0.07,0.0,0.07,0.07,0.07
ENG-Premier League,2425,Liverpool,Alexis Mac Allister,ARG,MF,25-365,1998,15,13,1053,11.7,1,0,1,1,0,0,5,0,1.0,1.0,1.4,2.4,14,67,31,0.09,0.0,0.09,0.09,0.09,0.09,0.12,0.21,0.09,0.21
ENG-Premier League,2425,Liverpool,Alisson,BRA,GK,32-082,1992,8,8,708,7.9,0,0,0,0,0,0,0,0,0.0,0.0,0.4,0.4,0,0,0,0.0,0.0,0.0,0.0,0.0,0.0,0.05,0.05,0.0,0.05
ENG-Premier League,2425,Liverpool,Andrew Robertson,SCO,DF,30-287,1994,15,14,1131,12.6,0,0,0,0,0,0,1,1,0.5,0.5,2.3,2.7,25,75,35,0.0,0.0,0.0,0.0,0.0,0.04,0.18,0.22,0.04,0.22
ENG-Premier League,2425,Liverpool,Caoimhín Kelleher,IRL,GK,26-030,1998,8,8,720,8.0,0,0,0,0,0,0,0,0,0.0,0.0,0.0,0.0,0,0,0,0.0,0.0,0.0,0.0,0.0,0.0,0.0,0.0,0.0,0.0
ENG-Premier League,2425,Liverpool,Cody Gakpo,NED,FW,25-230,1999,16,8,758,8.4,3,1,4,3,0,0,4,0,2.9,2.9,1.4,4.4,21,23,115,0.36,0.12,0.47,0.36,0.47,0.35,0.17,0.52,0.35,0.52
ENG-Premier League,2425,Liverpool,Conor Bradley,NIR,DF,21-167,2003,7,1,236,2.6,0,0,0,0,0,0,1,0,0.4,0.4,0.0,0.4,10,10,15,0.0,0.0,0.0,0.0,0.0,0.15,0.0,0.15,0.15,0.15
ENG-Premier League,2425,Liverpool,Curtis Jones,ENG,MF,23-328,2001,13,7,660,7.3,2,1,3,2,0,0,1,0,1.9,1.9,0.2,2.1,9,40,26,0.27,0.14,0.41,0.27,0.41,0.26,0.03,0.29,0.26,0.29
ENG-Premier League,2425,Liverpool,Darwin Núñez,URU,FW,25-182,1999,13,6,649,7.2,2,2,4,2,0,0,4,0,2.2,2.2,0.9,3.1,16,14,45,0.28,0.28,0.55,0.28,0.55,0.3,0.13,0.43,0.3,0.43
ENG-Premier League,2425,Liverpool,Diogo Jota,POR,FW,28-019,1996,9,7,527,5.9,3,2,5,3,0,0,1,0,3.2,3.2,1.1,4.4,18,12,41,0.51,0.34,0.85,0.51,0.85,0.55,0.2,0.75,0.55,0.75
ENG-Premier League,2425,Liverpool,Dominik Szoboszlai,HUN,MF,24-059,2000,16,12,1118,12.4,2,2,4,2,0,0,4,0,3.7,3.7,2.7,6.4,37,55,46,0.16,0.16,0.32,0.16,0.32,0.3,0.22,0.51,0.3,0.51
ENG-Premier League,2425,Liverpool,Federico Chiesa,ITA,FW,27-059,1997,1,0,19,0.2,0,0,0,0,0,0,0,0,0.2,0.2,0.0,0.2,1,0,2,0.0,0.0,0.0,0.0,0.0,0.76,0.0,0.76,0.76,0.76
ENG-Premier League,2425,Liverpool,Harvey Elliott,ENG,"FW,DF",21-263,2003,4,0,25,0.3,0,0,0,0,0,0,0,0,0.0,0.0,0.1,0.2,2,4,4,0.0,0.0,0.0,0.0,0.0,0.13,0.43,0.56,0.13,0.56
ENG-Premier League,2425,Liverpool,Ibrahima Konaté,FRA,DF,25-212,1999,12,11,974,10.8,1,1,2,1,0,0,4,0,0.8,0.8,0.2,1.0,5,35,1,0.09,0.09,0.18,0.09,0.18,0.08,0.02,0.1,0.08,0.1
ENG-Premier League,2425,Liverpool,Jarell Quansah,ENG,DF,21-329,2003,4,2,174,1.9,0,0,0,0,0,0,1,0,0.0,0.0,0.0,0.0,2,4,2,0.0,0.0,0.0,0.0,0.0,0.0,0.0,0.0,0.0,0.0
ENG-Premier League,2425,Liverpool,Joe Gomez,ENG,DF,27-214,1997,7,4,393,4.4,0,0,0,0,0,0,0,0,0.3,0.3,0.0,0.3,1,17,1,0.0,0.0,0.0,0.0,0.0,0.08,0.0,0.08,0.08,0.08
ENG-Premier League,2425,Liverpool,Kostas Tsimikas,GRE,DF,28-225,1996,6,2,232,2.6,0,0,0,0,0,0,0,0,0.1,0.1,0.5,0.6,5,28,6,0.0,0.0,0.0,0.0,0.0,0.03,0.2,0.23,0.03,0.23
ENG-Premier League,2425,Liverpool,Luis Díaz,COL,FW,27-345,1997,16,11,966,10.7,7,2,9,7,0,0,1,0,4.5,4.5,1.8,6.2,43,44,97,0.65,0.19,0.84,0.65,0.84,0.41,0.16,0.58,0.41,0.58
ENG-Premier League,2425,Liverpool,Mohamed Salah,EGY,FW,32-191,1992,16,16,1402,15.6,15,11,26,11,4,4,1,0,12.6,9.4,6.6,16.1,57,56,163,0.96,0.71,1.67,0.71,1.41,0.81,0.42,1.23,0.61,1.03
ENG-Premier League,2425,Liverpool,Ryan Gravenberch,NED,MF,22-221,2002,16,16,1415,15.7,0,1,1,0,0,0,4,0,0.6,0.6,1.3,1.9,33,82,21,0.0,0.06,0.06,0.0,0.06,0.04,0.08,0.12,0.04,0.12
ENG-Premier League,2425,Liverpool,Trent Alexander-Arnold,ENG,DF,26-077,1998,15,14,1130,12.6,0,4,4,0,0,0,3,0,0.5,0.5,4.0,4.6,25,74,41,0.0,0.32,0.32,0.0,0.32,0.04,0.32,0.36,0.04,0.36
ENG-Premier League,2425,Liverpool,Virgil van Dijk,NED,DF,33-168,1991,16,16,1440,16.0,1,1,2,1,0,0,1,0,0.9,0.9,0.3,1.2,4,62,3,0.06,0.06,0.12,0.06,0.12,0.06,0.02,0.08,0.06,0.08
ENG-Premier League,2425,Liverpool,Vitezslav Jaros,CZE,GK,23-153,2001,1,0,12,0.1,0,0,0,0,0,0,0,0,0.0,0.0,0.0,0.0,0,0,0,0.0,0.0,0.0,0.0,0.0,0.0,0.0,0.0,0.0,0.0
ENG-Premier League,2425,Liverpool,Wataru Endo,JPN,MF,31-318,1993,6,0,23,0.3,0,0,0,0,0,0,0,0,0.0,0.0,0.0,0.0,0,3,0,0.0,0.0,0.0,0.0,0.0,0.0,0.08,0.08,0.0,0.08
ENG-Premier League,2425,Manchester City,Bernardo Silva,POR,"MF,FW",30-135,1994,17,15,1376,15.3,1,4,5,1,0,0,4,0,2.4,2.4,3.8,6.3,60,71,129,0.07,0.26,0.33,0.07,0.33,0.16,0.25,0.41,0.16,0.41
ENG-Premier League,2425,Manchester City,Ederson,BRA,GK,31-128,1993,13,13,1170,13.0,0,1,1,0,0,0,3,0,0.0,0.0,0.4,0.4,0,1,0,0.0,0.08,0.08,0.0,0.08,0.0,0.03,0.03,0.0,0.03
ENG-Premier League,2425,Manchester City,Erling Haaland,NOR,FW,24-155,2000,17,17,1529,17.0,13,1,14,12,1,1,2,0,13.1,12.4,1.1,13.4,9,11,64,0.77,0.06,0.82,0.71,0.77,0.77,0.06,0.84,0.73,0.79
ENG-Premier League,2425,Manchester City,Jack Grealish,ENG,"FW,MF",29-104,1995,13,6,573,6.4,0,1,1,0,0,0,3,0,0.7,0.7,1.7,2.4,64,42,104,0.0,0.16,0.16,0.0,0.16,0.12,0.26,0.38,0.12,0.38
ENG-Premier League,2425,Manchester City,Jahmai Simpson-Pusey,ENG,DF,19-049,2005,1,1,90,1.0,0,0,0,0,0,0,1,0,0.0,0.0,0.0,0.0,1,3,0,0.0,0.0,0.0,0.0,0.0,0.0,0.0,0.0,0.0,0.0
ENG-Premier League,2425,Manchester City,James Mcatee,ENG,"FW,MF",22-066,2002,2,0,2,0.0,0,0,0,0,0,0,0,0,0.0,0.0,0.0,0.0,0,0,0,0.0,0.0,0.0,0.0,0.0,0.0,0.0,0.0,0.0,0.0
ENG-Premier League,2425,Manchester City,Jeremy Doku,BEL,"FW,MF",22-210,2002,13,7,625,6.9,2,2,4,2,0,0,0,0,0.7,0.7,1.4,2.1,89,26,120,0.29,0.29,0.58,0.29,0.58,0.1,0.2,0.3,0.1,0.3
ENG-Premier League,2425,Manchester City,John Stones,ENG,"DF,MF",30-209,1994,8,4,331,3.7,2,0,2,2,0,0,1,0,0.4,0.4,0.1,0.5,8,18,1,0.54,0.0,0.54,0.54,0.54,0.12,0.02,0.14,0.12,0.14
ENG-Premier League,2425,Manchester City,Joško Gvardiol,CRO,DF,22-335,2002,16,15,1392,15.5,4,0,4,4,0,0,1,0,2.0,2.0,1.5,3.6,40,131,45,0.26,0.0,0.26,0.26,0.26,0.13,0.1,0.23,0.13,0.23
ENG-Premier League,2425,Manchester City,Kevin De Bruyne,BEL,MF,33-178,1991,10,7,627,7.0,2,2,4,2,0,0,2,0,2.1,2.1,3.7,5.8,20,73,68,0.29,0.29,0.57,0.29,0.57,0.3,0.53,0.83,0.3,0.83
ENG-Premier League,2425,Manchester City,Kyle Walker,ENG,DF,34-209,1990,13,9,919,10.2,0,0,0,0,0,0,2,0,0.1,0.1,0.4,0.6,12,64,11,0.0,0.0,0.0,0.0,0.0,0.01,0.04,0.06,0.01,0.06
ENG-Premier League,2425,Manchester City,Manuel Akanji,SUI,DF,29-157,1995,13,13,1096,12.2,0,0,0,0,0,0,3,0,0.3,0.3,0.3,0.6,28,98,6,0.0,0.0,0.0,0.0,0.0,0.03,0.02,0.05,0.03,0.05
ENG-Premier League,2425,Manchester City,Mateo Kovačić,CRO,MF,30-231,1994,13,11,985,10.9,3,0,3,3,0,0,3,0,1.0,1.0,1.6,2.6,34,68,11,0.27,0.0,0.27,0.27,0.27,0.09,0.15,0.24,0.09,0.24
ENG-Premier League,2425,Manchester City,Matheus Nunes,POR,"MF,FW",26-118,1998,12,6,530,5.9,0,3,3,0,0,0,1,0,0.2,0.2,1.9,2.0,30,26,86,0.0,0.51,0.51,0.0,0.51,0.03,0.31,0.34,0.03,0.34
ENG-Premier League,2425,Manchester City,Nathan Aké,NED,DF,29-309,1995,5,3,299,3.3,0,0,0,0,0,0,0,0,0.1,0.1,0.0,0.1,9,22,2,0.0,0.0,0.0,0.0,0.0,0.03,0.0,0.03,0.03,0.03
ENG-Premier League,2425,Manchester City,Phil Foden,ENG,"MF,FW",24-209,2000,12,8,810,9.0,1,1,2,1,0,0,1,0,2.0,2.0,2.8,4.8,20,43,63,0.11,0.11,0.22,0.11,0.22,0.22,0.31,0.53,0.22,0.53
ENG-Premier League,2425,Manchester City,Rico Lewis,ENG,"DF,MF",20-032,2004,15,13,1113,12.4,1,2,3,1,0,0,5,1,1.1,1.1,0.3,1.4,29,58,51,0.08,0.16,0.24,0.08,0.24,0.09,0.02,0.11,0.09,0.11
ENG-Premier League,2425,Manchester City,Rodri,ESP,MF,28-184,1996,2,1,65,0.7,0,0,0,0,0,0,0,0,0.0,0.0,0.0,0.0,0,4,1,0.0,0.0,0.0,0.0,0.0,0.0,0.06,0.06,0.0,0.06
ENG-Premier League,2425,Manchester City,Rúben Dias,POR,DF,27-223,1997,13,12,1087,12.1,0,0,0,0,0,0,3,0,1.1,1.1,0.3,1.3,18,75,5,0.0,0.0,0.0,0.0,0.0,0.09,0.02,0.11,0.09,0.11
ENG-Premier League,2425,Manchester City,Stefan Ortega,GER,GK,32-047,1992,4,4,360,4.0,0,0,0,0,0,0,0,0,0.0,0.0,0.0,0.0,0,0,0,0.0,0.0,0.0,0.0,0.0,0.0,0.0,0.0,0.0,0.0
ENG-Premier League,2425,Manchester City,Sávio,BRA,"FW,MF",20-257,2004,14,9,731,8.1,0,2,2,0,0,0,2,0,2.1,2.1,3.5,5.6,68,35,105,0.0,0.25,0.25,0.0,0.25,0.26,0.44,0.69,0.26,0.69
ENG-Premier League,2425,Manchester City,İlkay Gündoğan,GER,MF,34-060,1990,16,13,1113,12.4,0,1,1,0,0,0,1,0,1.6,1.6,1.3,2.9,30,69,56,0.0,0.08,0.08,0.0,0.08,0.13,0.11,0.23,0.13,0.23
ENG-Premier League,2425,Manchester Utd,Alejandro Garnacho,ARG,"FW,MF",20-175,2004,16,10,977,10.9,3,1,4,3,0,0,1,0,4.2,4.2,1.6,5.7,59,19,121,0.28,0.09,0.37,0.28,0.37,0.38,0.15,0.53,0.38,0.53
ENG-Premier League,2425,Manchester Utd,Amad Diallo,CIV,"FW,DF",22-165,2002,15,10,976,10.8,2,6,8,2,0,0,2,0,2.2,2.2,2.7,5.0,65,39,101,0.18,0.55,0.74,0.18,0.74,0.2,0.25,0.46,0.2,0.46
ENG-Premier League,2425,Manchester Utd,André Onana,CMR,GK,28-265,1996,17,17,1530,17.0,0,0,0,0,0,0,0,0,0.0,0.0,0.2,0.2,0,1,0,0.0,0.0,0.0,0.0,0.0,0.0,0.01,0.01,0.0,0.01
ENG-Premier League,2425,Manchester Utd,Antony,BRA,"FW,MF",24-303,2000,4,0,53,0.6,0,0,0,0,0,0,0,0,0.2,0.2,0.1,0.3,2,1,1,0.0,0.0,0.0,0.0,0.0,0.38,0.12,0.5,0.38,0.5
ENG-Premier League,2425,Manchester Utd,Bruno Fernandes,POR,"MF,FW",30-106,1994,17,17,1429,15.9,4,5,9,2,2,2,1,1,6.2,4.6,4.2,8.7,37,122,81,0.25,0.31,0.57,0.13,0.44,0.39,0.26,0.65,0.29,0.55
ENG-Premier League,2425,Manchester Utd,Casemiro,BRA,MF,32-304,1992,12,9,745,8.3,1,0,1,1,0,0,1,0,1.0,1.0,2.0,2.9,3,40,15,0.12,0.0,0.12,0.12,0.12,0.11,0.24,0.35,0.11,0.35
ENG-Premier League,2425,Manchester Utd,Christian Eriksen,DEN,MF,32-313,1992,9,6,507,5.6,0,0,0,0,0,0,2,0,0.1,0.1,1.7,1.8,4,27,15,0.0,0.0,0.0,0.0,0.0,0.02,0.29,0.31,0.02,0.31
ENG-Premier League,2425,Manchester Utd,Diogo Dalot,POR,DF,25-280,1999,17,17,1496,16.6,0,1,1,0,0,0,3,0,1.2,1.2,1.2,2.3,22,55,70,0.0,0.06,0.06,0.0,0.06,0.07,0.07,0.14,0.07,0.14
ENG-Premier League,2425,Manchester Utd,Harry Maguire,ENG,DF,31-293,1993,10,6,540,6.0,0,0,0,0,0,0,4,0,0.0,0.0,0.1,0.1,1,19,0,0.0,0.0,0.0,0.0,0.0,0.01,0.01,0.02,0.01,0.02
ENG-Premier League,2425,Manchester Utd,Jonny Evans,NIR,DF,36-355,1988,6,3,290,3.2,0,0,0,0,0,0,1,0,0.1,0.1,0.0,0.1,1,8,2,0.0,0.0,0.0,0.0,0.0,0.03,0.0,0.03,0.03,0.03
ENG-Premier League,2425,Manchester Utd,Joshua Zirkzee,NED,"FW,MF",23-215,2001,17,6,660,7.3,3,1,4,3,0,0,1,0,3.0,3.0,0.8,3.8,5,20,30,0.41,0.14,0.55,0.41,0.55,0.41,0.11,0.52,0.41,0.52
ENG-Premier League,2425,Manchester Utd,Kobbie Mainoo,ENG,MF,19-248,2005,11,10,907,10.1,0,0,0,0,0,0,5,0,0.3,0.3,1.1,1.4,14,38,20,0.0,0.0,0.0,0.0,0.0,0.03,0.11,0.14,0.03,0.14
ENG-Premier League,2425,Manchester Utd,Leny Yoro,FRA,DF,19-040,2005,4,1,154,1.7,0,0,0,0,0,0,0,0,0.4,0.4,0.0,0.4,1,3,0,0.0,0.0,0.0,0.0,0.0,0.25,0.0,0.25,0.25,0.25
ENG-Premier League,2425,Manchester Utd,Lisandro Martínez,ARG,DF,26-340,1998,14,14,1246,13.8,0,1,1,0,0,0,5,0,1.1,1.1,0.8,1.9,13,83,6,0.0,0.07,0.07,0.0,0.07,0.08,0.06,0.13,0.08,0.13
ENG-Premier League,2425,Manchester Utd,Luke Shaw,ENG,DF,29-164,1995,2,0,70,0.8,0,0,0,0,0,0,0,0,0.0,0.0,0.0,0.0,1,6,0,0.0,0.0,0.0,0.0,0.0,0.0,0.0,0.0,0.0,0.0
ENG-Premier League,2425,Manchester Utd,Manuel Ugarte Ribeiro,URU,MF,23-256,2001,12,7,650,7.2,0,0,0,0,0,0,4,0,0.2,0.2,0.5,0.7,7,23,8,0.0,0.0,0.0,0.0,0.0,0.03,0.07,0.1,0.03,0.1
ENG-Premier League,2425,Manchester Utd,Marcus Rashford,ENG,"FW,MF",27-053,1997,15,12,978,10.9,4,1,5,4,0,0,2,0,1.7,1.7,2.1,3.8,20,21,79,0.37,0.09,0.46,0.37,0.46,0.16,0.19,0.35,0.16,0.35
ENG-Premier League,2425,Manchester Utd,Mason Mount,ENG,"MF,FW",25-348,1999,8,4,247,2.7,0,0,0,0,0,0,2,0,0.4,0.4,0.1,0.5,2,8,5,0.0,0.0,0.0,0.0,0.0,0.14,0.04,0.18,0.14,0.18
ENG-Premier League,2425,Manchester Utd,Matthijs de Ligt,NED,DF,25-133,1999,16,13,1139,12.7,1,0,1,1,0,0,2,0,1.2,1.2,0.1,1.3,3,23,3,0.08,0.0,0.08,0.08,0.08,0.1,0.01,0.1,0.1,0.1
ENG-Premier League,2425,Manchester Utd,Noussair Mazraoui,MAR,DF,27-039,1997,17,15,1249,13.9,0,1,1,0,0,0,1,0,0.4,0.4,0.2,0.6,17,55,20,0.0,0.07,0.07,0.0,0.07,0.03,0.02,0.04,0.03,0.04
ENG-Premier League,2425,Manchester Utd,Rasmus Højlund,DEN,FW,21-323,2003,12,8,721,8.0,2,0,2,2,0,0,1,0,1.9,1.9,0.9,2.8,11,9,33,0.25,0.0,0.25,0.25,0.25,0.24,0.11,0.35,0.24,0.35
ENG-Premier League,2425,Manchester Utd,Scott McTominay,SCO,MF,28-015,1996,2,0,19,0.2,0,0,0,0,0,0,0,0,0.1,0.1,0.0,0.1,0,1,2,0.0,0.0,0.0,0.0,0.0,0.33,0.0,0.33,0.33,0.33
ENG-Premier League,2425,Manchester Utd,Toby Collyer,ENG,MF,20-355,2004,1,0,45,0.5,0,0,0,0,0,0,0,0,0.0,0.0,0.1,0.1,0,2,2,0.0,0.0,0.0,0.0,0.0,0.0,0.15,0.15,0.0,0.15
ENG-Premier League,2425,Manchester Utd,Tyrell Malacia,NED,DF,25-128,1999,2,2,90,1.0,0,0,0,0,0,0,1,0,0.0,0.0,0.1,0.1,3,2,5,0.0,0.0,0.0,0.0,0.0,0.0,0.06,0.06,0.0,0.06
ENG-Premier League,2425,Manchester Utd,Victor Lindelöf,SWE,"DF,MF",30-159,1994,5,0,63,0.7,0,0,0,0,0,0,1,0,0.0,0.0,0.0,0.0,0,5,1,0.0,0.0,0.0,0.0,0.0,0.0,0.03,0.03,0.0,0.03
ENG-Premier League,2425,Newcastle Utd,Alexander Isak,SWE,FW,25-093,1999,15,15,1199,13.3,10,4,14,10,0,0,0,0,8.6,8.6,2.7,11.3,33,38,90,0.75,0.3,1.05,0.75,1.05,0.65,0.21,0.85,0.65,0.85
ENG-Premier League,2425,Newcastle Utd,Anthony Gordon,ENG,FW,23-303,2001,16,15,1273,14.1,3,3,6,2,1,2,1,0,5.3,3.8,3.2,6.9,59,43,110,0.21,0.21,0.42,0.14,0.35,0.38,0.22,0.6,0.27,0.49
ENG-Premier League,2425,Newcastle Utd,Bruno Guimarães,BRA,MF,27-037,1997,17,17,1475,16.4,1,4,5,1,0,0,3,0,1.8,1.8,2.7,4.5,22,111,27,0.06,0.24,0.31,0.06,0.31,0.11,0.16,0.28,0.11,0.28
ENG-Premier League,2425,Newcastle Utd,Callum Wilson,ENG,"FW,MF",32-300,1992,4,0,61,0.7,0,0,0,0,0,0,1,0,0.0,0.0,0.0,0.0,0,0,3,0.0,0.0,0.0,0.0,0.0,0.0,0.0,0.0,0.0,0.0
ENG-Premier League,2425,Newcastle Utd,Dan Burn,ENG,DF,32-228,1992,16,16,1440,16.0,0,0,0,0,0,0,5,0,0.7,0.7,0.2,0.9,0,19,3,0.0,0.0,0.0,0.0,0.0,0.04,0.01,0.05,0.04,0.05
ENG-Premier League,2425,Newcastle Utd,Emil Krafth,SWE,DF,30-143,1994,3,2,241,2.7,0,0,0,0,0,0,0,0,0.0,0.0,0.1,0.1,0,1,0,0.0,0.0,0.0,0.0,0.0,0.01,0.03,0.05,0.01,0.05
ENG-Premier League,2425,Newcastle Utd,Fabian Schär,SUI,DF,33-003,1991,15,15,1287,14.3,2,0,2,2,0,0,4,1,1.1,1.1,0.2,1.3,9,50,9,0.14,0.0,0.14,0.14,0.14,0.08,0.01,0.09,0.08,0.09
ENG-Premier League,2425,Newcastle Utd,Harvey Barnes,ENG,FW,27-014,1997,17,6,751,8.3,5,1,6,5,0,0,0,0,2.7,2.7,2.4,5.1,40,39,78,0.6,0.12,0.72,0.6,0.72,0.32,0.29,0.61,0.32,0.61
ENG-Premier League,2425,Newcastle Utd,Jacob Murphy,ENG,FW,29-303,1995,14,10,777,8.6,3,5,8,3,0,0,2,0,1.7,1.7,3.0,4.8,30,39,69,0.35,0.58,0.93,0.35,0.93,0.2,0.35,0.55,0.2,0.55
ENG-Premier League,2425,Newcastle Utd,Joe Willock,ENG,"MF,FW",25-125,1999,14,6,525,5.8,0,1,1,0,0,0,2,0,0.7,0.7,1.1,1.8,17,21,41,0.0,0.17,0.17,0.0,0.17,0.11,0.2,0.31,0.11,0.31
ENG-Premier League,2425,Newcastle Utd,Joelinton,BRA,"MF,FW",28-131,1996,16,16,1319,14.7,2,0,2,2,0,0,5,0,2.2,2.2,1.3,3.5,22,68,71,0.14,0.0,0.14,0.14,0.14,0.15,0.09,0.24,0.15,0.24
ENG-Premier League,2425,Newcastle Utd,Kieran Trippier,ENG,DF,34-095,1990,9,3,348,3.9,0,0,0,0,0,0,0,0,0.0,0.0,0.2,0.2,7,25,18,0.0,0.0,0.0,0.0,0.0,0.01,0.05,0.05,0.01,0.05
ENG-Premier League,2425,Newcastle Utd,Lewis Hall,ENG,DF,20-106,2004,17,14,1318,14.6,0,2,2,0,0,0,3,0,0.3,0.3,3.1,3.4,27,79,44,0.0,0.14,0.14,0.0,0.14,0.02,0.21,0.23,0.02,0.23
ENG-Premier League,2425,Newcastle Utd,Lewis Miley,ENG,MF,18-236,2006,1,0,11,0.1,0,0,0,0,0,0,0,0,0.0,0.0,0.0,0.0,0,2,0,0.0,0.0,0.0,0.0,0.0,0.0,0.0,0.0,0.0,0.0
ENG-Premier League,2425,Newcastle Utd,Lloyd Kelly,ENG,DF,26-078,1998,8,4,298,3.3,0,1,1,0,0,0,2,0,0.4,0.4,0.5,0.8,0,9,2,0.0,0.3,0.3,0.0,0.3,0.11,0.14,0.25,0.11,0.25
ENG-Premier League,2425,Newcastle Utd,Martin Dúbravka,SVK,GK,35-343,1989,2,2,180,2.0,0,0,0,0,0,0,0,0,0.0,0.0,0.0,0.0,0,0,0,0.0,0.0,0.0,0.0,0.0,0.0,0.0,0.0,0.0,0.0
ENG-Premier League,2425,Newcastle Utd,Miguel Almirón,PAR,FW,30-317,1994,7,1,141,1.6,0,0,0,0,0,0,0,0,0.5,0.5,0.2,0.6,2,6,16,0.0,0.0,0.0,0.0,0.0,0.3,0.11,0.41,0.3,0.41
ENG-Premier League,2425,Newcastle Utd,Nick Pope,ENG,GK,32-248,1992,15,15,1350,15.0,0,0,0,0,0,0,2,0,0.0,0.0,0.0,0.0,0,0,0,0.0,0.0,0.0,0.0,0.0,0.0,0.0,0.0,0.0,0.0
ENG-Premier League,2425,Newcastle Utd,Sandro Tonali,ITA,MF,24-229,2000,15,8,831,9.2,0,1,1,0,0,0,4,0,1.2,1.2,0.3,1.5,5,32,22,0.0,0.11,0.11,0.0,0.11,0.13,0.03,0.17,0.13,0.17
ENG-Premier League,2425,Newcastle Utd,Sean Longstaff,ENG,MF,27-054,1997,16,8,715,7.9,0,0,0,0,0,0,2,0,0.6,0.6,0.2,0.8,4,38,20,0.0,0.0,0.0,0.0,0.0,0.08,0.02,0.1,0.08,0.1
ENG-Premier League,2425,Newcastle Utd,Valentino Livramento,ENG,DF,22-041,2002,17,14,1197,13.3,0,0,0,0,0,0,0,0,0.0,0.0,0.5,0.6,31,58,48,0.0,0.0,0.0,0.0,0.0,0.0,0.04,0.04,0.0,0.04
ENG-Premier League,2425,Newcastle Utd,William Osula,DEN,"FW,MF",21-141,2003,5,0,30,0.3,0,0,0,0,0,0,0,0,0.0,0.0,0.1,0.1,1,1,3,0.0,0.0,0.0,0.0,0.0,0.0,0.26,0.26,0.0,0.26
ENG-Premier League,2425,Nott'ham Forest,Anthony Elanga,SWE,"FW,MF",22-240,2002,17,11,884,9.8,2,2,4,2,0,0,1,0,1.3,1.3,1.2,2.5,31,16,61,0.2,0.2,0.41,0.2,0.41,0.13,0.12,0.25,0.13,0.25
ENG-Premier League,2425,Nott'ham Forest,Callum Hudson-Odoi,ENG,"FW,MF",24-046,2000,16,14,1230,13.7,2,1,3,2,0,0,1,0,1.4,1.4,1.6,3.0,74,40,116,0.15,0.07,0.22,0.15,0.22,0.1,0.12,0.22,0.1,0.22
ENG-Premier League,2425,Nott'ham Forest,Chris Wood,NZL,FW,33-016,1991,17,16,1325,14.7,10,0,10,8,2,2,1,0,6.5,4.9,1.0,5.9,10,13,35,0.68,0.0,0.68,0.54,0.54,0.44,0.07,0.51,0.33,0.4
ENG-Premier League,2425,Nott'ham Forest,Danilo,BRA,MF,23-238,2001,1,1,14,0.2,0,0,0,0,0,0,0,0,0.0,0.0,0.0,0.0,0,0,0,0.0,0.0,0.0,0.0,0.0,0.0,0.0,0.0,0.0,0.0
ENG-Premier League,2425,Nott'ham Forest,Elliot Anderson,ENG,"MF,FW",22-047,2002,16,12,970,10.8,0,5,5,0,0,0,3,0,0.9,0.9,2.5,3.4,24,50,47,0.0,0.46,0.46,0.0,0.46,0.08,0.23,0.32,0.08,0.32
ENG-Premier League,2425,Nott'ham Forest,Eric da Silva Moreira,GER,"MF,DF",18-234,2006,2,0,30,0.3,0,0,0,0,0,0,0,0,0.0,0.0,0.0,0.0,1,0,1,0.0,0.0,0.0,0.0,0.0,0.0,0.0,0.0,0.0,0.0
ENG-Premier League,2425,Nott'ham Forest,Harry Toffolo,ENG,DF,29-126,1995,2,0,38,0.4,0,0,0,0,0,0,0,0,0.0,0.0,0.0,0.0,0,1,4,0.0,0.0,0.0,0.0,0.0,0.04,0.0,0.04,0.04,0.04
ENG-Premier League,2425,Nott'ham Forest,Ibrahim Sangaré,CIV,MF,27-021,1997,3,3,212,2.4,0,0,0,0,0,0,2,0,0.0,0.0,0.0,0.0,0,8,2,0.0,0.0,0.0,0.0,0.0,0.01,0.01,0.01,0.01,0.01
ENG-Premier League,2425,Nott'ham Forest,James Ward-Prowse,ENG,MF,30-052,1994,6,5,379,4.2,0,0,0,0,0,0,2,1,0.1,0.1,0.1,0.2,1,16,2,0.0,0.0,0.0,0.0,0.0,0.01,0.03,0.05,0.01,0.05
ENG-Premier League,2425,Nott'ham Forest,Jota Silva,POR,"FW,MF",25-144,1999,16,3,518,5.8,0,1,1,0,0,0,3,0,0.5,0.5,1.3,1.8,16,12,34,0.0,0.17,0.17,0.0,0.17,0.09,0.22,0.32,0.09,0.32
ENG-Premier League,2425,Nott'ham Forest,Matz Sels,BEL,GK,32-301,1992,17,17,1530,17.0,0,0,0,0,0,0,2,0,0.0,0.0,0.0,0.0,0,1,0,0.0,0.0,0.0,0.0,0.0,0.0,0.0,0.0,0.0,0.0
ENG-Premier League,2425,Nott'ham Forest,Morato,BRA,DF,23-176,2001,10,1,264,2.9,0,0,0,0,0,0,0,0,0.0,0.0,0.0,0.0,0,6,0,0.0,0.0,0.0,0.0,0.0,0.0,0.0,0.0,0.0,0.0
ENG-Premier League,2425,Nott'ham Forest,Morgan Gibbs-White,ENG,MF,24-331,2000,13,13,1007,11.2,2,2,4,2,0,0,6,1,1.6,1.6,2.5,4.1,29,54,45,0.18,0.18,0.36,0.18,0.36,0.14,0.23,0.37,0.14,0.37
ENG-Premier League,2425,Nott'ham Forest,Murillo,BRA,DF,22-172,2002,17,17,1507,16.7,1,0,1,1,0,0,3,0,1.0,1.0,0.9,1.9,11,49,3,0.06,0.0,0.06,0.06,0.06,0.06,0.05,0.11,0.06,0.11
ENG-Premier League,2425,Nott'ham Forest,Neco Williams,WAL,DF,23-254,2001,14,7,738,8.2,0,1,1,0,0,0,4,0,0.8,0.8,0.5,1.3,23,29,26,0.0,0.12,0.12,0.0,0.12,0.09,0.06,0.16,0.09,0.16
ENG-Premier League,2425,Nott'ham Forest,Nicolás Domínguez,ARG,"MF,FW",26-178,1998,15,9,807,9.0,0,0,0,0,0,0,5,0,1.2,1.2,0.2,1.4,8,31,12,0.0,0.0,0.0,0.0,0.0,0.14,0.02,0.15,0.14,0.15
ENG-Premier League,2425,Nott'ham Forest,Nikola Milenković,SRB,DF,27-072,1997,16,16,1440,16.0,2,1,3,2,0,0,2,0,2.5,2.5,0.2,2.8,2,24,2,0.12,0.06,0.19,0.12,0.19,0.16,0.02,0.17,0.16,0.17
ENG-Premier League,2425,Nott'ham Forest,Ola Aina,NGA,DF,28-076,1996,17,17,1463,16.3,2,0,2,2,0,0,2,0,0.3,0.3,0.5,0.8,37,61,31,0.12,0.0,0.12,0.12,0.12,0.02,0.03,0.05,0.02,0.05
ENG-Premier League,2425,Nott'ham Forest,Ramón Sosa,PAR,"FW,MF",25-114,1999,10,0,150,1.7,1,0,1,1,0,0,0,0,0.7,0.7,0.4,1.1,7,4,12,0.6,0.0,0.6,0.6,0.6,0.41,0.25,0.66,0.41,0.66
ENG-Premier League,2425,Nott'ham Forest,Ryan Yates,ENG,MF,27-032,1997,17,12,1218,13.5,1,0,1,1,0,0,4,0,1.7,1.7,0.7,2.4,12,33,10,0.07,0.0,0.07,0.07,0.07,0.13,0.05,0.18,0.13,0.18
ENG-Premier League,2425,Nott'ham Forest,Taiwo Awoniyi,NGA,FW,27-133,1997,12,2,205,2.3,0,0,0,0,0,0,0,0,0.4,0.4,0.1,0.5,3,3,10,0.0,0.0,0.0,0.0,0.0,0.19,0.03,0.22,0.19,0.22
ENG-Premier League,2425,Nott'ham Forest,Willy Boly,CIV,DF,33-324,1991,3,1,92,1.0,0,0,0,0,0,0,0,0,0.1,0.1,0.0,0.1,0,2,0,0.0,0.0,0.0,0.0,0.0,0.07,0.0,0.07,0.07,0.07
ENG-Premier League,2425,Nott'ham Forest,Álex Moreno,ESP,DF,31-198,1993,11,10,788,8.8,0,1,1,0,0,0,2,0,0.2,0.2,1.0,1.1,20,28,24,0.0,0.11,0.11,0.0,0.11,0.02,0.11,0.13,0.02,0.13
ENG-Premier League,2425,Southampton,Aaron Ramsdale,ENG,GK,26-223,1998,10,10,900,10.0,0,0,0,0,0,0,1,0,0.0,0.0,0.0,0.0,0,0,0,0.0,0.0,0.0,0.0,0.0,0.0,0.0,0.0,0.0,0.0
ENG-Premier League,2425,Southampton,Adam Armstrong,ENG,"FW,MF",27-317,1997,14,11,942,10.5,2,1,3,2,0,1,4,0,3.1,2.1,0.4,2.6,18,16,62,0.19,0.1,0.29,0.19,0.29,0.29,0.04,0.33,0.2,0.25
ENG-Premier League,2425,Southampton,Adam Lallana,ENG,MF,36-227,1988,8,5,315,3.5,0,2,2,0,0,0,4,0,0.2,0.2,0.9,1.0,5,22,8,0.0,0.57,0.57,0.0,0.57,0.05,0.25,0.3,0.05,0.3
ENG-Premier League,2425,Southampton,Alex McCarthy,ENG,GK,35-020,1989,4,4,360,4.0,0,0,0,0,0,0,0,0,0.0,0.0,0.0,0.0,0,0,0,0.0,0.0,0.0,0.0,0.0,0.0,0.0,0.0,0.0,0.0
ENG-Premier League,2425,Southampton,Ben Brereton,CHI,FW,25-249,1999,10,4,449,5.0,0,0,0,0,0,0,1,0,0.9,0.9,0.1,1.0,12,9,42,0.0,0.0,0.0,0.0,0.0,0.18,0.02,0.2,0.18,0.2
ENG-Premier League,2425,Southampton,Cameron Archer,ENG,FW,23-155,2001,17,9,897,10.0,2,0,2,2,0,1,0,0,4.4,3.6,0.2,3.8,13,9,38,0.2,0.0,0.2,0.2,0.2,0.44,0.02,0.46,0.36,0.38
ENG-Premier League,2425,Southampton,Carlos Alcaraz,ARG,MF,22-023,2002,1,0,10,0.1,0,0,0,0,0,0,0,0,0.1,0.1,0.1,0.2,4,6,1,0.0,0.0,0.0,0.0,0.0,0.62,0.86,1.48,0.62,1.48
ENG-Premier League,2425,Southampton,Charlie Taylor,ENG,DF,31-096,1993,6,2,221,2.5,0,0,0,0,0,0,1,0,0.0,0.0,0.1,0.1,2,6,6,0.0,0.0,0.0,0.0,0.0,0.0,0.03,0.03,0.0,0.03
ENG-Premier League,2425,Southampton,Flynn Downes,ENG,MF,25-338,1999,15,15,1309,14.5,1,0,1,1,0,0,7,0,0.6,0.6,0.9,1.5,18,48,23,0.07,0.0,0.07,0.07,0.07,0.04,0.06,0.1,0.04,0.1
ENG-Premier League,2425,Southampton,Jack Stephens,ENG,DF,30-331,1994,10,10,793,8.8,0,0,0,0,0,0,2,2,0.3,0.3,0.1,0.4,11,43,1,0.0,0.0,0.0,0.0,0.0,0.03,0.02,0.05,0.03,0.05
ENG-Premier League,2425,Southampton,James Bree,ENG,DF,27-073,1997,4,2,148,1.6,0,0,0,0,0,0,0,0,0.0,0.0,0.2,0.2,1,6,5,0.0,0.0,0.0,0.0,0.0,0.0,0.12,0.12,0.0,0.12
ENG-Premier League,2425,Southampton,Jan Bednarek,POL,DF,28-255,1996,13,13,1160,12.9,0,0,0,0,0,0,3,0,0.0,0.0,0.4,0.5,4,34,1,0.0,0.0,0.0,0.0,0.0,0.0,0.03,0.04,0.0,0.04
ENG-Premier League,2425,Southampton,Joe Aribo,NGA,MF,28-155,1996,16,9,959,10.7,2,0,2,2,0,0,0,0,2.2,2.2,1.2,3.4,22,32,39,0.19,0.0,0.19,0.19,0.19,0.21,0.11,0.32,0.21,0.32
ENG-Premier League,2425,Southampton,Joe Lumley,ENG,GK,29-312,1995,3,3,270,3.0,0,0,0,0,0,0,0,0,0.0,0.0,0.0,0.0,0,0,0,0.0,0.0,0.0,0.0,0.0,0.0,0.0,0.0,0.0,0.0
ENG-Premier League,2425,Southampton,Kamaldeen Sulemana,GHA,"FW,MF",22-312,2002,6,1,64,0.7,0,0,0,0,0,0,0,0,0.0,0.0,0.0,0.0,4,0,3,0.0,0.0,0.0,0.0,0.0,0.03,0.0,0.03,0.03,0.03
ENG-Premier League,2425,Southampton,Kyle Walker-Peters,ENG,DF,27-254,1997,15,15,1340,14.9,0,2,2,0,0,0,3,0,0.3,0.3,1.6,1.9,57,62,42,0.0,0.13,0.13,0.0,0.13,0.02,0.11,0.13,0.02,0.13
ENG-Premier League,2425,Southampton,Lesley Ugochukwu,FRA,MF,20-272,2004,7,2,245,2.7,0,0,0,0,0,0,2,0,0.2,0.2,0.2,0.4,7,5,2,0.0,0.0,0.0,0.0,0.0,0.08,0.07,0.15,0.08,0.15
ENG-Premier League,2425,Southampton,Mateus Fernandes,POR,MF,20-166,2004,16,14,1235,13.7,1,1,2,1,0,0,4,0,1.6,1.6,1.1,2.7,38,64,41,0.07,0.07,0.15,0.07,0.15,0.12,0.08,0.2,0.12,0.2
ENG-Premier League,2425,Southampton,Maxwel Cornet,CIV,FW,28-087,1996,2,1,72,0.8,0,0,0,0,0,0,1,0,0.2,0.2,0.0,0.2,1,0,5,0.0,0.0,0.0,0.0,0.0,0.2,0.0,0.2,0.2,0.2
ENG-Premier League,2425,Southampton,Nathan Wood-Gordon,ENG,DF,22-206,2002,4,3,346,3.8,0,0,0,0,0,0,1,0,0.2,0.2,0.0,0.2,1,4,0,0.0,0.0,0.0,0.0,0.0,0.05,0.01,0.05,0.05,0.05
ENG-Premier League,2425,Southampton,Paul Onuachu,NGA,FW,30-209,1994,7,1,115,1.3,0,0,0,0,0,0,1,0,0.1,0.1,0.0,0.1,0,2,3,0.0,0.0,0.0,0.0,0.0,0.05,0.02,0.06,0.05,0.06
ENG-Premier League,2425,Southampton,Ronnie Edwards,ENG,DF,21-270,2003,1,0,12,0.1,0,0,0,0,0,0,0,0,0.0,0.0,0.0,0.0,0,0,0,0.0,0.0,0.0,0.0,0.0,0.0,0.0,0.0,0.0,0.0
ENG-Premier League,2425,Southampton,Ross Stewart,SCO,"FW,MF",28-165,1996,4,1,132,1.5,0,0,0,0,0,0,1,0,0.1,0.1,0.0,0.1,1,1,5,0.0,0.0,0.0,0.0,0.0,0.08,0.0,0.08,0.08,0.08
ENG-Premier League,2425,Southampton,Ryan Fraser,SCO,"FW,DF",30-303,1994,7,4,303,3.4,0,0,0,0,0,0,0,1,0.0,0.0,0.1,0.1,10,8,18,0.0,0.0,0.0,0.0,0.0,0.01,0.03,0.04,0.01,0.04
ENG-Premier League,2425,Southampton,Ryan Manning,IRL,DF,28-192,1996,9,9,659,7.3,0,0,0,0,0,0,1,0,0.1,0.1,1.2,1.3,9,6,41,0.0,0.0,0.0,0.0,0.0,0.02,0.16,0.18,0.02,0.18
ENG-Premier League,2425,Southampton,Samuel Amo-Ameyaw,ENG,"FW,DF",18-158,2006,2,0,28,0.3,0,0,0,0,0,0,1,0,0.0,0.0,0.1,0.1,1,0,3,0.0,0.0,0.0,0.0,0.0,0.07,0.22,0.29,0.07,0.29
ENG-Premier League,2425,Southampton,Samuel Edozie,ENG,"DF,FW",21-330,2003,2,0,65,0.7,0,0,0,0,0,0,1,0,0.0,0.0,0.1,0.1,6,4,23,0.0,0.0,0.0,0.0,0.0,0.0,0.14,0.14,0.0,0.14
ENG-Premier League,2425,Southampton,Taylor Harwood-Bellis,ENG,DF,22-328,2002,16,15,1310,14.6,1,0,1,1,0,0,5,0,1.2,1.2,0.4,1.6,9,55,5,0.07,0.0,0.07,0.07,0.07,0.08,0.03,0.11,0.08,0.11
ENG-Premier League,2425,Southampton,Tyler Dibling,ENG,"FW,MF",18-286,2006,16,11,975,10.8,1,0,1,1,0,0,5,0,1.1,1.1,1.2,2.3,44,35,58,0.09,0.0,0.09,0.09,0.09,0.1,0.11,0.21,0.1,0.21
ENG-Premier League,2425,Southampton,William Smallbone,IRL,MF,24-306,2000,4,3,241,2.7,0,0,0,0,0,0,0,0,0.3,0.3,0.3,0.6,2,8,12,0.0,0.0,0.0,0.0,0.0,0.11,0.11,0.23,0.11,0.23
ENG-Premier League,2425,Southampton,Yukinari Sugawara,JPN,DF,24-178,2000,15,10,873,9.7,1,1,2,1,0,0,3,0,0.3,0.3,2.1,2.4,16,46,38,0.1,0.1,0.21,0.1,0.21,0.03,0.21,0.25,0.03,0.25
ENG-Premier League,2425,Tottenham,Alfie Dorrington,ENG,DF,19-247,2005,1,0,14,0.2,0,0,0,0,0,0,0,0,0.0,0.0,0.0,0.0,0,0,0,0.0,0.0,0.0,0.0,0.0,0.0,0.0,0.0,0.0,0.0
ENG-Premier League,2425,Tottenham,Archie Gray,ENG,"DF,MF",18-286,2006,10,3,333,3.7,0,0,0,0,0,0,0,0,0.0,0.0,0.0,0.0,1,11,3,0.0,0.0,0.0,0.0,0.0,0.01,0.0,0.01,0.01,0.01
ENG-Premier League,2425,Tottenham,Ben Davies,WAL,DF,31-243,1993,4,3,271,3.0,0,0,0,0,0,0,1,0,0.0,0.0,0.0,0.0,3,11,0,0.0,0.0,0.0,0.0,0.0,0.0,0.0,0.0,0.0,0.0
ENG-Premier League,2425,Tottenham,Brennan Johnson,WAL,FW,23-214,2001,17,13,1204,13.4,6,2,8,6,0,0,3,0,7.2,7.2,1.2,8.4,38,35,124,0.45,0.15,0.6,0.45,0.6,0.54,0.09,0.63,0.54,0.63
ENG-Premier League,2425,Tottenham,Cristian Romero,ARG,DF,26-240,1998,12,12,974,10.8,1,0,1,1,0,0,1,0,1.1,1.1,0.5,1.6,10,48,2,0.09,0.0,0.09,0.09,0.09,0.1,0.05,0.15,0.1,0.15
ENG-Premier League,2425,Tottenham,Dejan Kulusevski,SWE,"MF,FW",24-242,2000,17,15,1320,14.7,5,3,8,5,0,0,3,0,2.5,2.5,3.8,6.2,79,71,125,0.34,0.2,0.55,0.34,0.55,0.17,0.26,0.43,0.17,0.43
ENG-Premier League,2425,Tottenham,Destiny Udogie,ITA,DF,22-025,2002,16,16,1301,14.5,0,1,1,0,0,0,2,0,0.3,0.3,1.2,1.5,36,86,75,0.0,0.07,0.07,0.0,0.07,0.02,0.08,0.1,0.02,0.1
ENG-Premier League,2425,Tottenham,Djed Spence,ENG,DF,24-136,2000,6,2,231,2.6,0,1,1,0,0,0,1,0,0.1,0.1,0.5,0.6,14,17,13,0.0,0.39,0.39,0.0,0.39,0.02,0.21,0.24,0.02,0.24
ENG-Premier League,2425,Tottenham,Dominic Solanke,ENG,FW,27-100,1997,14,14,1238,13.8,6,3,9,6,0,0,0,0,7.5,7.5,2.1,9.5,20,28,58,0.44,0.22,0.65,0.44,0.65,0.54,0.15,0.69,0.54,0.69
ENG-Premier League,2425,Tottenham,Fraser Forster,ENG,GK,36-281,1988,5,5,450,5.0,0,0,0,0,0,0,0,0,0.0,0.0,0.0,0.0,0,0,0,0.0,0.0,0.0,0.0,0.0,0.0,0.0,0.0,0.0,0.0
ENG-Premier League,2425,Tottenham,Guglielmo Vicario,ITA,GK,28-077,1996,12,12,1080,12.0,0,0,0,0,0,0,1,0,0.0,0.0,0.0,0.0,0,1,0,0.0,0.0,0.0,0.0,0.0,0.0,0.0,0.0,0.0,0.0
ENG-Premier League,2425,Tottenham,James Maddison,ENG,MF,28-030,1996,17,14,1082,12.0,8,4,12,8,0,0,3,0,4.6,4.6,2.7,7.3,26,92,61,0.67,0.33,1.0,0.67,1.0,0.39,0.22,0.61,0.39,0.61
ENG-Premier League,2425,Tottenham,Lucas Bergvall,SWE,MF,18-325,2006,11,1,204,2.3,0,0,0,0,0,0,2,0,0.1,0.1,0.2,0.3,7,14,8,0.0,0.0,0.0,0.0,0.0,0.04,0.1,0.13,0.04,0.13
ENG-Premier League,2425,Tottenham,Micky van de Ven,NED,DF,23-248,2001,9,9,788,8.8,0,2,2,0,0,0,4,0,0.4,0.4,1.2,1.5,8,43,1,0.0,0.23,0.23,0.0,0.23,0.04,0.13,0.17,0.04,0.17
ENG-Premier League,2425,Tottenham,Mikey Moore,ENG,FW,17-134,2007,4,1,85,0.9,0,0,0,0,0,0,0,0,0.0,0.0,0.0,0.0,5,3,12,0.0,0.0,0.0,0.0,0.0,0.04,0.0,0.04,0.04,0.04
ENG-Premier League,2425,Tottenham,Pape Matar Sarr,SEN,MF,22-100,2002,17,10,911,10.1,1,2,3,1,0,0,3,0,1.6,1.6,1.2,2.8,13,52,30,0.1,0.2,0.3,0.1,0.3,0.16,0.12,0.28,0.16,0.28
ENG-Premier League,2425,Tottenham,Pedro Porro,ESP,DF,25-101,1999,17,15,1438,16.0,2,2,4,2,0,0,2,0,1.2,1.2,1.6,2.8,41,88,53,0.13,0.13,0.25,0.13,0.25,0.08,0.1,0.18,0.08,0.18
ENG-Premier League,2425,Tottenham,Radu Drăgușin,ROU,DF,22-324,2002,10,8,806,9.0,0,0,0,0,0,0,0,0,0.0,0.0,0.0,0.0,3,28,1,0.0,0.0,0.0,0.0,0.0,0.01,0.0,0.01,0.01,0.01
ENG-Premier League,2425,Tottenham,Richarlison,BRA,FW,27-227,1997,5,0,90,1.0,0,1,1,0,0,0,1,0,0.2,0.2,0.8,1.0,4,5,12,0.0,1.0,1.0,0.0,1.0,0.19,0.76,0.95,0.19,0.95
ENG-Premier League,2425,Tottenham,Rodrigo Bentancur,URU,MF,27-181,1997,10,7,535,5.9,1,0,1,1,0,0,4,0,0.7,0.7,0.1,0.8,5,40,3,0.17,0.0,0.17,0.17,0.17,0.11,0.01,0.13,0.11,0.13
ENG-Premier League,2425,Tottenham,Son Heung-min,KOR,FW,32-168,1992,14,13,1066,11.8,5,6,11,5,0,0,0,0,3.5,3.5,5.7,9.1,50,67,148,0.42,0.51,0.93,0.42,0.93,0.29,0.48,0.77,0.29,0.77
ENG-Premier League,2425,Tottenham,Timo Werner,GER,"FW,MF",28-292,1996,14,3,409,4.5,0,3,3,0,0,0,0,0,1.0,1.0,2.5,3.4,36,23,73,0.0,0.66,0.66,0.0,0.66,0.21,0.54,0.75,0.21,0.75
ENG-Premier League,2425,Tottenham,Will Lankshear,ENG,FW,19-247,2005,2,0,10,0.1,0,0,0,0,0,0,0,0,0.0,0.0,0.0,0.0,0,0,1,0.0,0.0,0.0,0.0,0.0,0.0,0.0,0.0,0.0,0.0
ENG-Premier League,2425,Tottenham,Wilson Odobert,FRA,FW,20-025,2004,3,2,162,1.8,0,0,0,0,0,0,0,0,0.4,0.4,0.1,0.5,13,10,18,0.0,0.0,0.0,0.0,0.0,0.23,0.03,0.27,0.23,0.27
ENG-Premier League,2425,Tottenham,Yves Bissouma,MLI,MF,28-115,1996,13,9,828,9.2,2,0,2,2,0,0,5,0,0.3,0.3,0.2,0.5,12,54,1,0.22,0.0,0.22,0.22,0.22,0.03,0.02,0.06,0.03,0.06
ENG-Premier League,2425,West Ham,Aaron Cresswell,ENG,DF,35-008,1989,5,0,32,0.4,0,0,0,0,0,0,1,0,0.0,0.0,0.1,0.1,1,3,1,0.0,0.0,0.0,0.0,0.0,0.1,0.28,0.38,0.1,0.38
ENG-Premier League,2425,West Ham,Aaron Wan-Bissaka,ENG,DF,27-027,1997,16,15,1354,15.0,2,0,2,2,0,0,0,0,0.6,0.6,0.5,1.1,48,67,61,0.13,0.0,0.13,0.13,0.13,0.04,0.03,0.07,0.04,0.07
ENG-Premier League,2425,West Ham,Alphonse Areola,FRA,GK,31-300,1993,8,8,675,7.5,0,0,0,0,0,0,0,0,0.0,0.0,0.0,0.0,0,0,0,0.0,0.0,0.0,0.0,0.0,0.0,0.0,0.0,0.0,0.0
ENG-Premier League,2425,West Ham,Andy Irving,SCO,MF,24-224,2000,5,0,51,0.6,0,0,0,0,0,0,1,0,0.0,0.0,0.0,0.0,0,4,0,0.0,0.0,0.0,0.0,0.0,0.06,0.0,0.06,0.06,0.06
ENG-Premier League,2425,West Ham,Carlos Soler,ESP,MF,27-356,1997,13,6,607,6.7,0,1,1,0,0,0,5,0,0.7,0.7,0.9,1.6,9,27,16,0.0,0.15,0.15,0.0,0.15,0.11,0.13,0.24,0.11,0.24
ENG-Premier League,2425,West Ham,Crysencio Summerville,NED,"FW,MF",23-054,2001,16,6,641,7.1,1,1,2,1,0,0,2,0,1.5,1.5,1.5,3.0,26,14,55,0.14,0.14,0.28,0.14,0.28,0.21,0.21,0.42,0.21,0.42
ENG-Premier League,2425,West Ham,Danny Ings,ENG,FW,32-153,1992,9,1,180,2.0,1,1,2,1,0,0,0,0,2.1,2.1,0.7,2.8,5,3,19,0.5,0.5,1.0,0.5,1.0,1.03,0.37,1.41,1.03,1.41
ENG-Premier League,2425,West Ham,Edson Álvarez,MEX,MF,27-060,1997,13,9,793,8.8,0,0,0,0,0,0,6,1,0.2,0.2,0.4,0.6,10,40,8,0.0,0.0,0.0,0.0,0.0,0.02,0.05,0.07,0.02,0.07
ENG-Premier League,2425,West Ham,Emerson Palmieri,ITA,DF,30-142,1994,16,15,1175,13.1,1,1,2,1,0,0,5,0,1.1,1.1,1.2,2.2,19,34,50,0.08,0.08,0.15,0.08,0.15,0.08,0.09,0.17,0.08,0.17
ENG-Premier League,2425,West Ham,Guido Rodríguez,ARG,MF,30-255,1994,15,11,824,9.2,0,0,0,0,0,0,4,0,0.1,0.1,0.1,0.2,2,28,4,0.0,0.0,0.0,0.0,0.0,0.02,0.01,0.02,0.02,0.02
ENG-Premier League,2425,West Ham,James Ward-Prowse,ENG,MF,30-052,1994,1,0,18,0.2,0,0,0,0,0,0,0,0,0.0,0.0,0.0,0.0,1,4,0,0.0,0.0,0.0,0.0,0.0,0.0,0.0,0.0,0.0,0.0
ENG-Premier League,2425,West Ham,Jarrod Bowen,ENG,"FW,MF",28-003,1996,17,17,1506,16.7,4,4,8,3,1,1,1,0,3.8,3.0,4.0,7.1,59,59,103,0.24,0.24,0.48,0.18,0.42,0.22,0.24,0.47,0.18,0.42
ENG-Premier League,2425,West Ham,Jean-Clair Todibo,FRA,DF,24-359,1999,12,7,697,7.7,0,0,0,0,0,0,0,0,0.1,0.1,0.0,0.1,2,10,1,0.0,0.0,0.0,0.0,0.0,0.01,0.0,0.02,0.01,0.02
ENG-Premier League,2425,West Ham,Kaelan Casey,ENG,DF,20-056,2004,1,0,1,0.0,0,0,0,0,0,0,0,0,0.0,0.0,0.0,0.0,0,0,0,0.0,0.0,0.0,0.0,0.0,0.0,0.0,0.0,0.0,0.0
ENG-Premier League,2425,West Ham,Konstantinos Mavropanos,GRE,DF,27-012,1997,14,11,999,11.1,0,0,0,0,0,0,2,0,0.9,0.9,0.4,1.3,10,37,2,0.0,0.0,0.0,0.0,0.0,0.08,0.04,0.12,0.08,0.12
ENG-Premier League,2425,West Ham,Lucas Paquetá,BRA,MF,27-118,1997,17,14,1194,13.3,3,0,3,1,2,2,5,0,3.5,1.9,1.7,3.6,9,65,44,0.23,0.0,0.23,0.08,0.08,0.26,0.13,0.39,0.14,0.27
ENG-Premier League,2425,West Ham,Luis Guilherme,BRA,MF,18-318,2006,2,0,13,0.1,0,0,0,0,0,0,0,0,0.0,0.0,0.0,0.0,0,0,1,0.0,0.0,0.0,0.0,0.0,0.0,0.0,0.0,0.0,0.0
ENG-Premier League,2425,West Ham,Max Kilman,ENG,DF,27-214,1997,17,17,1530,17.0,0,1,1,0,0,0,3,0,1.4,1.4,0.8,2.2,14,72,2,0.0,0.06,0.06,0.0,0.06,0.08,0.05,0.13,0.08,0.13
ENG-Premier League,2425,West Ham,Michail Antonio,JAM,FW,34-270,1990,14,11,836,9.3,1,1,2,1,0,0,1,0,2.2,2.2,1.6,3.8,29,18,59,0.11,0.11,0.22,0.11,0.22,0.24,0.17,0.41,0.24,0.41
ENG-Premier League,2425,West Ham,Mohammed Kudus,GHA,"MF,FW",24-143,2000,12,12,991,11.0,3,1,4,3,0,0,0,1,3.4,3.4,1.4,4.7,45,36,99,0.27,0.09,0.36,0.27,0.36,0.31,0.13,0.43,0.31,0.43
ENG-Premier League,2425,West Ham,Niclas Füllkrug,GER,FW,31-318,1993,6,1,169,1.9,1,0,1,1,0,0,0,0,0.8,0.8,0.2,1.0,3,1,4,0.53,0.0,0.53,0.53,0.53,0.44,0.1,0.54,0.44,0.54
ENG-Premier League,2425,West Ham,Oliver Scarles,ENG,DF,19-011,2005,2,0,36,0.4,0,0,0,0,0,0,0,0,0.0,0.0,0.0,0.0,0,1,3,0.0,0.0,0.0,0.0,0.0,0.0,0.0,0.0,0.0,0.0
ENG-Premier League,2425,West Ham,Tomáš Souček,CZE,MF,29-300,1995,16,13,1165,12.9,4,0,4,4,0,0,4,0,2.8,2.8,0.5,3.4,2,40,30,0.31,0.0,0.31,0.31,0.31,0.22,0.04,0.26,0.22,0.26
ENG-Premier League,2425,West Ham,Vladimír Coufal,CZE,DF,32-123,1992,10,4,437,4.9,0,0,0,0,0,0,2,0,0.2,0.2,0.3,0.5,7,19,17,0.0,0.0,0.0,0.0,0.0,0.03,0.07,0.1,0.03,0.1
ENG-Premier League,2425,West Ham,Łukasz Fabiański,POL,GK,39-249,1985,10,9,855,9.5,0,0,0,0,0,0,2,0,0.0,0.0,0.0,0.0,0,0,0,0.0,0.0,0.0,0.0,0.0,0.0,0.0,0.0,0.0,0.0
ENG-Premier League,2425,Wolves,Alfie Pond,ENG,DF,20-297,2004,1,0,1,0.0,0,0,0,0,0,0,0,0,0.0,0.0,0.0,0.0,0,0,0,0.0,0.0,0.0,0.0,0.0,0.0,0.0,0.0,0.0,0.0
ENG-Premier League,2425,Wolves,André,BRA,MF,23-160,2001,13,11,820,9.1,0,0,0,0,0,0,2,0,0.1,0.1,0.2,0.3,5,31,4,0.0,0.0,0.0,0.0,0.0,0.01,0.02,0.03,0.01,0.03
ENG-Premier League,2425,Wolves,Carlos Forbs,POR,"MF,FW",20-279,2004,7,1,208,2.3,0,0,0,0,0,0,2,0,0.1,0.1,0.0,0.1,8,7,24,0.0,0.0,0.0,0.0,0.0,0.05,0.02,0.06,0.05,0.06
ENG-Premier League,2425,Wolves,Chiquinho,POR,MF,24-322,2000,1,0,7,0.1,0,0,0,0,0,0,0,0,0.0,0.0,0.0,0.0,0,0,0,0.0,0.0,0.0,0.0,0.0,0.0,0.42,0.42,0.0,0.42
ENG-Premier League,2425,Wolves,Craig Dawson,ENG,DF,34-231,1990,13,9,894,9.9,0,0,0,0,0,0,2,0,0.5,0.5,0.0,0.5,6,19,5,0.0,0.0,0.0,0.0,0.0,0.05,0.0,0.05,0.05,0.05
ENG-Premier League,2425,Wolves,Daniel Podence,POR,"MF,FW",29-063,1995,2,0,48,0.5,0,0,0,0,0,0,0,0,0.0,0.0,0.0,0.0,1,2,3,0.0,0.0,0.0,0.0,0.0,0.07,0.0,0.07,0.07,0.07
ENG-Premier League,2425,Wolves,Gonçalo Guedes,POR,"FW,MF",28-024,1996,14,2,342,3.8,2,4,6,2,0,0,1,0,0.6,0.6,0.8,1.4,12,17,28,0.53,1.05,1.58,0.53,1.58,0.15,0.21,0.36,0.15,0.36
ENG-Premier League,2425,Wolves,Hwang Hee-chan,KOR,"MF,FW",28-332,1996,11,2,336,3.7,0,0,0,0,0,0,0,0,0.0,0.0,0.1,0.1,7,6,11,0.0,0.0,0.0,0.0,0.0,0.0,0.03,0.03,0.0,0.03
ENG-Premier League,2425,Wolves,Jean-Ricner Bellegarde,FRA,"MF,FW",26-179,1998,15,9,727,8.1,1,2,3,1,0,0,2,0,0.6,0.6,0.6,1.1,19,13,37,0.12,0.25,0.37,0.12,0.37,0.07,0.07,0.14,0.07,0.14
ENG-Premier League,2425,Wolves,José Sá,POR,GK,31-341,1993,10,10,900,10.0,0,0,0,0,0,0,1,0,0.0,0.0,0.1,0.1,0,0,0,0.0,0.0,0.0,0.0,0.0,0.0,0.01,0.01,0.0,0.01
ENG-Premier League,2425,Wolves,João Gomes,BRA,MF,23-315,2001,16,16,1355,15.1,2,1,3,2,0,0,5,0,1.5,1.5,0.3,1.9,28,68,32,0.13,0.07,0.2,0.13,0.2,0.1,0.02,0.13,0.1,0.13
ENG-Premier League,2425,Wolves,Jørgen Strand Larsen,NOR,FW,24-321,2000,17,17,1398,15.5,6,2,8,6,0,0,2,0,4.1,4.1,1.3,5.4,6,12,46,0.39,0.13,0.52,0.39,0.52,0.27,0.08,0.35,0.27,0.35
ENG-Premier League,2425,Wolves,Mario Lemina,GAB,"MF,DF",31-113,1993,16,15,1332,14.8,1,3,4,1,0,0,4,0,1.4,1.4,1.1,2.5,8,45,20,0.07,0.2,0.27,0.07,0.27,0.09,0.08,0.17,0.09,0.17
ENG-Premier League,2425,Wolves,Matheus Cunha,BRA,"MF,FW",25-210,1999,17,16,1425,15.8,9,3,12,9,0,0,2,0,3.9,3.9,4.9,8.9,59,63,94,0.57,0.19,0.76,0.57,0.76,0.25,0.31,0.56,0.25,0.56
ENG-Premier League,2425,Wolves,Matt Doherty,IRL,DF,32-342,1992,10,6,534,5.9,1,1,2,1,0,0,1,0,0.5,0.5,1.3,1.7,6,18,27,0.17,0.17,0.34,0.17,0.34,0.08,0.21,0.29,0.08,0.29
ENG-Premier League,2425,Wolves,Nélson Semedo,POR,DF,31-037,1993,14,14,1227,13.6,0,3,3,0,0,0,5,0,0.4,0.4,1.3,1.7,24,34,35,0.0,0.22,0.22,0.0,0.22,0.03,0.09,0.12,0.03,0.12
ENG-Premier League,2425,Wolves,Pablo Sarabia,ESP,"MF,FW",32-226,1992,5,2,181,2.0,1,0,1,1,0,0,1,0,1.4,1.4,0.4,1.9,4,12,13,0.5,0.0,0.5,0.5,0.5,0.71,0.22,0.93,0.71,0.93
ENG-Premier League,2425,Wolves,Rayan Aït-Nouri,ALG,DF,23-200,2001,16,16,1366,15.2,3,3,6,3,0,0,6,1,1.3,1.3,1.5,2.9,28,53,64,0.2,0.2,0.4,0.2,0.4,0.09,0.1,0.19,0.09,0.19
ENG-Premier League,2425,Wolves,Rodrigo Gomes,POR,"DF,FW",21-169,2003,10,4,354,3.9,1,0,1,1,0,0,0,0,0.3,0.3,0.2,0.5,11,6,35,0.25,0.0,0.25,0.25,0.25,0.08,0.05,0.13,0.08,0.13
ENG-Premier League,2425,Wolves,Sam Johnstone,ENG,GK,31-273,1993,7,7,630,7.0,0,0,0,0,0,0,0,0,0.0,0.0,0.0,0.0,0,0,0,0.0,0.0,0.0,0.0,0.0,0.0,0.0,0.0,0.0,0.0
ENG-Premier League,2425,Wolves,Santiago Bueno,URU,DF,26-044,1998,10,9,791,8.8,0,0,0,0,0,0,0,0,0.2,0.2,0.0,0.2,1,15,1,0.0,0.0,0.0,0.0,0.0,0.03,0.0,0.03,0.03,0.03
ENG-Premier League,2425,Wolves,Tommy Doyle,ENG,MF,23-067,2001,13,2,338,3.8,0,1,1,0,0,0,0,0,0.5,0.5,0.4,0.8,4,29,2,0.0,0.27,0.27,0.0,0.27,0.13,0.1,0.22,0.13,0.22
ENG-Premier League,2425,Wolves,Toti Gomes,POR,DF,25-342,1999,15,14,1174,13.0,0,1,1,0,0,0,4,0,0.0,0.0,0.6,0.7,5,35,7,0.0,0.08,0.08,0.0,0.08,0.0,0.05,0.05,0.0,0.05
ENG-Premier League,2425,Wolves,Yerson Mosquera,COL,DF,23-235,2001,5,5,441,4.9,0,0,0,0,0,0,2,0,0.3,0.3,0.1,0.4,0,7,0,0.0,0.0,0.0,0.0,0.0,0.07,0.02,0.09,0.07,0.09
