,,,,nation,pos,age,born,90s,Att,Pass Types,Pass Types,Pass Types,Pass Types,Pass Types,Pass Types,Pass Types,Pass Types,Corner Kicks,Corner Kicks,Corner Kicks,Outcomes,Outcomes,Outcomes
,,,,,,,,,,Live,Dead,FK,TB,Sw,Crs,TI,CK,In,Out,Str,Cmp,Off,Blocks
league,season,team,player,,,,,,,,,,,,,,,,,,,,
ENG-Premier League,2425,Arsenal,Ben White,ENG,DF,27-076,1997,7.7,352,292,58,12,1,5,7,42,0,0,0,0,294,2,2
ENG-Premier League,2425,Arsenal,Bukayo Saka,ENG,"FW,MF",23-109,2001,14.1,546,476,67,7,4,2,99,10,50,47,0,2,406,3,18
ENG-Premier League,2425,Arsenal,David Raya,ESP,GK,29-099,1995,17.0,624,517,105,42,0,0,0,0,0,0,0,0,452,2,0
ENG-Premier League,2425,Arsenal,Declan Rice,ENG,MF,25-344,1999,13.3,733,629,101,36,1,11,80,2,48,43,3,0,610,3,5
ENG-Premier League,2425,Arsenal,Ethan Nwaneri,ENG,"MF,FW",17-277,2007,1.3,62,57,4,1,1,0,4,0,3,3,0,0,54,1,0
ENG-Premier League,2425,Arsenal,Gabriel Jesus,BRA,FW,27-264,1997,4.0,119,115,2,0,0,0,4,2,0,0,0,0,89,2,10
ENG-Premier League,2425,Arsenal,Gabriel Magalhães,BRA,DF,27-004,1997,14.1,877,839,38,21,0,6,6,2,0,0,0,0,788,0,5
ENG-Premier League,2425,Arsenal,Gabriel Martinelli,BRA,"FW,MF",23-188,2001,10.5,300,292,8,0,0,1,42,6,2,2,0,0,211,0,20
ENG-Premier League,2425,Arsenal,Jakub Kiwior,POL,DF,24-312,2000,3.6,175,167,7,2,0,1,0,2,0,0,0,0,147,1,0
ENG-Premier League,2425,Arsenal,Jorginho,ITA,MF,33-003,1991,4.4,264,261,3,2,1,1,0,0,0,0,0,0,230,0,3
ENG-Premier League,2425,Arsenal,Jurriën Timber,NED,DF,23-189,2001,13.5,626,517,106,9,1,0,13,97,0,0,0,0,522,3,11
ENG-Premier League,2425,Arsenal,Kai Havertz,GER,"FW,MF",25-195,1999,15.4,367,361,4,0,1,0,6,4,0,0,0,0,287,2,8
ENG-Premier League,2425,Arsenal,Leandro Trossard,BEL,FW,30-019,1994,10.2,317,298,16,2,5,2,27,5,6,6,0,0,226,3,12
ENG-Premier League,2425,Arsenal,Martin Ødegaard,NOR,MF,26-006,1998,9.1,476,447,25,10,9,0,20,5,3,2,0,0,403,4,12
ENG-Premier League,2425,Arsenal,Mikel Merino,ESP,MF,28-184,1996,5.3,211,209,1,1,3,1,7,0,0,0,0,0,161,1,9
ENG-Premier League,2425,Arsenal,Myles Lewis-Skelly,ENG,DF,18-088,2006,1.6,97,84,12,1,0,0,0,11,0,0,0,0,90,1,0
ENG-Premier League,2425,Arsenal,Oleksandr Zinchenko,UKR,"DF,MF",28-008,1996,2.6,203,172,30,8,0,3,5,21,0,0,0,0,166,1,2
ENG-Premier League,2425,Arsenal,Raheem Sterling,ENG,"MF,FW",30-015,1994,1.6,53,52,0,0,0,0,5,0,0,0,0,0,39,1,1
ENG-Premier League,2425,Arsenal,Reiss Nelson,ENG,FW,25-013,1999,0.0,0,0,0,0,0,0,0,0,0,0,0,0,0,0,0
ENG-Premier League,2425,Arsenal,Riccardo Calafiori,ITA,DF,22-218,2002,6.0,303,265,38,3,0,1,6,35,0,0,0,0,256,0,7
ENG-Premier League,2425,Arsenal,Takehiro Tomiyasu,JPN,DF,26-048,1998,0.1,4,4,0,0,0,0,0,0,0,0,0,0,3,0,0
ENG-Premier League,2425,Arsenal,Thomas Partey,GHA,"MF,DF",31-193,1993,14.5,895,833,60,14,3,1,4,40,0,0,0,0,794,2,8
ENG-Premier League,2425,Arsenal,William Saliba,FRA,DF,23-274,2001,15.3,1115,1093,20,17,0,8,0,0,0,0,0,0,1051,2,3
ENG-Premier League,2425,Aston Villa,Amadou Onana,BEL,MF,23-129,2001,9.0,381,378,2,2,0,0,1,0,0,0,0,0,341,1,8
ENG-Premier League,2425,Aston Villa,Boubacar Kamara,FRA,MF,25-030,1999,4.8,241,233,8,8,0,0,0,0,0,0,0,0,224,0,0
ENG-Premier League,2425,Aston Villa,Diego Carlos,BRA,DF,31-283,1993,8.2,538,512,23,15,0,6,0,0,0,0,0,0,476,3,0
ENG-Premier League,2425,Aston Villa,Emi Buendía,ARG,"MF,FW",27-364,1996,0.5,38,37,1,1,1,0,0,0,0,0,0,0,31,0,0
ENG-Premier League,2425,Aston Villa,Emiliano Martínez,ARG,GK,32-112,1992,16.5,609,508,99,29,0,1,0,0,0,0,0,0,502,2,0
ENG-Premier League,2425,Aston Villa,Ezri Konsa,ENG,DF,27-061,1997,14.1,715,645,70,42,6,0,5,25,0,0,0,0,656,0,12
ENG-Premier League,2425,Aston Villa,Ian Maatsen,NED,DF,22-288,2002,3.2,205,168,37,6,0,0,17,27,4,2,0,0,166,0,9
ENG-Premier League,2425,Aston Villa,Jacob Ramsey,ENG,"FW,MF",23-209,2001,7.0,262,260,1,0,2,1,5,1,0,0,0,0,223,1,6
ENG-Premier League,2425,Aston Villa,Jaden Philogene Bidace,ENG,"FW,MF",22-319,2002,3.7,86,85,1,0,1,0,4,1,0,0,0,0,63,0,9
ENG-Premier League,2425,Aston Villa,Jhon Durán,COL,FW,21-010,2003,6.3,143,136,6,0,2,0,3,0,0,0,0,0,102,1,3
ENG-Premier League,2425,Aston Villa,John McGinn,SCO,"FW,MF",30-066,1994,11.9,329,312,17,6,6,0,30,3,4,2,1,0,264,0,8
ENG-Premier League,2425,Aston Villa,Kosta Nedeljković,SRB,DF,19-007,2005,1.1,36,28,8,1,0,0,1,7,0,0,0,0,31,0,0
ENG-Premier League,2425,Aston Villa,Lamare Bogarde,NED,DF,20-353,2004,2.4,138,121,17,6,0,0,0,11,0,0,0,0,120,0,1
ENG-Premier League,2425,Aston Villa,Leon Bailey,JAM,"FW,MF",27-136,1997,8.1,241,228,12,0,4,0,24,0,12,7,0,0,168,1,16
ENG-Premier League,2425,Aston Villa,Lucas Digne,FRA,DF,31-156,1993,13.9,684,540,144,26,1,1,87,82,36,25,6,0,518,0,24
ENG-Premier League,2425,Aston Villa,Matty Cash,POL,"DF,FW",27-138,1997,9.2,396,329,67,10,0,0,9,57,0,0,0,0,319,0,7
ENG-Premier League,2425,Aston Villa,Morgan Rogers,ENG,"MF,FW",22-150,2002,15.6,431,397,34,2,11,3,6,4,0,0,0,0,328,0,21
ENG-Premier League,2425,Aston Villa,Ollie Watkins,ENG,FW,28-359,1995,12.6,167,164,2,0,0,0,3,0,0,0,0,0,127,1,5
ENG-Premier League,2425,Aston Villa,Pau Torres,ESP,DF,27-342,1997,16.0,1001,913,85,48,4,8,1,3,0,0,0,0,881,3,3
ENG-Premier League,2425,Aston Villa,Robin Olsen,SWE,GK,34-350,1990,0.5,21,18,3,1,0,0,0,0,0,0,0,0,16,0,0
ENG-Premier League,2425,Aston Villa,Ross Barkley,ENG,MF,31-018,1993,5.0,292,279,12,10,0,2,0,1,0,0,0,0,248,1,7
ENG-Premier League,2425,Aston Villa,Tyrone Mings,ENG,DF,31-285,1993,1.0,40,39,1,1,0,0,0,0,0,0,0,0,36,0,1
ENG-Premier League,2425,Aston Villa,Youri Tielemans,BEL,MF,27-230,1997,16.3,1009,910,95,39,13,4,74,2,52,44,4,1,833,4,16
ENG-Premier League,2425,Bournemouth,Adam Smith,ENG,DF,33-238,1991,11.5,407,327,80,4,0,2,18,76,0,0,0,0,312,0,8
ENG-Premier League,2425,Bournemouth,Alex Scott,ENG,MF,21-124,2003,2.9,132,128,3,2,0,1,0,0,0,0,0,0,116,1,4
ENG-Premier League,2425,Bournemouth,Antoine Semenyo,GHA,FW,24-351,2000,15.4,463,436,21,1,4,4,26,19,1,0,0,0,332,6,18
ENG-Premier League,2425,Bournemouth,Dango Ouattara,BFA,"FW,DF",22-316,2002,7.8,245,223,22,0,1,3,38,20,2,0,0,0,142,0,11
ENG-Premier League,2425,Bournemouth,Daniel Jebbison,ENG,FW,21-132,2003,0.3,5,5,0,0,0,0,1,0,0,0,0,0,3,0,0
ENG-Premier League,2425,Bournemouth,David Brooks,WAL,"FW,MF",27-168,1997,2.0,89,83,6,0,1,0,15,3,3,3,0,0,59,0,5
ENG-Premier League,2425,Bournemouth,Dean Huijsen,ESP,DF,19-253,2005,6.8,394,383,10,7,1,4,4,1,0,0,0,0,325,1,2
ENG-Premier League,2425,Bournemouth,Enes Ünal,TUR,"FW,MF",27-227,1997,2.7,66,64,1,0,1,1,2,0,0,0,0,0,41,1,2
ENG-Premier League,2425,Bournemouth,Evanilson,BRA,FW,25-078,1999,13.1,168,166,1,0,4,2,1,0,0,0,0,0,111,1,7
ENG-Premier League,2425,Bournemouth,Illia Zabarnyi,UKR,DF,22-113,2002,17.0,804,785,18,15,2,2,4,0,0,0,0,0,667,1,4
ENG-Premier League,2425,Bournemouth,James Hill,ENG,MF,22-348,2002,0.1,10,10,0,0,0,0,0,0,0,0,0,0,6,0,1
ENG-Premier League,2425,Bournemouth,Julian Araujo,MEX,DF,23-132,2001,3.9,166,141,25,1,0,0,4,24,0,0,0,0,131,0,2
ENG-Premier League,2425,Bournemouth,Justin Kluivert,NED,"MF,FW",25-232,1999,11.7,298,268,26,2,2,3,30,4,4,2,0,0,211,4,11
ENG-Premier League,2425,Bournemouth,Kepa Arrizabalaga,ESP,GK,30-081,1994,12.0,382,267,114,30,0,0,0,0,0,0,0,0,279,1,1
ENG-Premier League,2425,Bournemouth,Lewis Cook,ENG,"MF,DF",27-324,1997,14.6,713,609,103,37,3,2,70,14,50,42,2,0,532,1,12
ENG-Premier League,2425,Bournemouth,Luis Sinisterra,COL,"FW,MF",25-189,1999,2.3,70,69,0,0,0,1,5,0,0,0,0,0,54,1,3
ENG-Premier League,2425,Bournemouth,Marcos Senesi,ARG,DF,27-227,1997,10.2,578,547,26,20,0,1,7,5,0,0,0,0,440,5,1
ENG-Premier League,2425,Bournemouth,Marcus Tavernier,ENG,"FW,MF",25-276,1999,12.7,504,422,79,21,3,4,71,11,35,27,2,0,362,3,14
ENG-Premier League,2425,Bournemouth,Mark Travers,IRL,GK,25-219,1999,3.0,72,44,28,5,0,0,0,0,0,0,0,0,51,0,0
ENG-Premier League,2425,Bournemouth,Max Aarons,ENG,DF,24-354,2000,0.2,20,19,1,1,0,0,2,0,0,0,0,0,17,0,0
ENG-Premier League,2425,Bournemouth,Milos Kerkez,HUN,DF,21-046,2003,16.2,685,568,113,5,2,0,42,108,0,0,0,0,529,4,15
ENG-Premier League,2425,Bournemouth,Neto,BRA,GK,35-157,1989,2.0,62,42,19,4,0,0,0,0,0,0,0,0,40,1,0
ENG-Premier League,2425,Bournemouth,Philip Billing,DEN,MF,28-195,1996,0.9,54,49,4,0,0,1,5,1,3,1,2,0,38,1,0
ENG-Premier League,2425,Bournemouth,Ryan Christie,SCO,MF,29-305,1995,12.6,533,499,31,10,3,5,20,3,13,7,3,0,436,3,9
ENG-Premier League,2425,Bournemouth,Tyler Adams,USA,MF,25-313,1999,5.1,202,191,10,10,1,0,0,0,0,0,0,0,169,1,3
ENG-Premier League,2425,Brentford,Ben Mee,ENG,DF,35-093,1989,1.1,77,70,7,4,0,1,0,3,0,0,0,0,63,0,1
ENG-Premier League,2425,Brentford,Bryan Mbeumo,CMR,FW,25-138,1999,16.9,592,516,74,19,8,3,90,11,39,29,2,0,407,2,23
ENG-Premier League,2425,Brentford,Christian Nørgaard,DEN,MF,30-288,1994,12.8,610,592,14,8,2,0,5,6,0,0,0,0,508,4,12
ENG-Premier League,2425,Brentford,Edmond-Paris Maghoma,ENG,MF,23-229,2001,0.6,29,28,1,1,0,0,0,0,0,0,0,0,27,0,0
ENG-Premier League,2425,Brentford,Ethan Pinnock,JAM,DF,31-208,1993,16.0,845,744,101,9,0,0,8,39,0,0,0,0,712,0,7
ENG-Premier League,2425,Brentford,Fabio Carvalho,POR,"FW,MF",22-115,2002,4.8,164,149,14,4,2,0,10,1,7,3,0,0,116,1,7
ENG-Premier League,2425,Brentford,Frank Onyeka,NGA,MF,26-357,1998,0.3,7,7,0,0,0,0,0,0,0,0,0,0,6,0,0
ENG-Premier League,2425,Brentford,Jayden Meghoma,ENG,DF,18-178,2006,0.1,3,3,0,0,0,0,0,0,0,0,0,0,3,0,0
ENG-Premier League,2425,Brentford,Keane Lewis-Potter,ENG,"DF,FW",23-305,2001,14.3,454,413,38,4,0,3,35,32,1,0,0,0,360,3,13
ENG-Premier League,2425,Brentford,Kevin Schade,GER,FW,23-026,2001,8.4,170,162,8,0,1,1,16,6,0,0,0,0,101,0,8
ENG-Premier League,2425,Brentford,Kristoffer Ajer,NOR,DF,26-250,1998,8.0,340,303,36,2,0,3,6,34,0,0,0,0,265,1,10
ENG-Premier League,2425,Brentford,Mads Roerslev,DEN,DF,25-182,1999,6.3,304,271,33,1,0,1,19,32,0,0,0,0,242,0,6
ENG-Premier League,2425,Brentford,Mark Flekken,NED,GK,31-193,1993,17.0,813,659,150,62,0,5,0,0,0,0,0,0,613,4,0
ENG-Premier League,2425,Brentford,Mathias Jensen,DEN,MF,28-357,1996,5.3,243,196,46,7,0,2,21,26,10,8,0,0,175,1,3
ENG-Premier League,2425,Brentford,Mikkel Damsgaard,DEN,"MF,FW",24-173,2000,13.2,629,566,57,10,13,2,50,6,22,22,0,0,454,6,12
ENG-Premier League,2425,Brentford,Nathan Collins,IRL,DF,23-237,2001,17.0,979,929,48,35,2,4,4,10,0,0,0,0,833,2,5
ENG-Premier League,2425,Brentford,Ryan Trevitt,ENG,MF,21-286,2003,0.0,7,6,0,0,0,0,0,0,0,0,0,0,4,1,1
ENG-Premier League,2425,Brentford,Sepp van den Berg,NED,DF,23-003,2001,13.0,563,505,58,3,0,0,6,55,0,0,0,0,464,0,4
ENG-Premier League,2425,Brentford,Thiago,BRA,FW,23-180,2001,1.5,39,38,1,0,0,0,1,0,0,0,0,0,28,0,0
ENG-Premier League,2425,Brentford,Vitaly Janelt,GER,MF,26-227,1998,13.6,600,583,14,8,3,6,19,6,0,0,0,0,500,3,6
ENG-Premier League,2425,Brentford,Yehor Yarmoliuk,UKR,MF,20-297,2004,4.4,241,238,3,2,3,2,8,1,0,0,0,0,200,0,5
ENG-Premier League,2425,Brentford,Yoane Wissa,COD,FW,28-111,1996,11.6,261,240,19,2,2,0,12,0,1,0,0,0,202,2,6
ENG-Premier League,2425,Brentford,Yunus Emre Konak,TUR,"MF,FW",18-348,2006,0.2,17,16,1,0,0,0,0,1,0,0,0,0,12,0,1
ENG-Premier League,2425,Brighton,Adam Webster,ENG,DF,29-354,1995,0.9,78,78,0,0,0,0,1,0,0,0,0,0,69,0,2
ENG-Premier League,2425,Brighton,Bart Verbruggen,NED,GK,22-127,2002,15.0,567,503,61,24,0,0,0,0,0,0,0,0,455,3,1
ENG-Premier League,2425,Brighton,Billy Gilmour,SCO,MF,23-195,2001,1.1,67,65,2,1,1,2,1,0,1,1,0,0,58,0,0
ENG-Premier League,2425,Brighton,Brajan Gruda,GER,"MF,FW",20-206,2004,1.7,63,53,10,3,0,0,9,2,4,0,4,0,44,0,0
ENG-Premier League,2425,Brighton,Carlos Baleba,CMR,MF,20-355,2004,11.0,471,468,2,2,3,2,2,0,0,0,0,0,421,1,3
ENG-Premier League,2425,Brighton,Danny Welbeck,ENG,FW,34-027,1990,12.4,257,246,11,1,0,0,2,1,0,0,0,0,214,0,8
ENG-Premier League,2425,Brighton,Evan Ferguson,IRL,FW,20-065,2004,2.5,48,44,3,0,0,0,0,0,0,0,0,0,35,1,1
ENG-Premier League,2425,Brighton,Ferdi Kadioglu,TUR,"DF,MF",25-077,1999,4.3,175,157,17,2,1,0,9,15,0,0,0,0,144,1,1
ENG-Premier League,2425,Brighton,Georginio Rutter,FRA,"FW,MF",22-247,2002,11.0,224,215,8,0,10,0,8,0,0,0,0,0,150,1,12
ENG-Premier League,2425,Brighton,Igor,BRA,DF,26-320,1998,8.3,560,520,38,11,3,3,1,3,0,0,0,0,515,2,4
ENG-Premier League,2425,Brighton,Jack Hinshelwood,ENG,"MF,DF",19-256,2005,9.3,495,430,65,20,0,7,21,30,8,4,1,1,410,0,5
ENG-Premier League,2425,Brighton,Jakub Moder,POL,MF,25-260,1999,0.1,13,13,0,0,0,0,0,0,0,0,0,0,11,0,0
ENG-Premier League,2425,Brighton,James Milner,ENG,MF,38-354,1986,1.9,73,62,11,4,2,0,8,0,6,2,3,0,55,0,1
ENG-Premier League,2425,Brighton,Jan Paul van Hecke,NED,DF,24-198,2000,13.9,1042,975,66,52,3,8,5,4,0,0,0,0,940,1,3
ENG-Premier League,2425,Brighton,Jason Steele,ENG,GK,34-127,1990,2.0,112,104,8,6,0,0,0,0,0,0,0,0,101,0,0
ENG-Premier League,2425,Brighton,Jeremy Sarmiento,ECU,MF,22-190,2002,0.1,6,6,0,0,0,0,0,0,0,0,0,0,6,0,0
ENG-Premier League,2425,Brighton,João Pedro,BRA,"MF,FW",23-088,2001,8.5,282,265,16,4,5,1,12,4,4,0,0,0,208,1,6
ENG-Premier League,2425,Brighton,Joël Veltman,NED,DF,32-343,1992,11.4,520,414,105,18,1,1,13,87,0,0,0,0,412,1,19
ENG-Premier League,2425,Brighton,Julio Enciso,PAR,"MF,FW",20-335,2004,1.8,107,92,15,4,0,0,16,0,11,5,3,0,74,0,3
ENG-Premier League,2425,Brighton,Kaoru Mitoma,JPN,"FW,MF",27-217,1997,16.1,545,537,6,0,5,1,44,6,0,0,0,0,421,2,22
ENG-Premier League,2425,Brighton,Lewis Dunk,ENG,DF,33-032,1991,12.0,1030,950,79,37,1,4,2,7,0,0,0,0,939,1,5
ENG-Premier League,2425,Brighton,Mats Wieffer,NED,MF,25-037,1999,5.2,334,328,6,4,0,1,1,2,0,0,0,0,288,0,9
ENG-Premier League,2425,Brighton,Matt O'Riley,DEN,MF,24-032,2000,2.5,85,68,16,4,1,1,9,0,7,6,1,0,69,1,2
ENG-Premier League,2425,Brighton,Pervis Estupiñán,ECU,DF,26-337,1998,11.8,769,653,116,13,0,4,73,78,25,18,5,0,642,0,15
ENG-Premier League,2425,Brighton,Simon Adingra,CIV,"FW,MF",22-357,2002,3.9,135,130,4,0,1,0,14,4,0,0,0,0,100,1,5
ENG-Premier League,2425,Brighton,Tariq Lamptey,GHA,DF,24-084,2000,2.9,140,121,18,1,0,0,8,17,0,0,0,0,119,1,1
ENG-Premier League,2425,Brighton,Yankuba Minteh,GAM,"FW,MF",20-154,2004,5.9,171,150,20,5,1,2,36,7,8,4,3,0,104,1,14
ENG-Premier League,2425,Brighton,Yasin Ayari,SWE,MF,21-078,2003,9.2,404,367,37,15,7,1,32,1,16,11,3,0,328,0,7
ENG-Premier League,2425,Chelsea,Axel Disasi,FRA,DF,26-287,1998,3.0,208,187,21,10,0,1,0,11,0,0,0,0,189,0,1
ENG-Premier League,2425,Chelsea,Benoît Badiashile,FRA,DF,23-272,2001,2.8,223,214,8,5,0,1,0,0,0,0,0,0,200,1,0
ENG-Premier League,2425,Chelsea,Christopher Nkunku,FRA,FW,27-039,1997,3.6,105,102,3,0,0,1,1,0,2,0,0,0,96,0,0
ENG-Premier League,2425,Chelsea,Cole Palmer,ENG,MF,22-231,2002,16.4,675,559,113,24,11,8,81,10,52,37,5,0,500,3,24
ENG-Premier League,2425,Chelsea,Enzo Fernández,ARG,MF,23-341,2001,12.8,793,729,61,26,8,13,36,2,32,24,0,0,659,3,12
ENG-Premier League,2425,Chelsea,Filip Jørgensen,DEN,GK,22-251,2002,1.0,21,20,1,1,0,0,0,0,0,0,0,0,17,0,0
ENG-Premier League,2425,Chelsea,Jadon Sancho,ENG,FW,24-273,2000,7.4,336,329,7,1,5,0,7,6,0,0,0,0,284,0,11
ENG-Premier League,2425,Chelsea,João Félix,POR,"FW,MF",25-043,1999,3.3,160,156,3,1,2,1,0,2,0,0,0,0,137,1,3
ENG-Premier League,2425,Chelsea,Kiernan Dewsbury-Hall,ENG,MF,26-108,1998,0.7,47,46,1,0,0,0,0,0,1,0,0,0,39,0,0
ENG-Premier League,2425,Chelsea,Levi Colwill,ENG,DF,21-301,2003,16.0,1203,1127,74,36,3,6,6,4,0,0,0,0,1078,2,13
ENG-Premier League,2425,Chelsea,Malo Gusto,FRA,DF,21-218,2003,11.6,724,644,79,23,1,3,31,56,0,0,0,0,630,1,14
ENG-Premier League,2425,Chelsea,Marc Cucurella,ESP,DF,26-154,1998,13.0,766,664,102,14,1,0,15,88,0,0,0,0,683,0,5
ENG-Premier League,2425,Chelsea,Marc Guiu,ESP,FW,18-354,2006,0.3,4,3,1,0,0,0,0,0,0,0,0,0,3,0,0
ENG-Premier League,2425,Chelsea,Moisés Caicedo,ECU,MF,23-051,2001,16.7,1003,977,24,17,6,8,7,7,0,0,0,0,892,2,13
ENG-Premier League,2425,Chelsea,Mykhailo Mudryk,UKR,FW,23-353,2001,1.7,42,40,2,0,1,0,7,0,2,0,0,0,28,0,1
ENG-Premier League,2425,Chelsea,Nicolas Jackson,SEN,FW,23-186,2001,14.0,227,216,9,1,0,0,3,2,0,0,0,0,166,2,8
ENG-Premier League,2425,Chelsea,Noni Madueke,ENG,FW,22-288,2002,11.5,349,336,9,0,1,2,28,9,0,0,0,0,277,4,10
ENG-Premier League,2425,Chelsea,Pedro Neto,POR,FW,24-289,2000,9.0,316,298,17,3,0,1,43,5,9,3,0,0,250,1,8
ENG-Premier League,2425,Chelsea,Reece James,ENG,DF,25-015,1999,2.7,221,185,36,13,3,1,15,15,8,7,0,0,183,0,1
ENG-Premier League,2425,Chelsea,Renato Veiga,POR,"DF,MF",21-147,2003,2.0,139,127,12,5,0,0,0,7,0,0,0,0,118,0,1
ENG-Premier League,2425,Chelsea,Robert Sánchez,ESP,GK,27-035,1997,16.0,640,553,84,39,0,3,0,0,0,0,0,0,471,3,1
ENG-Premier League,2425,Chelsea,Roméo Lavia,BEL,MF,20-352,2004,5.3,265,262,2,2,2,2,0,0,0,0,0,0,244,1,1
ENG-Premier League,2425,Chelsea,Tosin Adarabioyo,ENG,DF,27-090,1997,4.9,388,371,16,10,0,1,0,1,0,0,0,0,356,1,3
ENG-Premier League,2425,Chelsea,Wesley Fofana,FRA,DF,24-006,2000,11.3,703,666,36,21,0,0,1,14,0,0,0,0,630,1,4
ENG-Premier League,2425,Crystal Palace,Adam Wharton,ENG,MF,20-204,2004,6.9,362,340,21,8,2,1,16,0,13,8,1,0,285,1,6
ENG-Premier League,2425,Crystal Palace,Asher Agbinone,ENG,MF,19-086,2005,0.1,3,3,0,0,0,0,1,0,0,0,0,0,2,0,0
ENG-Premier League,2425,Crystal Palace,Caleb Kporha,ENG,DF,18-161,2006,0.1,7,6,1,0,0,0,2,1,0,0,0,0,5,0,0
ENG-Premier League,2425,Crystal Palace,Chadi Riad,MAR,DF,21-189,2003,1.0,82,82,0,0,0,1,0,0,0,0,0,0,70,0,2
ENG-Premier League,2425,Crystal Palace,Cheick Doucouré,MLI,MF,24-350,2000,3.0,118,116,2,2,0,0,1,0,0,0,0,0,106,0,3
ENG-Premier League,2425,Crystal Palace,Chris Richards,USA,DF,24-270,2000,4.9,211,204,6,4,0,1,0,2,0,0,0,0,178,1,5
ENG-Premier League,2425,Crystal Palace,Daichi Kamada,JPN,MF,28-140,1996,7.9,332,316,16,6,2,2,15,2,8,5,0,0,263,0,9
ENG-Premier League,2425,Crystal Palace,Daniel Muñoz,COL,DF,28-211,1996,15.0,654,523,129,17,0,1,28,110,2,0,0,0,490,2,19
ENG-Premier League,2425,Crystal Palace,Dean Henderson,ENG,GK,27-286,1997,17.0,529,366,162,39,0,0,0,0,0,0,0,0,321,1,0
ENG-Premier League,2425,Crystal Palace,Eberechi Eze,ENG,"MF,FW",26-177,1998,12.0,499,408,83,31,4,3,49,2,28,18,4,0,371,8,13
ENG-Premier League,2425,Crystal Palace,Eddie Nketiah,ENG,"MF,FW",25-207,1999,6.4,150,146,4,0,0,0,5,1,0,0,0,0,109,0,10
ENG-Premier League,2425,Crystal Palace,Ismaila Sarr,SEN,"MF,FW",26-302,1998,11.2,270,266,2,0,2,0,24,2,0,0,0,0,184,2,10
ENG-Premier League,2425,Crystal Palace,Jean-Philippe Mateta,FRA,FW,27-178,1997,13.9,205,202,3,0,2,0,14,0,0,0,0,0,134,0,6
ENG-Premier League,2425,Crystal Palace,Jefferson Lerma,COL,MF,30-059,1994,9.2,425,406,17,8,3,1,1,9,0,0,0,0,331,2,7
ENG-Premier League,2425,Crystal Palace,Jeffrey Schlupp,GHA,"MF,DF",32-000,1992,1.1,49,46,3,0,0,0,4,3,0,0,0,0,38,0,0
ENG-Premier League,2425,Crystal Palace,Joachim Andersen,DEN,DF,28-206,1996,1.0,83,81,2,1,0,0,1,0,1,0,0,0,61,0,0
ENG-Premier League,2425,Crystal Palace,Jordan Ayew,GHA,"FW,MF",33-103,1991,0.2,10,8,2,0,0,1,1,0,1,1,0,0,8,0,0
ENG-Premier League,2425,Crystal Palace,Justin Devenny,NIR,MF,21-073,2003,2.5,98,84,12,3,0,0,12,0,6,3,3,0,70,2,1
ENG-Premier League,2425,Crystal Palace,Marc Guéhi,ENG,DF,24-163,2000,17.0,903,851,48,44,3,8,6,2,0,0,0,0,758,4,4
ENG-Premier League,2425,Crystal Palace,Maxence Lacroix,FRA,DF,24-261,2000,14.0,626,608,18,14,1,3,3,2,0,0,0,0,506,0,3
ENG-Premier League,2425,Crystal Palace,Nathaniel Clyne,ENG,"DF,MF",33-262,1991,4.2,151,138,12,0,1,1,5,10,0,0,0,0,111,1,7
ENG-Premier League,2425,Crystal Palace,Odsonne Édouard,FRA,"MF,FW",26-342,1998,1.3,28,28,0,0,0,0,1,0,0,0,0,0,17,0,2
ENG-Premier League,2425,Crystal Palace,Trevoh Chalobah,ENG,DF,25-171,1999,9.8,359,346,13,9,1,2,5,4,0,0,0,0,284,0,6
ENG-Premier League,2425,Crystal Palace,Tyrick Mitchell,ENG,DF,25-113,1999,16.4,700,578,120,4,0,0,58,116,0,0,0,0,509,2,23
ENG-Premier League,2425,Crystal Palace,Will Hughes,ENG,MF,29-250,1995,10.6,451,395,52,15,1,1,35,0,26,15,2,0,350,4,4
ENG-Premier League,2425,Everton,Abdoulaye Doucouré,MLI,MF,31-357,1993,11.9,419,407,10,3,0,1,7,0,0,0,0,0,344,2,14
ENG-Premier League,2425,Everton,Armando Broja,ALB,FW,23-104,2001,0.4,6,6,0,0,0,0,0,0,0,0,0,0,4,0,0
ENG-Premier League,2425,Everton,Ashley Young,ENG,DF,39-167,1985,13.3,642,509,129,8,2,1,34,120,1,1,0,0,469,4,11
ENG-Premier League,2425,Everton,Beto,GNB,FW,26-327,1998,2.3,22,20,2,0,0,1,0,0,0,0,0,0,11,0,0
ENG-Premier League,2425,Everton,Dominic Calvert-Lewin,ENG,FW,27-282,1997,13.7,207,207,0,0,0,1,4,0,0,0,0,0,128,0,10
ENG-Premier League,2425,Everton,Dwight McNeil,ENG,"MF,FW",25-031,1999,12.7,514,422,88,28,8,5,91,4,39,26,5,4,377,4,15
ENG-Premier League,2425,Everton,Harrison Armstrong,ENG,MF,17-339,2007,0.0,5,4,0,0,0,0,1,0,0,0,0,0,2,1,0
ENG-Premier League,2425,Everton,Idrissa Gana Gueye,SEN,MF,35-088,1989,12.9,552,536,15,4,2,2,4,2,0,0,0,0,475,1,13
ENG-Premier League,2425,Everton,Iliman Ndiaye,SEN,FW,24-292,2000,14.0,359,348,11,2,0,1,23,3,5,3,0,0,292,0,9
ENG-Premier League,2425,Everton,Jack Harrison,ENG,FW,28-033,1996,8.9,221,208,8,3,2,0,25,3,1,1,0,0,147,5,10
ENG-Premier League,2425,Everton,Jake O'Brien,IRL,DF,23-222,2001,0.4,21,17,4,0,0,0,0,4,0,0,0,0,18,0,0
ENG-Premier League,2425,Everton,James Garner,ENG,"DF,MF",23-285,2001,2.8,102,78,22,0,0,0,6,22,0,0,0,0,68,2,8
ENG-Premier League,2425,Everton,James Tarkowski,ENG,DF,32-034,1992,15.9,588,562,22,20,0,8,0,0,0,0,0,0,481,4,9
ENG-Premier League,2425,Everton,Jarrad Branthwaite,ENG,DF,22-179,2002,7.1,274,267,6,6,0,0,1,0,0,0,0,0,235,1,2
ENG-Premier League,2425,Everton,Jesper Lindstrøm,DEN,FW,24-298,2000,6.0,194,164,27,7,1,0,38,2,18,8,5,2,126,3,10
ENG-Premier League,2425,Everton,Jordan Pickford,ENG,GK,30-291,1994,16.0,634,424,202,83,0,3,0,0,0,0,0,0,395,8,0
ENG-Premier League,2425,Everton,Mason Holgate,ENG,"FW,DF",28-062,1996,0.1,2,0,2,0,0,0,0,2,0,0,0,0,2,0,0
ENG-Premier League,2425,Everton,Michael Keane,ENG,DF,31-347,1993,9.0,308,303,1,1,0,11,1,0,0,0,0,0,253,4,5
ENG-Premier League,2425,Everton,Nathan Patterson,SCO,DF,23-068,2001,0.2,14,12,2,0,1,0,1,2,0,0,0,0,12,0,0
ENG-Premier League,2425,Everton,Orel Mangala,BEL,MF,26-280,1998,8.5,279,275,3,3,0,0,3,0,0,0,0,0,246,1,5
ENG-Premier League,2425,Everton,Roman Dixon,ENG,DF,19-363,2004,1.0,19,16,3,0,0,0,0,3,0,0,0,0,11,0,0
ENG-Premier League,2425,Everton,Séamus Coleman,IRL,DF,36-073,1988,1.2,49,38,11,0,0,0,2,11,0,0,0,0,36,0,1
ENG-Premier League,2425,Everton,Tim Iroegbunam,ENG,MF,21-176,2003,4.3,99,97,0,0,0,0,0,0,0,0,0,0,70,2,4
ENG-Premier League,2425,Everton,Vitaliy Mykolenko,UKR,DF,25-208,1999,13.3,511,396,112,6,0,0,29,106,0,0,0,0,386,3,12
ENG-Premier League,2425,Fulham,Adama Traoré,ESP,"FW,MF",28-333,1996,9.4,290,290,0,0,2,1,44,0,0,0,0,0,207,0,7
ENG-Premier League,2425,Fulham,Alex Iwobi,NGA,"FW,MF",28-234,1996,16.4,721,697,19,4,10,12,48,12,2,0,1,0,547,5,26
ENG-Premier League,2425,Fulham,Andreas Pereira,BRA,MF,28-357,1996,11.2,537,419,115,30,2,6,95,4,60,27,28,0,368,3,12
ENG-Premier League,2425,Fulham,Antonee Robinson,USA,DF,27-137,1997,17.0,973,826,143,8,0,1,75,135,0,0,0,0,738,4,24
ENG-Premier League,2425,Fulham,Bernd Leno,GER,GK,32-294,1992,17.0,664,549,114,40,0,0,0,0,0,0,0,0,540,1,0
ENG-Premier League,2425,Fulham,Calvin Bassey,NGA,DF,24-358,1999,16.0,960,889,70,24,0,6,1,0,0,0,0,0,859,1,6
ENG-Premier League,2425,Fulham,Carlos Vinícius,BRA,MF,29-273,1995,0.0,1,1,0,0,0,0,0,0,0,0,0,0,0,0,0
ENG-Premier League,2425,Fulham,Emile Smith Rowe,ENG,MF,24-148,2000,12.1,561,542,17,4,2,1,8,1,1,0,0,0,505,2,11
ENG-Premier League,2425,Fulham,Harrison Reed,ENG,MF,29-331,1995,0.7,39,34,5,3,0,0,5,0,1,0,1,0,28,0,3
ENG-Premier League,2425,Fulham,Harry Wilson,WAL,"FW,MF",27-276,1997,4.7,166,143,23,9,1,2,19,2,12,7,3,0,119,0,2
ENG-Premier League,2425,Fulham,Issa Diop,FRA,DF,27-349,1997,9.4,461,442,19,17,0,1,1,0,0,0,0,0,399,0,2
ENG-Premier League,2425,Fulham,Jay Stansfield,ENG,MF,22-029,2002,0.0,0,0,0,0,0,0,0,0,0,0,0,0,0,0,0
ENG-Premier League,2425,Fulham,Joachim Andersen,DEN,DF,28-206,1996,7.7,549,514,33,28,0,14,1,4,0,0,0,0,458,2,2
ENG-Premier League,2425,Fulham,Jorge Cuenca,ESP,DF,25-036,1999,1.0,37,30,7,2,0,0,0,0,0,0,0,0,30,0,0
ENG-Premier League,2425,Fulham,Joshua King,ENG,MF,17-355,2007,0.8,29,29,0,0,0,0,1,0,0,0,0,0,25,0,0
ENG-Premier League,2425,Fulham,Kenny Tete,NED,DF,29-075,1995,14.0,706,585,118,3,1,2,19,115,0,0,0,0,576,3,19
ENG-Premier League,2425,Fulham,Martial Godo,ENG,FW,21-284,2003,0.2,5,5,0,0,0,0,1,0,0,0,0,0,3,0,0
ENG-Premier League,2425,Fulham,Raúl Jiménez,MEX,FW,33-232,1991,11.1,249,247,1,0,3,1,9,1,0,0,0,0,170,1,15
ENG-Premier League,2425,Fulham,Reiss Nelson,ENG,FW,25-013,1999,5.4,268,261,6,0,2,2,23,1,5,3,1,0,232,1,2
ENG-Premier League,2425,Fulham,Rodrigo Muniz,BRA,FW,23-233,2001,5.9,68,63,4,0,0,2,0,0,0,0,0,0,47,1,2
ENG-Premier League,2425,Fulham,Ryan Sessegnon,ENG,MF,24-219,2000,0.1,4,4,0,0,0,0,0,0,0,0,0,0,1,0,0
ENG-Premier League,2425,Fulham,Sander Berge,NOR,MF,26-313,1998,10.6,490,467,23,22,1,2,1,1,0,0,0,0,441,0,4
ENG-Premier League,2425,Fulham,Saša Lukić,SRB,MF,28-132,1996,9.9,474,444,29,15,1,2,16,0,14,4,6,0,420,1,9
ENG-Premier League,2425,Fulham,Timothy Castagne,BEL,DF,29-018,1995,3.0,178,149,29,4,0,0,5,25,0,0,0,0,150,0,0
ENG-Premier League,2425,Fulham,Tom Cairney,SCO,MF,33-338,1991,2.8,252,244,8,3,0,0,6,1,3,0,3,0,233,0,5
ENG-Premier League,2425,Ipswich Town,Ali Al Hamadi,IRQ,FW,22-297,2002,1.3,24,24,0,0,0,0,0,0,0,0,0,0,20,0,1
ENG-Premier League,2425,Ipswich Town,Arijanet Muric,KVX,GK,26-046,1998,16.0,570,432,135,46,0,2,0,0,0,0,0,0,411,3,0
ENG-Premier League,2425,Ipswich Town,Axel Tuanzebe,COD,DF,27-039,1997,8.6,353,286,67,16,0,1,3,51,0,0,0,0,291,0,4
ENG-Premier League,2425,Ipswich Town,Ben Johnson,ENG,"DF,FW",24-334,2000,5.7,220,162,58,6,1,0,10,51,1,1,0,0,160,0,14
ENG-Premier League,2425,Ipswich Town,Cameron Burgess,AUS,DF,29-063,1995,9.0,452,415,33,17,1,0,0,0,0,0,0,0,364,4,2
ENG-Premier League,2425,Ipswich Town,Chiedozie Ogbene,IRL,FW,27-236,1997,2.6,43,43,0,0,0,0,4,0,0,0,0,0,32,0,5
ENG-Premier League,2425,Ipswich Town,Christian Walton,ENG,GK,29-044,1995,1.0,42,32,10,4,0,0,0,0,0,0,0,0,33,0,0
ENG-Premier League,2425,Ipswich Town,Conor Chaplin,ENG,"MF,FW",27-311,1997,6.8,229,207,22,2,9,0,9,1,0,0,0,0,170,0,3
ENG-Premier League,2425,Ipswich Town,Conor Townsend,ENG,MF,31-294,1993,0.0,0,0,0,0,0,0,0,0,0,0,0,0,0,0,0
ENG-Premier League,2425,Ipswich Town,Dara O'Shea,IRL,DF,25-294,1999,13.7,707,694,11,6,0,7,3,4,0,0,0,0,556,2,4
ENG-Premier League,2425,Ipswich Town,George Edmundson,ENG,DF,27-114,1997,0.0,2,2,0,0,0,0,0,0,0,0,0,0,1,0,1
ENG-Premier League,2425,Ipswich Town,George Hirst,ENG,FW,25-312,1999,2.0,42,42,0,0,0,0,1,0,0,0,0,0,22,0,2
ENG-Premier League,2425,Ipswich Town,Harry Clarke,ENG,DF,23-296,2001,4.2,233,208,25,2,1,0,5,23,0,0,0,0,187,0,4
ENG-Premier League,2425,Ipswich Town,Jack Clarke,ENG,FW,24-030,2000,5.6,163,149,13,2,0,2,9,4,5,5,0,0,121,1,9
ENG-Premier League,2425,Ipswich Town,Jack Taylor,IRL,MF,26-183,1998,3.7,197,193,4,1,2,1,4,0,3,3,0,0,164,0,2
ENG-Premier League,2425,Ipswich Town,Jacob Greaves,ENG,DF,24-102,2000,8.0,392,362,28,16,0,0,0,2,0,0,0,0,342,2,1
ENG-Premier League,2425,Ipswich Town,Jens Cajuste,SWE,MF,25-135,1999,6.7,275,248,27,11,1,1,4,16,0,0,0,0,227,0,4
ENG-Premier League,2425,Ipswich Town,Kalvin Phillips,ENG,MF,29-021,1995,6.3,288,262,25,14,1,5,13,1,10,8,1,1,226,1,5
ENG-Premier League,2425,Ipswich Town,Leif Davis,ENG,DF,24-346,2000,17.0,729,539,187,31,3,2,89,100,56,38,10,0,523,3,14
ENG-Premier League,2425,Ipswich Town,Liam Delap,ENG,FW,21-319,2003,13.2,148,144,3,0,6,1,0,1,0,0,0,0,90,1,5
ENG-Premier League,2425,Ipswich Town,Luke Woolfenden,ENG,DF,26-063,1998,4.2,216,208,6,5,0,2,0,1,0,0,0,0,190,2,0
ENG-Premier League,2425,Ipswich Town,Marcus Harness,ENG,MF,28-303,1996,0.5,16,16,0,0,0,0,0,0,0,0,0,0,10,0,1
ENG-Premier League,2425,Ipswich Town,Massimo Luongo,AUS,MF,32-089,1992,1.6,45,43,1,1,0,0,0,0,0,0,0,0,32,1,1
ENG-Premier League,2425,Ipswich Town,Nathan Broadhead,WAL,"FW,MF",26-262,1998,0.6,22,21,1,0,0,0,1,1,0,0,0,0,17,0,1
ENG-Premier League,2425,Ipswich Town,Omari Hutchinson,ENG,"MF,FW",21-054,2003,15.1,439,411,24,0,4,2,36,1,0,0,0,0,332,4,26
ENG-Premier League,2425,Ipswich Town,Sam Morsy,EGY,MF,33-104,1991,15.9,826,799,23,22,1,2,9,0,0,0,0,0,729,4,14
ENG-Premier League,2425,Ipswich Town,Sammie Szmodics,IRL,FW,29-090,1995,9.1,164,156,8,1,0,0,12,0,5,5,0,0,125,0,9
ENG-Premier League,2425,Ipswich Town,Wes Burns,WAL,FW,30-030,1994,8.1,209,201,8,1,0,1,40,7,0,0,0,0,131,0,20
ENG-Premier League,2425,Leicester City,Abdul Fatawu Issahaku,GHA,FW,20-290,2004,6.4,197,186,11,1,2,2,30,9,1,0,0,0,123,0,18
ENG-Premier League,2425,Leicester City,Bilal El Khannouss,MAR,"MF,FW",20-227,2004,6.3,304,265,38,8,3,2,18,6,8,6,2,0,231,1,8
ENG-Premier League,2425,Leicester City,Bobby Reid,JAM,"FW,MF",31-325,1993,3.1,95,90,5,0,0,0,5,4,0,0,0,0,69,0,5
ENG-Premier League,2425,Leicester City,Boubakary Soumaré,FRA,MF,25-300,1999,6.3,349,346,2,1,1,1,1,1,0,0,0,0,304,1,4
ENG-Premier League,2425,Leicester City,Caleb Okoli,ITA,DF,23-163,2001,8.7,457,422,35,15,0,3,1,0,0,0,0,0,394,0,5
ENG-Premier League,2425,Leicester City,Conor Coady,ENG,DF,31-302,1993,5.1,274,269,5,3,1,1,0,0,0,0,0,0,246,0,3
ENG-Premier League,2425,Leicester City,Danny Ward,WAL,GK,31-184,1993,1.5,54,45,9,0,0,0,0,0,0,0,0,0,42,0,0
ENG-Premier League,2425,Leicester City,Facundo Buonanotte,ARG,"MF,FW",20-000,2004,10.2,339,297,41,14,6,3,28,8,15,9,1,0,256,1,5
ENG-Premier League,2425,Leicester City,Hamza Choudhury,ENG,"MF,DF",27-083,1997,1.2,65,63,2,1,0,0,2,1,0,0,0,0,57,0,1
ENG-Premier League,2425,Leicester City,Harry Winks,ENG,MF,28-325,1996,10.1,604,545,57,33,2,2,27,3,16,11,3,0,522,2,6
ENG-Premier League,2425,Leicester City,James Justin,ENG,DF,26-304,1998,15.5,744,605,138,9,0,1,25,129,0,0,0,0,589,1,17
ENG-Premier League,2425,Leicester City,Jamie Vardy,ENG,FW,37-347,1987,14.2,176,148,25,0,1,0,6,0,0,0,0,0,114,3,6
ENG-Premier League,2425,Leicester City,Jannik Vestergaard,DEN,DF,32-142,1992,7.7,479,442,36,14,0,0,0,0,0,0,0,0,433,1,3
ENG-Premier League,2425,Leicester City,Jordan Ayew,GHA,"FW,MF",33-103,1991,8.2,222,212,10,3,2,1,19,3,3,1,2,0,172,0,6
ENG-Premier League,2425,Leicester City,Kasey McAteer,IRL,"FW,MF",23-031,2001,3.7,109,103,4,0,0,0,10,4,0,0,0,0,75,2,7
ENG-Premier League,2425,Leicester City,Luke Thomas,ENG,DF,23-196,2001,1.0,57,45,11,1,0,0,3,9,1,1,0,0,40,1,3
ENG-Premier League,2425,Leicester City,Mads Hermansen,DEN,GK,24-165,2000,15.5,596,453,140,47,0,1,0,0,0,0,0,0,382,3,0
ENG-Premier League,2425,Leicester City,Odsonne Édouard,FRA,FW,26-342,1998,0.3,8,8,0,0,0,0,0,0,0,0,0,0,6,0,1
ENG-Premier League,2425,Leicester City,Oliver Skipp,ENG,MF,24-098,2000,7.6,305,301,3,3,2,0,2,0,0,0,0,0,263,1,8
ENG-Premier League,2425,Leicester City,Patson Daka,ZAM,"FW,MF",26-075,1998,1.2,21,18,3,0,1,0,0,1,0,0,0,0,10,0,4
ENG-Premier League,2425,Leicester City,Ricardo Pereira,POR,DF,31-078,1993,1.6,88,74,14,2,0,0,1,12,0,0,0,0,76,0,1
ENG-Premier League,2425,Leicester City,Stephy Mavididi,ENG,FW,26-206,1998,9.4,335,319,13,2,4,0,30,7,4,2,1,0,249,3,12
ENG-Premier League,2425,Leicester City,Victor Bernth Kristiansen,DEN,DF,22-007,2002,14.5,752,590,156,30,1,1,49,114,12,9,2,0,578,6,12
ENG-Premier League,2425,Leicester City,Wilfred Ndidi,NGA,MF,28-007,1996,13.5,534,522,11,6,4,1,12,5,0,0,0,0,430,1,11
ENG-Premier League,2425,Leicester City,Wout Faes,BEL,DF,26-264,1998,14.0,684,656,27,15,1,3,2,4,0,0,0,0,587,1,5
ENG-Premier League,2425,Liverpool,Alexis Mac Allister,ARG,MF,25-365,1998,11.7,609,585,21,8,2,3,8,4,9,3,2,0,525,3,15
ENG-Premier League,2425,Liverpool,Alisson,BRA,GK,32-082,1992,7.9,276,243,32,9,1,0,0,0,0,0,0,0,231,1,0
ENG-Premier League,2425,Liverpool,Andrew Robertson,SCO,DF,30-287,1994,12.6,882,729,151,25,3,4,62,90,36,27,5,0,742,2,15
ENG-Premier League,2425,Liverpool,Caoimhín Kelleher,IRL,GK,26-030,1998,8.0,296,265,31,16,0,0,0,0,0,0,0,0,221,0,1
ENG-Premier League,2425,Liverpool,Cody Gakpo,NED,FW,25-230,1999,8.4,278,268,8,2,1,4,33,5,1,0,0,0,207,2,6
ENG-Premier League,2425,Liverpool,Conor Bradley,NIR,DF,21-167,2003,2.6,192,163,29,3,0,1,1,26,0,0,0,0,166,0,2
ENG-Premier League,2425,Liverpool,Curtis Jones,ENG,MF,23-328,2001,7.3,407,390,16,1,0,0,3,6,1,0,0,0,385,1,2
ENG-Premier League,2425,Liverpool,Darwin Núñez,URU,FW,25-182,1999,7.2,120,117,2,0,1,5,1,2,0,0,0,0,87,1,9
ENG-Premier League,2425,Liverpool,Diogo Jota,POR,FW,28-019,1996,5.9,137,135,1,0,0,2,6,1,0,0,0,0,95,1,8
ENG-Premier League,2425,Liverpool,Dominik Szoboszlai,HUN,MF,24-059,2000,12.4,649,588,61,13,2,8,22,18,7,6,1,0,551,0,12
ENG-Premier League,2425,Liverpool,Federico Chiesa,ITA,FW,27-059,1997,0.2,8,8,0,0,0,0,0,0,0,0,0,0,7,0,0
ENG-Premier League,2425,Liverpool,Harvey Elliott,ENG,"FW,DF",21-263,2003,0.3,48,38,9,1,0,0,8,3,4,2,1,0,37,1,0
ENG-Premier League,2425,Liverpool,Ibrahima Konaté,FRA,DF,25-212,1999,10.8,742,726,15,15,0,1,0,0,0,0,0,0,678,1,3
ENG-Premier League,2425,Liverpool,Jarell Quansah,ENG,DF,21-329,2003,1.9,125,110,15,5,0,0,2,10,0,0,0,0,106,0,1
ENG-Premier League,2425,Liverpool,Joe Gomez,ENG,DF,27-214,1997,4.4,294,277,17,12,0,3,1,5,0,0,0,0,260,0,2
ENG-Premier League,2425,Liverpool,Kostas Tsimikas,GRE,DF,28-225,1996,2.6,209,173,36,3,1,1,13,23,10,10,0,0,180,0,2
ENG-Premier League,2425,Liverpool,Luis Díaz,COL,FW,27-345,1997,10.7,343,333,9,1,0,0,10,8,0,0,0,0,290,1,9
ENG-Premier League,2425,Liverpool,Mohamed Salah,EGY,FW,32-191,1992,15.6,468,453,12,4,5,2,27,8,0,0,0,0,332,3,20
ENG-Premier League,2425,Liverpool,Ryan Gravenberch,NED,MF,22-221,2002,15.7,951,940,11,10,4,2,2,1,0,0,0,0,853,0,9
ENG-Premier League,2425,Liverpool,Trent Alexander-Arnold,ENG,DF,26-077,1998,12.6,835,678,151,37,5,10,72,85,29,21,4,1,590,6,11
ENG-Premier League,2425,Liverpool,Virgil van Dijk,NED,DF,33-168,1991,16.0,1253,1159,93,26,0,12,0,4,0,0,0,0,1144,1,3
ENG-Premier League,2425,Liverpool,Vitezslav Jaros,CZE,GK,23-153,2001,0.1,8,7,1,0,0,0,0,0,0,0,0,0,6,0,0
ENG-Premier League,2425,Liverpool,Wataru Endo,JPN,MF,31-318,1993,0.3,20,20,0,0,0,0,0,0,0,0,0,0,19,0,0
ENG-Premier League,2425,Manchester City,Bernardo Silva,POR,"MF,FW",30-135,1994,15.3,867,804,62,24,3,4,38,22,9,2,0,0,742,1,21
ENG-Premier League,2425,Manchester City,Ederson,BRA,GK,31-128,1993,13.0,463,407,56,18,0,1,0,0,0,0,0,0,400,0,1
ENG-Premier League,2425,Manchester City,Erling Haaland,NOR,FW,24-155,2000,17.0,182,176,5,0,1,0,1,1,0,0,0,0,122,1,5
ENG-Premier League,2425,Manchester City,Jack Grealish,ENG,"FW,MF",29-104,1995,6.4,339,323,16,3,0,0,20,4,9,4,0,0,293,0,10
ENG-Premier League,2425,Manchester City,Jahmai Simpson-Pusey,ENG,DF,19-049,2005,1.0,107,102,5,3,0,0,0,1,0,0,0,0,99,0,0
ENG-Premier League,2425,Manchester City,James Mcatee,ENG,"FW,MF",22-066,2002,0.0,4,4,0,0,0,0,0,0,0,0,0,0,4,0,0
ENG-Premier League,2425,Manchester City,Jeremy Doku,BEL,"FW,MF",22-210,2002,6.9,324,320,2,0,6,0,28,0,2,0,0,0,254,2,17
ENG-Premier League,2425,Manchester City,John Stones,ENG,"DF,MF",30-209,1994,3.7,256,248,8,6,0,1,0,0,0,0,0,0,231,0,2
ENG-Premier League,2425,Manchester City,Joško Gvardiol,CRO,DF,22-335,2002,15.5,1167,1078,86,19,1,1,11,67,0,0,0,0,1068,3,13
ENG-Premier League,2425,Manchester City,Kevin De Bruyne,BEL,MF,33-178,1991,7.0,526,445,77,13,6,5,59,12,43,11,9,2,404,4,20
ENG-Premier League,2425,Manchester City,Kyle Walker,ENG,DF,34-209,1990,10.2,777,686,91,16,2,7,14,75,0,0,0,0,677,0,8
ENG-Premier League,2425,Manchester City,Manuel Akanji,SUI,DF,29-157,1995,12.2,981,956,24,10,4,6,10,9,0,0,0,0,920,1,3
ENG-Premier League,2425,Manchester City,Mateo Kovačić,CRO,MF,30-231,1994,10.9,864,846,17,16,2,2,0,0,0,0,0,0,808,1,8
ENG-Premier League,2425,Manchester City,Matheus Nunes,POR,"MF,FW",26-118,1998,5.9,335,311,24,2,2,1,19,14,7,5,0,0,284,0,7
ENG-Premier League,2425,Manchester City,Nathan Aké,NED,DF,29-309,1995,3.3,257,243,14,7,0,0,1,7,0,0,0,0,238,0,2
ENG-Premier League,2425,Manchester City,Phil Foden,ENG,"MF,FW",24-209,2000,9.0,460,415,45,12,3,1,41,1,23,18,3,0,389,0,12
ENG-Premier League,2425,Manchester City,Rico Lewis,ENG,"DF,MF",20-032,2004,12.4,675,612,63,13,2,0,2,50,0,0,0,0,616,0,12
ENG-Premier League,2425,Manchester City,Rodri,ESP,MF,28-184,1996,0.7,61,60,1,1,0,0,0,0,0,0,0,0,57,0,0
ENG-Premier League,2425,Manchester City,Rúben Dias,POR,DF,27-223,1997,12.1,1123,1086,35,21,0,3,2,2,0,0,0,0,1056,2,9
ENG-Premier League,2425,Manchester City,Stefan Ortega,GER,GK,32-047,1992,4.0,160,132,27,8,0,0,0,0,0,0,0,0,138,1,1
ENG-Premier League,2425,Manchester City,Sávio,BRA,"FW,MF",20-257,2004,8.1,407,384,23,3,3,4,48,4,15,9,2,0,321,0,13
ENG-Premier League,2425,Manchester City,İlkay Gündoğan,GER,MF,34-060,1990,12.4,857,793,63,17,5,2,43,1,35,23,3,0,760,1,11
ENG-Premier League,2425,Manchester Utd,Alejandro Garnacho,ARG,"FW,MF",20-175,2004,10.9,349,340,8,2,1,8,23,5,1,1,0,0,278,1,16
ENG-Premier League,2425,Manchester Utd,Amad Diallo,CIV,"FW,DF",22-165,2002,10.8,508,459,46,2,2,0,22,26,18,12,1,1,421,3,12
ENG-Premier League,2425,Manchester Utd,André Onana,CMR,GK,28-265,1996,17.0,716,629,85,36,1,2,0,0,0,0,0,0,560,2,0
ENG-Premier League,2425,Manchester Utd,Antony,BRA,"FW,MF",24-303,2000,0.6,18,17,1,0,0,0,1,1,0,0,0,0,13,0,1
ENG-Premier League,2425,Manchester Utd,Bruno Fernandes,POR,"MF,FW",30-106,1994,15.9,941,853,83,29,9,8,69,11,30,13,6,2,715,5,27
ENG-Premier League,2425,Manchester Utd,Casemiro,BRA,MF,32-304,1992,8.3,491,470,14,12,5,4,13,2,0,0,0,0,393,7,12
ENG-Premier League,2425,Manchester Utd,Christian Eriksen,DEN,MF,32-313,1992,5.6,345,298,47,10,3,4,39,3,33,13,9,5,285,0,3
ENG-Premier League,2425,Manchester Utd,Diogo Dalot,POR,DF,25-280,1999,16.6,915,782,130,13,3,6,25,117,0,0,0,0,754,3,18
ENG-Premier League,2425,Manchester Utd,Harry Maguire,ENG,DF,31-293,1993,6.0,376,358,18,8,0,3,2,1,0,0,0,0,326,0,2
ENG-Premier League,2425,Manchester Utd,Jonny Evans,NIR,DF,36-355,1988,3.2,196,177,19,5,0,0,0,3,0,0,0,0,174,0,1
ENG-Premier League,2425,Manchester Utd,Joshua Zirkzee,NED,"FW,MF",23-215,2001,7.3,197,193,3,0,1,1,3,0,0,0,0,0,147,1,7
ENG-Premier League,2425,Manchester Utd,Kobbie Mainoo,ENG,MF,19-248,2005,10.1,482,466,13,6,2,3,3,5,0,0,0,0,422,3,9
ENG-Premier League,2425,Manchester Utd,Leny Yoro,FRA,DF,19-040,2005,1.7,87,85,2,2,0,0,0,0,0,0,0,0,80,0,0
ENG-Premier League,2425,Manchester Utd,Lisandro Martínez,ARG,DF,26-340,1998,13.8,990,940,48,12,4,3,6,15,0,0,0,0,894,2,5
ENG-Premier League,2425,Manchester Utd,Luke Shaw,ENG,DF,29-164,1995,0.8,101,101,0,0,0,1,0,0,0,0,0,0,89,0,1
ENG-Premier League,2425,Manchester Utd,Manuel Ugarte Ribeiro,URU,MF,23-256,2001,7.2,329,322,5,2,2,2,0,1,0,0,0,0,300,2,0
ENG-Premier League,2425,Manchester Utd,Marcus Rashford,ENG,"FW,MF",27-053,1997,10.9,343,334,9,1,6,5,27,4,1,1,0,0,253,0,10
ENG-Premier League,2425,Manchester Utd,Mason Mount,ENG,"MF,FW",25-348,1999,2.7,95,87,8,5,0,0,6,0,3,3,0,0,76,0,3
ENG-Premier League,2425,Manchester Utd,Matthijs de Ligt,NED,DF,25-133,1999,12.7,799,778,19,12,0,2,3,0,0,0,0,0,732,2,5
ENG-Premier League,2425,Manchester Utd,Noussair Mazraoui,MAR,DF,27-039,1997,13.9,886,781,104,14,3,2,8,88,0,0,0,0,764,1,17
ENG-Premier League,2425,Manchester Utd,Rasmus Højlund,DEN,FW,21-323,2003,8.0,129,114,14,0,2,0,3,0,0,0,0,0,103,1,2
ENG-Premier League,2425,Manchester Utd,Scott McTominay,SCO,MF,28-015,1996,0.2,10,8,2,0,0,0,0,1,0,0,0,0,10,0,0
ENG-Premier League,2425,Manchester Utd,Toby Collyer,ENG,MF,20-355,2004,0.5,19,19,0,0,0,0,0,0,0,0,0,0,15,0,2
ENG-Premier League,2425,Manchester Utd,Tyrell Malacia,NED,DF,25-128,1999,1.0,52,47,5,0,0,0,1,5,0,0,0,0,46,0,2
ENG-Premier League,2425,Manchester Utd,Victor Lindelöf,SWE,"DF,MF",30-159,1994,0.7,38,36,2,1,0,0,1,1,0,0,0,0,35,0,0
ENG-Premier League,2425,Newcastle Utd,Alexander Isak,SWE,FW,25-093,1999,13.3,294,256,37,0,4,1,10,5,2,0,0,0,217,1,8
ENG-Premier League,2425,Newcastle Utd,Anthony Gordon,ENG,FW,23-303,2001,14.1,503,432,67,12,5,1,67,20,31,20,6,0,365,4,17
ENG-Premier League,2425,Newcastle Utd,Bruno Guimarães,BRA,MF,27-037,1997,16.4,810,756,51,50,11,4,10,1,0,0,0,0,665,3,18
ENG-Premier League,2425,Newcastle Utd,Callum Wilson,ENG,"FW,MF",32-300,1992,0.7,8,5,2,0,0,0,0,0,0,0,0,0,6,1,1
ENG-Premier League,2425,Newcastle Utd,Dan Burn,ENG,DF,32-228,1992,16.0,893,878,15,11,0,3,1,2,0,0,0,0,809,0,4
ENG-Premier League,2425,Newcastle Utd,Emil Krafth,SWE,DF,30-143,1994,2.7,74,71,3,3,0,0,0,0,0,0,0,0,59,0,1
ENG-Premier League,2425,Newcastle Utd,Fabian Schär,SUI,DF,33-003,1991,14.3,937,896,37,34,3,16,3,3,0,0,0,0,779,4,3
ENG-Premier League,2425,Newcastle Utd,Harvey Barnes,ENG,FW,27-014,1997,8.3,271,268,2,0,1,1,23,2,0,0,0,0,212,1,7
ENG-Premier League,2425,Newcastle Utd,Jacob Murphy,ENG,FW,29-303,1995,8.6,330,307,21,3,2,5,34,10,8,1,0,0,235,2,14
ENG-Premier League,2425,Newcastle Utd,Joe Willock,ENG,"MF,FW",25-125,1999,5.8,176,173,1,0,0,2,8,1,0,0,0,0,141,2,4
ENG-Premier League,2425,Newcastle Utd,Joelinton,BRA,"MF,FW",28-131,1996,14.7,589,566,21,9,4,1,14,12,0,0,0,0,488,2,10
ENG-Premier League,2425,Newcastle Utd,Kieran Trippier,ENG,DF,34-095,1990,3.9,379,307,72,15,2,0,26,39,17,11,3,0,312,0,4
ENG-Premier League,2425,Newcastle Utd,Lewis Hall,ENG,DF,20-106,2004,14.6,1057,881,172,45,1,1,67,99,28,25,0,0,855,4,15
ENG-Premier League,2425,Newcastle Utd,Lewis Miley,ENG,MF,18-236,2006,0.1,15,15,0,0,0,0,0,0,0,0,0,0,15,0,0
ENG-Premier League,2425,Newcastle Utd,Lloyd Kelly,ENG,DF,26-078,1998,3.3,169,149,20,7,0,0,1,13,0,0,0,0,138,0,4
ENG-Premier League,2425,Newcastle Utd,Martin Dúbravka,SVK,GK,35-343,1989,2.0,81,66,15,4,0,0,0,0,0,0,0,0,70,0,0
ENG-Premier League,2425,Newcastle Utd,Miguel Almirón,PAR,FW,30-317,1994,1.6,56,54,1,0,1,0,0,1,0,0,0,0,45,1,2
ENG-Premier League,2425,Newcastle Utd,Nick Pope,ENG,GK,32-248,1992,15.0,441,291,150,38,0,0,0,0,0,0,0,0,314,0,0
ENG-Premier League,2425,Newcastle Utd,Sandro Tonali,ITA,MF,24-229,2000,9.2,434,417,16,7,1,0,18,2,7,5,1,0,353,1,7
ENG-Premier League,2425,Newcastle Utd,Sean Longstaff,ENG,MF,27-054,1997,7.9,308,304,3,1,2,3,5,0,1,0,0,1,261,1,11
ENG-Premier League,2425,Newcastle Utd,Valentino Livramento,ENG,DF,22-041,2002,13.3,690,568,120,8,0,0,23,111,1,0,0,0,574,2,11
ENG-Premier League,2425,Newcastle Utd,William Osula,DEN,"FW,MF",21-141,2003,0.3,3,2,1,0,0,0,0,0,0,0,0,0,2,0,0
ENG-Premier League,2425,Nott'ham Forest,Anthony Elanga,SWE,"FW,MF",22-240,2002,9.8,285,236,48,11,0,0,70,1,36,20,15,0,176,1,9
ENG-Premier League,2425,Nott'ham Forest,Callum Hudson-Odoi,ENG,"FW,MF",24-046,2000,13.7,479,462,15,1,1,2,46,3,4,3,1,0,392,2,12
ENG-Premier League,2425,Nott'ham Forest,Chris Wood,NZL,FW,33-016,1991,14.7,216,214,0,0,0,1,1,0,0,0,0,0,136,2,4
ENG-Premier League,2425,Nott'ham Forest,Danilo,BRA,MF,23-238,2001,0.2,3,3,0,0,0,0,0,0,0,0,0,0,3,0,0
ENG-Premier League,2425,Nott'ham Forest,Elliot Anderson,ENG,"MF,FW",22-047,2002,10.8,501,451,48,13,3,2,44,1,28,12,14,0,398,2,13
ENG-Premier League,2425,Nott'ham Forest,Eric da Silva Moreira,GER,"MF,DF",18-234,2006,0.3,8,6,2,0,0,0,0,2,0,0,0,0,7,0,0
ENG-Premier League,2425,Nott'ham Forest,Harry Toffolo,ENG,DF,29-126,1995,0.4,31,20,11,0,0,0,3,10,1,1,0,0,23,0,2
ENG-Premier League,2425,Nott'ham Forest,Ibrahim Sangaré,CIV,MF,27-021,1997,2.4,113,107,6,6,0,0,0,0,0,0,0,0,86,0,5
ENG-Premier League,2425,Nott'ham Forest,James Ward-Prowse,ENG,MF,30-052,1994,4.2,178,154,23,14,0,1,19,0,8,3,5,0,142,1,1
ENG-Premier League,2425,Nott'ham Forest,Jota Silva,POR,"FW,MF",25-144,1999,5.8,118,117,0,0,1,1,13,0,0,0,0,0,72,1,9
ENG-Premier League,2425,Nott'ham Forest,Matz Sels,BEL,GK,32-301,1992,17.0,448,287,156,43,0,0,0,0,0,0,0,0,228,5,0
ENG-Premier League,2425,Nott'ham Forest,Morato,BRA,DF,23-176,2001,2.9,77,71,4,2,0,0,0,1,0,0,0,0,58,2,4
ENG-Premier League,2425,Nott'ham Forest,Morgan Gibbs-White,ENG,MF,24-331,2000,11.2,472,464,3,3,8,5,10,0,0,0,0,0,369,5,13
ENG-Premier League,2425,Nott'ham Forest,Murillo,BRA,DF,22-172,2002,16.7,672,592,77,43,5,9,4,0,0,0,0,0,539,3,3
ENG-Premier League,2425,Nott'ham Forest,Neco Williams,WAL,DF,23-254,2001,8.2,293,239,53,10,0,0,17,43,0,0,0,0,222,1,11
ENG-Premier League,2425,Nott'ham Forest,Nicolás Domínguez,ARG,"MF,FW",26-178,1998,9.0,426,414,8,5,1,0,1,1,0,0,0,0,365,4,5
ENG-Premier League,2425,Nott'ham Forest,Nikola Milenković,SRB,DF,27-072,1997,16.0,459,434,18,18,0,1,0,0,0,0,0,0,386,7,0
ENG-Premier League,2425,Nott'ham Forest,Ola Aina,NGA,DF,28-076,1996,16.3,717,577,138,8,0,2,30,130,0,0,0,0,537,2,20
ENG-Premier League,2425,Nott'ham Forest,Ramón Sosa,PAR,"FW,MF",25-114,1999,1.7,57,50,6,2,0,0,7,1,3,2,1,0,39,1,2
ENG-Premier League,2425,Nott'ham Forest,Ryan Yates,ENG,MF,27-032,1997,13.5,503,461,39,18,0,0,3,0,1,0,0,0,425,3,10
ENG-Premier League,2425,Nott'ham Forest,Taiwo Awoniyi,NGA,FW,27-133,1997,2.3,44,44,0,0,1,0,1,0,0,0,0,0,28,0,1
ENG-Premier League,2425,Nott'ham Forest,Willy Boly,CIV,DF,33-324,1991,1.0,55,55,0,0,0,0,0,0,0,0,0,0,44,0,0
ENG-Premier League,2425,Nott'ham Forest,Álex Moreno,ESP,DF,31-198,1993,8.8,342,273,66,1,2,1,13,65,0,0,0,0,243,3,9
ENG-Premier League,2425,Southampton,Aaron Ramsdale,ENG,GK,26-223,1998,10.0,453,383,69,25,0,3,0,0,0,0,0,0,327,1,0
ENG-Premier League,2425,Southampton,Adam Armstrong,ENG,"FW,MF",27-317,1997,10.5,209,191,16,0,0,1,11,3,0,0,0,0,168,2,10
ENG-Premier League,2425,Southampton,Adam Lallana,ENG,MF,36-227,1988,3.5,228,223,4,3,1,0,2,0,0,0,0,0,200,1,3
ENG-Premier League,2425,Southampton,Alex McCarthy,ENG,GK,35-020,1989,4.0,117,97,20,3,0,1,0,0,0,0,0,0,90,0,1
ENG-Premier League,2425,Southampton,Ben Brereton,CHI,FW,25-249,1999,5.0,166,163,2,1,1,0,5,1,0,0,0,0,128,1,3
ENG-Premier League,2425,Southampton,Cameron Archer,ENG,FW,23-155,2001,10.0,138,126,12,0,1,0,2,0,0,0,0,0,113,0,4
ENG-Premier League,2425,Southampton,Carlos Alcaraz,ARG,MF,22-023,2002,0.1,13,11,2,0,0,0,1,1,1,0,0,0,13,0,0
ENG-Premier League,2425,Southampton,Charlie Taylor,ENG,DF,31-096,1993,2.5,153,124,28,5,0,0,9,21,2,1,1,0,130,1,3
ENG-Premier League,2425,Southampton,Flynn Downes,ENG,MF,25-338,1999,14.5,734,710,23,23,6,0,2,0,0,0,0,0,669,1,7
ENG-Premier League,2425,Southampton,Jack Stephens,ENG,DF,30-331,1994,8.8,619,585,34,16,0,1,0,10,0,0,0,0,576,0,2
ENG-Premier League,2425,Southampton,James Bree,ENG,DF,27-073,1997,1.6,99,85,13,2,0,0,5,7,3,2,0,0,86,1,0
ENG-Premier League,2425,Southampton,Jan Bednarek,POL,DF,28-255,1996,12.9,1050,983,66,22,0,6,0,0,0,0,0,0,982,1,4
ENG-Premier League,2425,Southampton,Joe Aribo,NGA,MF,28-155,1996,10.7,435,425,9,1,1,0,7,4,0,0,0,0,378,1,11
ENG-Premier League,2425,Southampton,Joe Lumley,ENG,GK,29-312,1995,3.0,151,128,22,7,0,0,0,0,0,0,0,0,106,1,0
ENG-Premier League,2425,Southampton,Kamaldeen Sulemana,GHA,"FW,MF",22-312,2002,0.7,18,18,0,0,0,0,1,0,0,0,0,0,15,0,1
ENG-Premier League,2425,Southampton,Kyle Walker-Peters,ENG,DF,27-254,1997,14.9,892,787,103,26,1,0,25,68,2,0,0,0,806,2,12
ENG-Premier League,2425,Southampton,Lesley Ugochukwu,FRA,MF,20-272,2004,2.7,109,108,1,1,0,0,2,0,0,0,0,0,94,0,5
ENG-Premier League,2425,Southampton,Mateus Fernandes,POR,MF,20-166,2004,13.7,581,528,53,21,8,3,40,5,18,15,2,0,469,0,18
ENG-Premier League,2425,Southampton,Maxwel Cornet,CIV,FW,28-087,1996,0.8,22,20,2,0,0,0,3,0,2,2,0,0,17,0,0
ENG-Premier League,2425,Southampton,Nathan Wood-Gordon,ENG,DF,22-206,2002,3.8,238,231,7,2,0,0,0,0,0,0,0,0,231,0,0
ENG-Premier League,2425,Southampton,Paul Onuachu,NGA,FW,30-209,1994,1.3,33,32,0,0,0,1,0,0,0,0,0,0,20,1,0
ENG-Premier League,2425,Southampton,Ronnie Edwards,ENG,DF,21-270,2003,0.1,5,5,0,0,0,0,0,0,0,0,0,0,5,0,0
ENG-Premier League,2425,Southampton,Ross Stewart,SCO,"FW,MF",28-165,1996,1.5,45,44,1,1,0,0,0,0,0,0,0,0,36,0,1
ENG-Premier League,2425,Southampton,Ryan Fraser,SCO,"FW,DF",30-303,1994,3.4,102,96,5,0,0,0,12,3,2,2,0,0,76,1,2
ENG-Premier League,2425,Southampton,Ryan Manning,IRL,DF,28-192,1996,7.3,326,253,68,20,0,2,34,32,16,13,0,0,258,5,12
ENG-Premier League,2425,Southampton,Samuel Amo-Ameyaw,ENG,"FW,DF",18-158,2006,0.3,9,8,1,0,0,0,2,0,1,0,0,0,8,0,0
ENG-Premier League,2425,Southampton,Samuel Edozie,ENG,"DF,FW",21-330,2003,0.7,33,33,0,0,0,0,4,0,0,0,0,0,25,0,2
ENG-Premier League,2425,Southampton,Taylor Harwood-Bellis,ENG,DF,22-328,2002,14.6,1135,1084,50,43,2,6,6,5,0,0,0,0,1009,1,6
ENG-Premier League,2425,Southampton,Tyler Dibling,ENG,"FW,MF",18-286,2006,10.8,311,288,20,4,7,1,18,1,8,6,0,0,246,3,7
ENG-Premier League,2425,Southampton,William Smallbone,IRL,MF,24-306,2000,2.7,127,99,27,3,0,0,19,3,15,8,4,0,91,1,6
ENG-Premier League,2425,Southampton,Yukinari Sugawara,JPN,DF,24-178,2000,9.7,563,482,80,15,0,5,42,59,6,2,4,0,455,1,16
ENG-Premier League,2425,Tottenham,Alfie Dorrington,ENG,DF,19-247,2005,0.2,16,16,0,0,0,0,0,0,0,0,0,0,15,0,0
ENG-Premier League,2425,Tottenham,Archie Gray,ENG,"DF,MF",18-286,2006,3.7,302,278,23,6,0,0,2,16,0,0,0,0,270,1,5
ENG-Premier League,2425,Tottenham,Ben Davies,WAL,DF,31-243,1993,3.0,177,164,12,3,0,4,0,0,0,0,0,0,160,1,2
ENG-Premier League,2425,Tottenham,Brennan Johnson,WAL,FW,23-214,2001,13.4,359,351,7,0,0,0,29,7,0,0,0,0,251,1,21
ENG-Premier League,2425,Tottenham,Cristian Romero,ARG,DF,26-240,1998,10.8,880,806,72,56,4,1,3,2,0,0,0,0,793,2,5
ENG-Premier League,2425,Tottenham,Dejan Kulusevski,SWE,"MF,FW",24-242,2000,14.7,504,442,61,1,6,0,65,5,51,21,0,0,361,1,27
ENG-Premier League,2425,Tottenham,Destiny Udogie,ITA,DF,22-025,2002,14.5,775,651,123,23,0,0,17,100,0,0,0,0,675,1,24
ENG-Premier League,2425,Tottenham,Djed Spence,ENG,DF,24-136,2000,2.6,171,157,13,2,1,1,2,11,0,0,0,0,159,1,3
ENG-Premier League,2425,Tottenham,Dominic Solanke,ENG,FW,27-100,1997,13.8,215,181,33,0,2,1,4,2,0,0,0,0,156,1,7
ENG-Premier League,2425,Tottenham,Fraser Forster,ENG,GK,36-281,1988,5.0,151,94,56,11,0,0,0,0,0,0,0,0,131,1,0
ENG-Premier League,2425,Tottenham,Guglielmo Vicario,ITA,GK,28-077,1996,12.0,460,413,47,10,0,0,0,0,0,0,0,0,421,0,1
ENG-Premier League,2425,Tottenham,James Maddison,ENG,MF,28-030,1996,12.0,739,654,83,28,8,5,69,3,49,30,6,0,594,2,7
ENG-Premier League,2425,Tottenham,Lucas Bergvall,SWE,MF,18-325,2006,2.3,179,167,11,3,0,1,9,4,4,2,2,0,160,1,1
ENG-Premier League,2425,Tottenham,Micky van de Ven,NED,DF,23-248,2001,8.8,645,611,33,16,0,1,0,3,0,0,0,0,589,1,5
ENG-Premier League,2425,Tottenham,Mikey Moore,ENG,FW,17-134,2007,0.9,22,18,4,0,0,0,4,1,3,1,0,0,15,0,0
ENG-Premier League,2425,Tottenham,Pape Matar Sarr,SEN,MF,22-100,2002,10.1,558,547,9,4,0,3,5,5,0,0,0,0,487,2,9
ENG-Premier League,2425,Tottenham,Pedro Porro,ESP,DF,25-101,1999,16.0,1018,839,175,24,3,9,95,130,21,2,16,0,755,4,36
ENG-Premier League,2425,Tottenham,Radu Drăgușin,ROU,DF,22-324,2002,9.0,549,515,34,28,0,3,0,2,0,0,0,0,473,0,4
ENG-Premier League,2425,Tottenham,Richarlison,BRA,FW,27-227,1997,1.0,34,34,0,0,0,0,4,0,0,0,0,0,23,0,2
ENG-Premier League,2425,Tottenham,Rodrigo Bentancur,URU,MF,27-181,1997,5.9,391,380,11,10,0,0,0,1,0,0,0,0,356,0,6
ENG-Premier League,2425,Tottenham,Son Heung-min,KOR,FW,32-168,1992,11.8,485,460,24,5,2,2,31,5,10,7,0,0,393,1,14
ENG-Premier League,2425,Tottenham,Timo Werner,GER,"FW,MF",28-292,1996,4.5,192,182,8,2,2,1,23,6,0,0,0,0,125,2,12
ENG-Premier League,2425,Tottenham,Will Lankshear,ENG,FW,19-247,2005,0.1,1,1,0,0,0,0,0,0,0,0,0,0,0,0,0
ENG-Premier League,2425,Tottenham,Wilson Odobert,FRA,FW,20-025,2004,1.8,78,74,1,0,0,0,5,1,0,0,0,0,59,3,4
ENG-Premier League,2425,Tottenham,Yves Bissouma,MLI,MF,28-115,1996,9.2,541,510,29,28,2,2,1,1,0,0,0,0,483,2,5
ENG-Premier League,2425,West Ham,Aaron Cresswell,ENG,DF,35-008,1989,0.4,36,29,7,2,0,1,4,4,1,1,0,0,26,0,1
ENG-Premier League,2425,West Ham,Aaron Wan-Bissaka,ENG,DF,27-027,1997,15.0,725,627,97,4,3,1,30,93,0,0,0,0,590,1,16
ENG-Premier League,2425,West Ham,Alphonse Areola,FRA,GK,31-300,1993,7.5,289,204,82,16,0,0,0,0,0,0,0,0,211,3,1
ENG-Premier League,2425,West Ham,Andy Irving,SCO,MF,24-224,2000,0.6,47,47,0,0,1,0,0,0,0,0,0,0,46,0,0
ENG-Premier League,2425,West Ham,Carlos Soler,ESP,MF,27-356,1997,6.7,304,277,27,13,4,3,16,1,11,5,3,0,257,0,3
ENG-Premier League,2425,West Ham,Crysencio Summerville,NED,"FW,MF",23-054,2001,7.1,205,192,13,2,3,0,18,2,8,6,0,0,155,0,10
ENG-Premier League,2425,West Ham,Danny Ings,ENG,FW,32-153,1992,2.0,65,61,3,0,1,0,3,0,0,0,0,0,42,1,3
ENG-Premier League,2425,West Ham,Edson Álvarez,MEX,MF,27-060,1997,8.8,446,432,9,6,3,4,1,3,0,0,0,0,383,5,3
ENG-Premier League,2425,West Ham,Emerson Palmieri,ITA,DF,30-142,1994,13.1,635,495,136,16,1,1,43,99,21,5,13,0,509,4,6
ENG-Premier League,2425,West Ham,Guido Rodríguez,ARG,MF,30-255,1994,9.2,420,411,9,8,1,4,4,1,0,0,0,0,351,0,12
ENG-Premier League,2425,West Ham,James Ward-Prowse,ENG,MF,30-052,1994,0.2,15,12,3,1,0,0,3,0,2,2,0,0,11,0,0
ENG-Premier League,2425,West Ham,Jarrod Bowen,ENG,"FW,MF",28-003,1996,16.7,439,376,60,2,6,2,71,1,44,28,15,0,304,3,20
ENG-Premier League,2425,West Ham,Jean-Clair Todibo,FRA,DF,24-359,1999,7.7,361,350,9,7,0,1,1,2,0,0,0,0,317,2,1
ENG-Premier League,2425,West Ham,Kaelan Casey,ENG,DF,20-056,2004,0.0,0,0,0,0,0,0,0,0,0,0,0,0,0,0,0
ENG-Premier League,2425,West Ham,Konstantinos Mavropanos,GRE,DF,27-012,1997,11.1,608,576,31,19,1,12,2,12,0,0,0,0,515,1,6
ENG-Premier League,2425,West Ham,Lucas Paquetá,BRA,MF,27-118,1997,13.3,687,635,49,18,5,6,18,5,4,1,3,0,524,3,11
ENG-Premier League,2425,West Ham,Luis Guilherme,BRA,MF,18-318,2006,0.1,4,3,1,0,0,0,1,0,1,0,1,0,2,0,0
ENG-Premier League,2425,West Ham,Max Kilman,ENG,DF,27-214,1997,17.0,884,860,22,17,0,10,0,1,0,0,0,0,760,2,4
ENG-Premier League,2425,West Ham,Michail Antonio,JAM,FW,34-270,1990,9.3,188,175,11,0,3,6,25,7,0,0,0,0,114,2,14
ENG-Premier League,2425,West Ham,Mohammed Kudus,GHA,"MF,FW",24-143,2000,11.0,338,333,4,2,2,4,35,1,1,0,0,0,279,1,15
ENG-Premier League,2425,West Ham,Niclas Füllkrug,GER,FW,31-318,1993,1.9,36,34,2,0,0,1,0,0,0,0,0,0,25,0,2
ENG-Premier League,2425,West Ham,Oliver Scarles,ENG,DF,19-011,2005,0.4,17,14,2,0,0,0,1,2,0,0,0,0,8,1,0
ENG-Premier League,2425,West Ham,Tomáš Souček,CZE,MF,29-300,1995,12.9,438,430,7,6,0,5,7,1,0,0,0,0,320,1,11
ENG-Premier League,2425,West Ham,Vladimír Coufal,CZE,DF,32-123,1992,4.9,239,187,52,5,0,0,13,47,0,0,0,0,171,0,6
ENG-Premier League,2425,West Ham,Łukasz Fabiański,POL,GK,39-249,1985,9.5,348,240,107,33,0,0,0,0,0,0,0,0,216,1,0
ENG-Premier League,2425,Wolves,Alfie Pond,ENG,DF,20-297,2004,0.0,1,1,0,0,0,0,0,0,0,0,0,0,1,0,0
ENG-Premier League,2425,Wolves,André,BRA,MF,23-160,2001,9.1,422,411,10,7,1,5,0,1,0,0,0,0,388,1,6
ENG-Premier League,2425,Wolves,Carlos Forbs,POR,"MF,FW",20-279,2004,2.3,71,70,1,0,0,0,8,1,0,0,0,0,45,0,8
ENG-Premier League,2425,Wolves,Chiquinho,POR,MF,24-322,2000,0.1,3,3,0,0,0,0,1,0,0,0,0,0,3,0,0
ENG-Premier League,2425,Wolves,Craig Dawson,ENG,DF,34-231,1990,9.9,514,484,29,19,1,10,0,0,0,0,0,0,446,1,0
ENG-Premier League,2425,Wolves,Daniel Podence,POR,"MF,FW",29-063,1995,0.5,16,15,1,1,0,0,1,0,0,0,0,0,11,0,2
ENG-Premier League,2425,Wolves,Gonçalo Guedes,POR,"FW,MF",28-024,1996,3.8,109,100,8,0,0,2,8,3,0,0,0,0,71,1,4
ENG-Premier League,2425,Wolves,Hwang Hee-chan,KOR,"MF,FW",28-332,1996,3.7,98,90,8,1,0,0,5,5,0,0,0,0,83,0,6
ENG-Premier League,2425,Wolves,Jean-Ricner Bellegarde,FRA,"MF,FW",26-179,1998,8.1,202,194,8,2,1,2,15,2,0,0,0,0,158,0,10
ENG-Premier League,2425,Wolves,José Sá,POR,GK,31-341,1993,10.0,320,239,81,30,0,0,0,0,0,0,0,0,196,0,1
ENG-Premier League,2425,Wolves,João Gomes,BRA,MF,23-315,2001,15.1,662,633,28,14,1,2,11,4,0,0,0,0,555,1,11
ENG-Premier League,2425,Wolves,Jørgen Strand Larsen,NOR,FW,24-321,2000,15.5,221,213,8,0,0,1,4,0,0,0,0,0,134,0,9
ENG-Premier League,2425,Wolves,Mario Lemina,GAB,"MF,DF",31-113,1993,14.8,588,557,26,9,5,4,9,9,0,0,0,0,474,5,7
ENG-Premier League,2425,Wolves,Matheus Cunha,BRA,"MF,FW",25-210,1999,15.8,542,448,90,27,7,8,74,10,35,13,15,2,382,4,20
ENG-Premier League,2425,Wolves,Matt Doherty,IRL,DF,32-342,1992,5.9,322,264,57,6,0,4,11,51,0,0,0,0,251,1,5
ENG-Premier League,2425,Wolves,Nélson Semedo,POR,DF,31-037,1993,13.6,608,529,77,6,0,2,15,71,0,0,0,0,494,2,11
ENG-Premier League,2425,Wolves,Pablo Sarabia,ESP,"MF,FW",32-226,1992,2.0,94,76,15,4,0,0,10,3,6,6,0,0,60,3,5
ENG-Premier League,2425,Wolves,Rayan Aït-Nouri,ALG,DF,23-200,2001,15.2,721,592,125,24,1,4,26,99,2,0,1,0,610,4,18
ENG-Premier League,2425,Wolves,Rodrigo Gomes,POR,"DF,FW",21-169,2003,3.9,120,113,7,0,1,0,9,6,1,0,1,0,78,0,5
ENG-Premier League,2425,Wolves,Sam Johnstone,ENG,GK,31-273,1993,7.0,278,230,47,22,0,0,0,0,0,0,0,0,184,1,2
ENG-Premier League,2425,Wolves,Santiago Bueno,URU,DF,26-044,1998,8.8,408,389,18,11,0,3,0,2,0,0,0,0,347,1,7
ENG-Premier League,2425,Wolves,Tommy Doyle,ENG,MF,23-067,2001,3.8,271,241,26,15,0,6,11,2,8,5,3,0,222,4,3
ENG-Premier League,2425,Wolves,Toti Gomes,POR,DF,25-342,1999,13.0,729,674,54,13,0,1,5,27,0,0,0,0,609,1,9
ENG-Premier League,2425,Wolves,Yerson Mosquera,COL,DF,23-235,2001,4.9,240,230,9,4,0,1,2,0,0,0,0,0,205,1,3
